timestamp_ns,accel_x,accel_y,accel_z,gyro_x,gyro_y,gyro_z
1778454618732291337,0.29247216985823055,-0.07130733065809702,9.314664127043738,-0.0013219505545378832,-0.00035247469659417663,-0.00036679185061443175
1778454618753445619,0.31426830882258294,-0.07967588279421356,9.324621614445405,-0.0011174197828198,-0.00014794392487608998,-0.0005713226223325175
1778454618772453012,0.29973622109914855,-0.06652187951870525,9.32075323631122,-0.000640181315477599,-0.0006251823922182945,-0.00016226107889634597
1778454618793039349,0.30210972263760594,-0.07727613703825187,9.314834553406262,-0.002549135184846396,0.0028518407269891577,0.0005195081601639387
1778454618813403983,0.3057054333797522,-0.08564039236569759,9.311323785708252,-0.002276427489222285,0.0013519484010565339,-0.002071214948265144
1778454618834563136,0.3043984407095335,-0.06648574320962553,9.311234634531887,-0.0009128890111017134,0.0010110637815263918,0.0022239312578146513
1778454618854657529,0.28663527144053624,-0.06656669516175945,9.327743825634752,-0.0017991890218800842,0.0014883022488685893,0.0022239312578146513
1778454618875303125,0.30821905576834574,-0.07130582596828233,9.324497998096367,-0.003094550576094625,-0.0020568977942448906,-0.0005031456984264889
1778454618895530185,0.31199138297948037,-0.07372448090951506,9.335354340224017,-0.0029581967282825694,-0.0020568977942448906,-0.0022757457199832297
1778454618916049004,0.31054028421752733,-0.05693375011611301,9.32448213415536,-0.0020718967175041986,-0.0027386670333051748,0.0006558620079759958
1778454618936547582,0.311868950472582,-0.07370061125648975,9.326960655287307,-0.002344604413128313,-0.005602097837358374,0.0021557543339086227
1778454618957149994,0.29147904819791515,-0.06776196231528142,9.330220615206748,-0.002344604413128313,-0.001102420859560492,4.2269692821739376e-05
1778454618977489053,0.3142483481254519,-0.07608397091937397,9.324608375834467,-0.0031627275000006526,0.002579133031365047,-0.0013212687852988303
1778454618997956520,0.31167826942087506,-0.06768340191120081,9.316146710302831,-0.003094550576094625,0.00012476377074802092,0.0011331004753181951
1778454619018661450,0.30341938363193666,-0.07490318459831191,9.323237957853719,0.0009960648582670838,0.0006020022380902185,-0.0013212687852988303
1778454619039037084,0.31057183915837416,-0.06889996979804713,9.322128067162279,-0.002003719793598171,0.001692833020586676,-0.0012530918613928017
1778454619059459144,0.2973400905394481,-0.07370331172033107,9.318344427334148,-0.0004356505437595141,0.000465648390278163,0.00017862354063379613
1778454619080095778,0.3058071477382218,-0.07250414832894109,9.323266222615834,-0.0011855967067258277,0.0013519484010565339,0.00017862354063379613
1778454619100644485,0.30204147409279747,-0.07128279734598825,9.3124142933585,-0.003571789043436826,0.00032929454246610756,0.00017862354063379613
1778454619121539656,0.30325950006977875,-0.07128399312001488,9.313631936457972,0.0016096571734213402,-0.0012387747073725475,0.00011044661672776797
1778454619141677901,0.29862656304634727,-0.05458174366620194,9.33148244298964,-0.0013901274784439144,-0.0014433054790906341,0.0016785158665664232
1778454619162153627,0.2987081187225764,-0.06296969127502527,9.33391152877803,-0.0010492428589137705,0.00026111761856007637,0.0014739850948483377
1778454619182648817,0.3130919171275688,-0.08087881087933113,9.325806579912449,-0.0017310120979740565,0.003601786889955473,0.00017862354063379613
1778454619203388525,0.3021289258834392,-0.07129984709814918,9.318409782599007,-0.0017310120979740565,0.0005338253141841942,0.0036556466598412496
1778454619223819603,0.2987155297395846,-0.07373519704824738,9.330353951066535,-0.0013901274784439144,0.0030563714987072443,0.0009285697036001098
1778454619244285422,0.29883377901977537,-0.07615026466740027,9.337557363895767,-0.002344604413128313,-0.0008297131639363811,-9.408415499031781e-05
1778454619264848185,0.3057196959475801,-0.07248709857678015,9.317270733375327,-9.476592422937198e-05,-0.0017841900986207762,0.0021557543339086227
1778454619285441208,0.30458322564682794,-0.08087385041157685,9.318482176064244,-0.0005038274676655435,-0.00348861319627149,-0.0013212687852988303
1778454619305971397,0.3103868562359704,-0.07962796611651513,9.305380413121668,-0.0011855967067258277,0.00026111761856007637,0.0021557543339086227
1778454619326488605,0.30816829758166553,-0.0653158962264509,9.323276835896703,-0.0019355428696921397,0.0012837714771505027,-0.0007758533940506024
1778454619346992627,0.3154555373100152,-0.07727906070124829,9.32463133395615,-0.0021400736414102263,-0.00014794392487608998,-0.00029861492670840315
1778454619368247558,0.29884537326349114,-0.0845245724744948,9.335190058291749,-0.0033672582717187392,0.0018973637923047626,-0.001184914937486774
1778454619388560191,0.29990618400242663,-0.05937897517421237,9.335115933266563,-0.0032990813478127115,0.00012476377074802092,0.0008603927796940812
1778454619409040844,0.3130394460531837,-0.08086858102803457,9.322209286368143,-0.003026373652188597,-0.00014794392487608998,0.003042054344686993
1778454619429600255,0.29630609204846337,-0.07852202133331354,9.327936316348838,-0.0015264813262559698,-0.00035247469659417663,0.0018830466382845088
1778454619450052222,0.30325113361636347,-0.07606638905226987,9.311251392243014,-0.0005720043915715713,0.0024427791835529913,0.00017862354063379613
1778454619470505949,0.3117632508725141,-0.0641119497389544,9.323328058780502,-0.0056170967606176785,-0.0005570054683122633,0.0012012773992242237
1778454619490920879,0.30446003568863167,-0.07128177894360932,9.313650481709342,-0.0015946582501619976,-0.004034028587519719,0.0029057004968749364
1778454619511388327,0.2998202471143805,-0.07849832905193593,9.321996462862442,0.0012005956299851704,-0.0024659593376810604,-0.001184914937486774
1778454619531852739,0.30452828423344014,-0.07727511863587294,9.316070741757105,-0.0032309044239066838,-0.0009660670117484366,-0.0007076764701445738
1778454619552305391,0.31169081910099794,-0.060509808012818245,9.319717526625261,-0.002276427489222285,-0.0020568977942448906,0.0008603927796940812
1778454619572859080,0.30705692664115936,-0.05935546026448252,9.331629911230483,0.00045064946701885676,0.0003974714663721318,0.0011331004753181951
1778454619593270177,0.3081424407701219,-0.07009488220827376,9.319697193833647,-0.0033672582717187392,-0.0032840824245534035,0.0012694543231302523
1778454619613714625,0.3011215416552959,-0.08090777254425102,9.328019323094944,-0.0032309044239066838,0.0003974714663721318,-0.0009803841657686882
1778454619634203389,0.3033402982947101,-0.07010373891389593,9.319623012828165,-0.0007765351632896562,-0.0021932516420569495,-0.0006394995462385453
1778454619654680634,0.3033977100471007,-0.07729097261400725,9.32084858789814,0.0003142956192067996,-0.0029431978050232614,0.0014058081709423095
1778454619675130953,0.30098504456567887,-0.06892109315972378,9.323178802999415,-0.004117204434685055,0.0021018945640228492,0.0031102312685930217
1778454619695641197,0.2988096350959367,-0.07494955075868825,9.336353853177355,0.002018718716857512,-0.0020568977942448906,-0.0019348611004530868
1778454619716610072,0.2927103813063171,-0.07015776600586776,9.331447084046847,-0.002344604413128313,-0.0006933593161243187,-0.0005713226223325175
1778454619736882039,0.2878757284536513,-0.07374830473503297,9.327788848107996,-0.0020718967175041986,0.0018291868683987314,-0.00023043800280237456
1778454619757373876,0.3008734488511985,-0.06770332949885077,9.315979803040495,-0.0005038274676655435,0.00012476377074802092,4.2269692821739376e-05
1778454619777828862,0.29494567286745255,-0.07490504403142201,9.318311749701719,-9.476592422937198e-05,-0.0006251823922182945,-0.000844030317956631
1778454619798188996,0.3022988887867173,-0.0641569427536563,9.332772479554352,-0.003435435195624767,-0.0019205439464328351,0.0017466927904724518
1778454619818716074,0.29994192216998117,-0.06895399689001902,9.33395213838096,0.0001779417713947424,-0.0006251823922182945,0.00011044661672776797
1778454619839239097,0.2985381558192983,-0.07011259561951816,9.319548831822683,-0.0013901274784439144,0.0015564791727746205,-0.00043496877452046034
1778454619859604582,0.30220554088166296,-0.07251079085815776,9.323210586861723,-0.001458304402349942,0.003601786889955473,0.003246585116405079
1778454619880101716,0.30211067807401304,-0.06172823533277472,9.320772675332712,-0.0002992966959474569,-0.0012387747073725475,0.0022921081817206795
1778454619900771739,0.3022971758990124,-0.07013664264419117,9.33039634820971,-0.0045262659781212244,-0.0008297131639363811,0.0012694543231302523
1778454619921040076,0.31542892304717374,-0.07248984486812887,9.3246136824749,-0.0021400736414102263,0.0014883022488685893,-0.0009803841657686882
1778454619941543654,0.29741423519866916,-0.07132575355593229,9.324331090834033,-0.0013219505545378832,0.0017610099444927071,-0.0013212687852988303
1778454619962352695,0.30216067880939546,-0.05814996325966393,9.325555828114183,0.00010976484748871293,0.000465648390278163,0.0017466927904724518
1778454619982657736,0.30193748738043447,-0.05571443593791797,9.311157828196336,-0.0011174197828198,-7.976700097006573e-05,0.0037920005076533068
1778454620003130518,0.30936122419840106,-0.07966427979724261,9.317352846351314,0.0005188263909248845,-0.001102420859560492,0.0016103389426603948
1778454620023755004,0.3166651968335812,-0.08206265240752997,9.323468432840668,-0.0010492428589137705,-0.0019205439464328351,0.0016785158665664232
1778454620044023656,0.3093363228232645,-0.06889536407358832,9.319711326214705,0.000927887934361056,-1.1590077064034532e-05,0.0005876850840699673
1778454620064747531,0.2888471765291307,-0.0796814610935439,9.309842989989404,-0.0017310120979740565,-0.0014433054790906341,0.0039965312793713926
1778454620085204924,0.30577463736096777,-0.07608583035248412,9.319682167682465,-0.001458304402349942,-0.0015114824029966618,0.0005876850840699673
1778454620105445446,0.30082591845481876,-0.07487010349636897,9.31001079102186,-0.0013219505545378832,-0.0019205439464328351,0.0003831543123518819
1778454620125995598,0.29741993332797234,-0.08807095921968927,9.318397381777896,-0.002003719793598171,0.0006020022380902185,0.00011044661672776797
1778454620146700177,0.31547227021684576,-0.0677142688367382,9.329392422386059,-0.002276427489222285,-1.1590077064034532e-05,-0.00023043800280237456
1778454620166957977,0.31436317163023286,-0.0904584383195966,9.327059525974418,-0.0027536659565644828,-0.0009660670117484366,0.0014058081709423095
1778454620187491463,0.30715748757811245,-0.08688322145362254,9.32813411370336,-0.0007765351632896562,-0.00028429777268815237,0.0016785158665664232
1778454620207952226,0.30095006384942224,-0.0689142732588594,9.320780607303213,-0.001867365945786112,-0.001579659326902693,0.0029738774207809645
1778454620228476452,0.31188891116971307,-0.07729252313132934,9.326973893898243,-0.0028218428804705105,-0.0015114824029966618,0.0015421620187543662
1778454620248845419,0.28788732269736705,-0.08212261254212755,9.32542154250398,-0.000640181315477599,0.00012476377074802092,0.002019400486096566
1778454620269672516,0.3046607960814588,-0.06653689246610833,9.329221102253413,-0.0029581967282825694,0.0028518407269891577,-0.00029861492670840315
1778454620290524372,0.3046741032128796,-0.06893150038266804,9.329229927994037,-0.0024127813370343407,0.00019294069465405211,0.0008603927796940812
1778454620310832358,0.29834994510659407,-0.06768388819863652,9.307549027601041,-0.002003719793598171,0.0015564791727746205,0.0008603927796940812
1778454620331515380,0.30582957877435557,-0.07968456212818803,9.322093601989607,-0.0011174197828198,-0.00021612084878212118,0.001337631247036281
1778454620351799329,0.29262197407926815,-0.08568861795918398,9.319513472879889,-0.0024127813370343407,0.0008065330098083051,0.0012012773992242237
1778454620372251185,0.3020914748281798,-0.0677045252728774,9.317197446139968,-0.0036399659673428536,0.001079240705432423,-0.0011167380135807454
1778454620392947411,0.30353687546082975,-0.06775005040252247,9.33400336126476,-0.0032990813478127115,0.0011474176293384472,0.0034511158881231642
1778454620413161415,0.3033528479748331,-0.06293014501551342,9.323193829150597,-0.002276427489222285,0.00032929454246610756,-0.0020030380243591154
1778454620433735141,0.2996037092511299,-0.0772601056884698,9.30760287581491,-0.0037081428912488813,0.0013519484010565339,0.0005195081601639387
1778454620454153090,0.3177033785512735,-0.07485274482841997,9.315066815933456,-0.0007083582393836284,0.0009428868576203606,0.000792215855788053
1778454620474688594,0.30574631021042153,-0.07727631440989957,9.317288384856576,-0.002549135184846396,-0.0012387747073725475,0.000792215855788053
1778454620495109080,0.3023521173124001,-0.07373537441989508,9.33280778251685,-0.0017991890218800842,0.0006020022380902185,-0.00023043800280237456
1778454620516005973,0.31295542003795174,-0.06889213149480389,9.32096605981692,-0.0013901274784439144,0.003329079194331362,-0.0005031456984264889
1778454620536186273,0.30341273006622627,-0.07370588064003208,9.323233544983406,-0.0015946582501619976,-0.0022614285659629772,0.00017862354063379613
1778454620556650962,0.30332699116328943,-0.06770913099733622,9.31961418708754,-0.0019355428696921397,0.00298819457480122,0.0021557543339086227
1778454620577417152,0.2986046914764019,-0.08208563520231665,9.319592960525805,-0.003503612119530798,0.00012476377074802092,0.003042054344686993
1778454620597612563,0.30953194455297695,-0.082089577267692,9.328153552724851,0.0014051264017032553,-0.0017160131747147485,-0.00016226107889634597
1778454620618059549,0.3045915921002432,-0.07609145447932186,9.320862720279198,-0.0011174197828198,0.001420125324962565,0.0017466927904724518
1778454620638945312,0.3035484697045454,-0.07612435820961705,9.331636055660741,-0.0011855967067258277,-0.0006251823922182945,0.0012694543231302523
1778454620659234279,0.2962444970693653,-0.07372598559932975,9.325520469171387,-0.0011855967067258277,0.0022382484118349047,0.003314762040311107
1778454620679764968,0.2986014636861014,-0.06892893146296702,9.324340810344777,-0.0007765351632896562,-0.0007615362400303499,0.0018148697143784802
1778454620700129713,0.3070801151285909,-0.07610407587867168,9.326895300022448,-0.0028218428804705105,0.0012155945532444784,-0.0012530918613928017
1778454620720779773,0.2999219614728501,-0.06536208501517943,9.333938899770024,-0.0017310120979740565,0.0018973637923047626,0.003314762040311107
1778454620741140518,0.3046972917003111,-0.08568011599685721,9.324495316786,-0.003503612119530798,-0.004374913207049861,0.0024284620295327367
1778454620761838263,0.2949665890009907,-0.06294905420078445,9.324263110239105,-0.001458304402349942,0.0015564791727746205,0.0003149773884458533
1778454620782201822,0.3080175379242207,-0.06648251063084104,9.312489368134104,0.0001779417713947424,0.002579133031365047,0.0017466927904724518
1778454620802651623,0.30457657208111755,-0.07967654645329703,9.318477763193933,-0.000640181315477599,0.00019294069465405211,-0.000844030317956631
1778454620823287904,0.2972967433697762,-0.07847888775172174,9.313565687422992,-0.002344604413128313,0.0006701791619962497,4.2269692821739376e-05
1778454620843620223,0.30216314914839815,-0.06173846518407128,9.324369968877017,-0.0017310120979740565,-0.0021932516420569495,0.0005876850840699673
1778454620864095320,0.30210306907189555,-0.07607883307997199,9.31483014053595,-0.001458304402349942,0.00032929454246610756,4.2269692821739376e-05
1778454620884889676,0.3083555528579627,-0.08329250535280963,9.329338518191896,-0.002276427489222285,0.0007383560859022739,-0.0017985072526410305
1778454620905266291,0.30341520040522896,-0.07729438256443943,9.322047685746242,0.0005188263909248845,-0.002329605489869005,-2.5907231084289217e-05
1778454620926128999,0.30464159283562553,-0.07251318240621102,9.325645873060669,-0.002003719793598171,0.0006020022380902185,0.0005195081601639387
1778454620946260596,0.3094521017644527,-0.0677219297683338,9.328100598281104,-2.658900032334252e-05,-0.001102420859560492,0.0016785158665664232
1778454620967035248,0.3118598265678689,-0.06891480537380257,9.328142101654159,-0.00036747361985348635,-0.0010342439356544608,0.0019512235621905374
1778454620987282937,0.30315627080871355,-0.06528383352688683,9.308813480714003,0.0006551802387369417,-0.001852367022526804,0.0014058081709423095
1778454621008356145,0.31062678057176196,-0.0724987015737511,9.324539501469419,-0.001458304402349942,-0.0029431978050232614,0.0029738774207809645
1778454621028516371,0.29362366017810826,-0.0593354868493251,9.315837641440087,-0.0012537736306318555,-0.0022614285659629772,0.001064923551412167
1778454621048901505,0.29483579004067706,-0.06770758048001418,9.313488881087439,-0.0008447120871956856,0.001079240705432423,-0.0006394995462385453
1778454621069874065,0.3047573717768137,-0.0713397481009565,9.334035145127068,-0.0024809582609403684,-0.0011705977834665197,0.0029057004968749364
1778454621090414143,0.3032994214640409,-0.07846781686969395,9.313658413679844,-0.002276427489222285,-0.00014794392487608998,0.003042054344686993
1778454621110911628,0.299719488192318,-0.07608667138321529,9.31599214788131,0.000587003314830914,0.0006701791619962497,0.0031784081924990503
1778454621131623133,0.30093827162059705,-0.0856560689721842,9.313647800398975,-0.0011174197828198,0.00032929454246610756,-0.0005713226223325175
1778454621152010322,0.3054548702366521,-0.06884744739588994,9.30047012489097,-0.001867365945786112,0.0015564791727746205,0.000792215855788053
1778454621172722548,0.2912492032032439,-0.06412913103525564,9.315818202418594,-0.002003719793598171,0.0012155945532444784,0.0005876850840699673
1778454621192894126,0.3096078020999029,-0.07373231921275841,9.336516347569377,-0.0009128890111017134,-0.0009660670117484366,-0.0011167380135807454
1778454621213358797,0.2983391083141761,-0.06887778220648416,9.306354342623253,-0.0027536659565644828,-0.000488828544406239,0.0012012773992242237
1778454621233789931,0.2937234636637637,-0.0772950462235229,9.31590383449477,-0.0017991890218800842,-0.00348861319627149,0.0026329928012508224
1778454621254159638,0.2997512411182742,-0.06293678754473003,9.323138193396485,-0.0027536659565644828,-0.0006251823922182945,0.0017466927904724518
1778454621274688217,0.3057638005685498,-0.07727972436033176,9.318487482704677,-0.0021400736414102263,-0.0013751285551846064,0.0011331004753181951
1778454621295383165,0.29632433985788953,-0.08809363309868795,9.325573423615134,0.001132418706079141,-0.0004206516205002078,0.0026329928012508224
1778454621315776262,0.3021831098455292,-0.06533037705891082,9.324383207487953,-0.000640181315477599,-0.0017841900986207762,-0.0011167380135807454
1778454621336424710,0.31520497416691506,-0.06048611573144069,9.313777673138866,-0.002003719793598171,-0.0012387747073725475,0.0009285697036001098
1778454621356772214,0.2987088761738742,-0.07253789308996755,9.330349538196222,-0.003435435195624767,0.00019294069465405211,-0.001389445709204859
1778454621377282552,0.3118697079238797,-0.08326881307143202,9.323398664705499,-0.0024127813370343407,-0.000488828544406239,0.002360285105626708
1778454621397673482,0.3033977100471007,-0.07729097261400725,9.32084858789814,-0.0005038274676655435,-0.0016478362508087208,-0.0014576226331108875
1778454621418102634,0.2971843902039979,-0.06769292227590651,9.309928678045875,0.0005188263909248845,-0.0013751285551846064,-0.0005713226223325175
1778454621438619323,0.2961237774501717,-0.06772241605576956,9.319502915579315,0.00045064946701885676,-0.0011705977834665197,0.0015421620187543662
1778454621459043790,0.30948612704430223,-0.08327665137467533,9.32456067205086,-0.003435435195624767,-0.0009660670117484366,-0.002071214948265144
1778454621479560054,0.29367935904279385,-0.0725024204399713,9.314687085165419,-0.0009810659350077428,-0.0021932516420569495,0.0009967466275061384
1778454621500033650,0.28762743766444454,-0.08565996521005209,9.30624921554529,-0.0011174197828198,-0.0008297131639363811,0.0020875774100025946
1778454621520542414,0.3068702308310507,-0.07606315647348544,9.31250612584523,-0.0008447120871956856,-0.0004206516205002078,-2.5907231084289217e-05
1778454621540866862,0.3010732538076185,-0.07850634472682694,9.325612301658118,-0.0009128890111017134,0.0016246560966806448,-0.0009122072418626596
1778454621561315181,0.31041271304751406,-0.07484898013469238,9.308960055184723,-0.00036747361985348635,0.001079240705432423,0.0003831543123518819
1778454621581787389,0.3009126127941628,-0.06531895143358762,9.319568270844174,-0.0007083582393836284,0.0014883022488685893,-0.0007758533940506024
1778454621602226948,0.2913366549938856,-0.06414618078741657,9.3218136916591,-0.0013901274784439144,-0.001102420859560492,-0.00016226107889634597
1778454621622749767,0.3031804147325522,-0.0664845474355989,9.310016991432416,-0.0013901274784439144,-0.0021250747181509183,0.0003149773884458533
1778454621643166438,0.2949681039035863,-0.08208545783066895,9.31713912907549,-0.0027536659565644828,0.0031245484226132755,0.0009967466275061384
1778454621664105683,0.292603726269842,-0.07611700619380957,9.321876365613594,-0.0012537736306318555,0.0006020022380902185,0.000792215855788053
1778454621684563187,0.29709446807435336,-0.06408737059933817,9.305119048042533,-0.0020718967175041986,0.00019294069465405211,0.002701169725156851
1778454621705157913,0.30458171074423235,-0.06173744678169235,9.32560615722786,-0.0026173121087524273,-0.0027386670333051748,-0.00023043800280237456
1778454621725406806,0.3164961893667102,-0.0736576550465457,9.315043857811773,0.0003824725431128273,0.0012837714771505027,-0.0006394995462385453
1778454621745858496,0.3191330017135,-0.06891516011709797,9.333049764554788,0.0003824725431128273,-0.0013069516312785787,0.0009285697036001098
1778454621766344296,0.3118622969068716,-0.07250330729820992,9.326956242416994,0.00010976484748871293,0.0014883022488685893,0.0017466927904724518
1778454621786836411,0.293804261888695,-0.07611479201740401,9.321894910864964,-0.0032309044239066838,-1.1590077064034532e-05,0.0022921081817206795
1778454621807301489,0.3010074756018126,-0.07610150695897067,9.322006182373187,-0.0001629428481353997,-0.0011705977834665197,-0.0018666841765470582
1778454621827798012,0.3107716441147942,-0.0797029850260233,9.331760565779902,-0.0048671505976513665,0.002033717640116818,0.0026329928012508224
1778454621848152886,0.30216904526281063,-0.05336756732740888,9.327936372329136,-0.0002992966959474569,5.6586846841989724e-05,-0.001389445709204859
1778454621868585705,0.30574973598583133,-0.06531691462882983,9.32204064754586,-0.0013219505545378832,-0.0012387747073725475,0.001064923551412167
1778454621889128283,0.31168073975987776,-0.07127190383560816,9.314960851065667,-0.0013219505545378832,-0.0023977824137750327,-0.003093868806855572
1778454621909577713,0.301141502352427,-0.08449968441909056,9.32803256170588,0.0007915340865489989,-0.0023977824137750327,-0.0005713226223325175
1778454621930041310,0.30216314914839815,-0.06173846518407128,9.324369968877017,-0.0007083582393836284,-0.0013751285551846064,-0.0013212687852988303
1778454621950457425,0.2996445860817992,-0.06889602773267184,9.313567474963234,-0.0015264813262559698,0.00019294069465405211,0.0003149773884458533
1778454621971011892,0.3139593784906851,-0.07124360582977174,9.306604256631696,0.0022232494885755967,0.0008065330098083051,0.0014739850948483377
1778454621991417637,0.30095006384942224,-0.0689142732588594,9.320780607303213,-0.0012537736306318555,0.000465648390278163,0.0020875774100025946
1778454622011841197,0.29957386719798795,-0.05931418611600081,9.312333074152635,-0.0021400736414102263,-0.003965851663613688,0.0029057004968749364
1778454622032274645,0.3032269896925247,-0.07486567514355785,9.310047881524602,-0.0005720043915715713,0.0003974714663721318,0.0005876850840699673
1778454622052739112,0.3128613146815996,-0.06767777778436307,9.314966157706099,-0.0017991890218800842,0.000465648390278163,0.0004513312362579105
1778454622073211783,0.3034060765005159,-0.0725085766817522,9.323229132113093,-0.0019355428696921397,0.0006020022380902185,-9.408415499031781e-05
1778454622093674157,0.309393734575655,-0.07608259777369963,9.32093690128468,-0.000640181315477599,-0.00014794392487608998,0.0014058081709423095
1778454622114121124,0.3058071477382218,-0.07250414832894109,9.323266222615834,0.00010976484748871293,0.00032929454246610756,-0.00043496877452046034
1778454622134596814,0.30916388958098373,-0.0724497664936738,9.306534488496524,-0.004730796749839311,0.0034654330421434176,0.0003831543123518819
1778454622155021447,0.2914490081596638,-0.0749321462632318,9.325450701036218,-0.0007765351632896562,0.0013519484010565339,0.0018148697143784802
1778454622175508081,0.30815156467483495,-0.07488068809096093,9.318515747466796,0.0003142956192067996,0.0008747099337143363,0.0020875774100025946
1778454622195905455,0.2958173174572767,-0.06287864101573509,9.300299698528445,-0.0028218428804705105,-0.00035247469659417663,0.002769346649062879
1778454622216420848,0.2985073583297493,-0.06771457775252626,9.318340908233957,0.0008597110104550266,-0.0013069516312785787,-0.00404834574153997
1778454622236796093,0.2913857002928607,-0.07611581041978288,9.320658722514121,-0.00023111977204142917,-0.00028429777268815237,-9.408415499031781e-05
1778454622257233430,0.2876525370246904,-0.07131277741328701,9.313390848190155,-0.002003719793598171,0.0003974714663721318,0.0008603927796940812
1778454622277732972,0.30215725303398555,-0.07010936304073367,9.320803565424898,-0.0008447120871956856,-0.0011705977834665197,-0.0013212687852988303
1778454622298201976,0.30211657418842564,-0.05335733747611232,9.324339078784831,0.0002461186953007701,0.001692833020586676,0.0003831543123518819
1778454622318652943,0.30452410100673244,-0.07966631660200046,9.314880469649628,-0.0011855967067258277,0.00032929454246610756,0.0018148697143784802
1778454622339081465,0.29594887386888824,-0.06768831655144764,9.3075119370983,-0.0011855967067258277,0.0021700714879288735,-9.408415499031781e-05
1778454622359621858,0.30083599779593906,-0.06410800767357905,9.314767466581456,-0.0015264813262559698,-0.0015114824029966618,0.0005195081601639387
1778454622379978436,0.2948165867948437,-0.07368387042011687,9.309913651894695,-0.0028218428804705105,0.0015564791727746205,-9.408415499031781e-05
1778454622400455774,0.30216219371199093,-0.07728636688954843,9.318431846950567,-0.0005038274676655435,-0.0004206516205002078,0.0009967466275061384
1778454622421179055,0.29741252231096427,-0.07730545344646716,9.32195495948939,-0.0031627275000006526,0.0005338253141841942,0.0018830466382845088
1778454622441444337,0.293526886497644,-0.07964873473489631,9.301523486058176,-0.001458304402349942,-0.0006933593161243187,0.0007240389318820244
1778454622461870286,0.30932966925755423,-0.06769806011530849,9.319706913344392,-0.000640181315477599,0.0006020022380902185,-0.000844030317956631
1778454622482679808,0.2948165867948437,-0.07368387042011687,9.309913651894695,-0.0010492428589137705,0.0009428868576203606,0.0014058081709423095
1778454622502756386,0.299751998569572,-0.07250498935967231,9.319576202814677,-0.002344604413128313,0.0007383560859022739,0.0028375235729689078
1778454622523285057,0.29978108317141616,-0.08088270711719908,9.318407995058761,-0.0021400736414102263,-0.00014794392487608998,-0.0009803841657686882
1778454622543744987,0.2950089807342555,-0.07372137987487093,9.323103728223812,-0.0007765351632896562,5.6586846841989724e-05,-0.0006394995462385453
1778454622564273325,0.2972319206003775,-0.060526148278388314,9.315897690064512,-0.0020718967175041986,0.0015564791727746205,0.0002468004645398247
1778454622584807958,0.298509828668752,-0.07130307967693361,9.317155048996794,-0.0005720043915715713,-0.0006251823922182945,0.0005195081601639387
1778454622605357611,0.29952709425290613,-0.07604916192846117,9.302802071552192,-0.002685489032658455,0.0016246560966806448,-0.001525799557016916
1778454622625889392,0.30567806166561295,-0.07128297471763595,9.314868124808813,0.00045064946701885676,-0.0017160131747147485,-0.0009803841657686882
1778454622646312008,0.2959688345660193,-0.07128022842628717,9.307525175709237,0.0009960648582670838,-0.004238559359237802,0.00011044661672776797
1778454622666790382,0.29737335836799983,-0.07968983151173031,9.31836649168571,-0.003571789043436826,0.0006020022380902185,0.0022921081817206795
1778454622687294627,0.2986123004785194,-0.06773503745511938,9.325535495322567,0.0014051264017032553,-0.0009660670117484366,0.0016785158665664232
1778454622707726872,0.3081156285221711,-0.09042176989557371,9.310179429844142,-0.0001629428481353997,-0.0019205439464328351,0.0018830466382845088
1778454622728240857,0.3105585320269534,-0.06650536188148748,9.322119241421655,0.00045064946701885676,0.001420125324962565,-2.5907231084289217e-05
1778454622748749787,0.2961829020902671,-0.06892994986534595,9.323104621993933,-0.001458304402349942,-0.0023977824137750327,0.003314762040311107
1778454622769085180,0.3007135652890406,-0.06408413802055368,9.306373781644744,-0.0013901274784439144,-0.0007615362400303499,0.002019400486096566
1778454622789623166,0.29720510835242675,-0.08085303596568827,9.306379926075005,-0.0005038274676655435,-0.0029431978050232614,0.0022921081817206795
1778454622810014095,0.30935628352039557,-0.07248727594842791,9.319724564825641,0.0008597110104550266,-0.00014794392487608998,0.0011331004753181951
1778454622830534137,0.310553591348948,-0.05932835803267272,9.324490959895984,-9.476592422937198e-05,-0.0013069516312785787,0.0020875774100025946
1778454622850875752,0.2983474747675914,-0.06409538627422923,9.308734886838208,-0.0008447120871956856,-0.0009660670117484366,-0.0007758533940506024
1778454622871420460,0.30193900228303006,-0.07485083956780242,9.304033847032725,-0.0007083582393836284,-0.000488828544406239,0.0029057004968749364
1778454622891835019,0.2947175407604862,-0.0652925128608613,9.306285468258205,0.000587003314830914,-0.0013069516312785787,-0.00036679185061443175
1778454622912272634,0.29940980040912246,-0.058086192603831244,9.301536780649409,0.0012687725538911981,0.000465648390278163,4.2269692821739376e-05
1778454622932770101,0.29868796004033604,-0.08449388292060511,9.324398177658836,-0.0007083582393836284,0.00019294069465405211,0.0024284620295327367
1778454622953200494,0.2961245349014695,-0.07729061787071179,9.315940924997511,-0.0027536659565644828,0.0006020022380902185,0.0012012773992242237
1778454622973696998,0.29847313506479034,-0.07727595966660417,9.312380721955948,-0.001458304402349942,-0.0006933593161243187,0.0016103389426603948
1778454622994117910,0.30211143552531083,-0.071296437147717,9.317210684750906,0.0008597110104550266,-0.0036249670440835456,0.0003831543123518819
1778454623014553988,0.29720853412783654,-0.06889363618461852,9.311132188764288,-0.002344604413128313,0.0034654330421434176,-0.00023043800280237456
1778454623034997547,0.2938025490009901,-0.08209449190793888,9.319518779520322,-0.0017991890218800842,0.00032929454246610756,0.0012012773992242237
1778454623055433163,0.29714940948774116,-0.06768610237504208,9.307530482349671,-0.0017991890218800842,0.0007383560859022739,0.0009285697036001098
1778454623075931056,0.3020289244126745,-0.07845639124437076,9.308843477036067,-0.0017991890218800842,-0.0015114824029966618,-0.001184914937486774
1778454623096406504,0.3031821276202572,-0.06050484754506402,9.31239312277706,0.0008597110104550266,-0.0004206516205002078,-0.0005713226223325175
1778454623116816823,0.3033420111824151,-0.06412403902336106,9.321999144172807,-0.000640181315477599,0.001420125324962565,0.0021557543339086227
1778454623137231864,0.30568889845803093,-0.07008908070978825,9.316062809786603,-0.0017991890218800842,0.0018973637923047626,-0.001184914937486774
1778454623157681498,0.29025265576751846,-0.07254316247350984,9.326622427892323,-0.001458304402349942,0.0003974714663721318,0.0007240389318820244
1778454623178131020,0.30210972263760594,-0.07727613703825187,9.314834553406262,-0.004458089054215197,0.0024427791835529913,-0.004252876513258057
1778454623198599728,0.3165062687078304,-0.06289555922375578,9.31980053337137,-0.0015264813262559698,0.000465648390278163,0.000792215855788053
1778454623219055899,0.3058729259440276,-0.07490898609679736,9.326872341900765,-0.0005720043915715713,0.0015564791727746205,0.0022239312578146513
1778454623239561125,0.3043326625037278,-0.0640809054417692,9.307628515246957,-2.658900032334252e-05,0.00012476377074802092,0.0005195081601639387
1778454623260043184,0.28762345242284626,-0.06293505965576024,9.31455905594607,-0.0024809582609403684,0.0008065330098083051,0.0012012773992242237
1778454623280583411,0.29841496586110206,-0.06052052415155057,9.31471713746778,-0.003571789043436826,-0.00028429777268815237,-0.0019348611004530868
1778454623301017267,0.3081357872044116,-0.06889757824999387,9.319692780963335,-0.0027536659565644828,0.000465648390278163,0.0012012773992242237
1778454623321579308,0.30082420556711387,-0.08084980338690378,9.307634659677216,-0.0020718967175041986,-0.00348861319627149,0.0015421620187543662
1778454623342035441,0.29241969878384544,-0.07129710080680046,9.311066833499432,-0.0005720043915715713,0.0008065330098083051,0.0006558620079759958
1778454623362518612,0.2984364414608287,-0.08324883965627461,9.307606394915101,-0.0002992966959474569,-1.1590077064034532e-05,0.0002468004645398247
1778454623383054875,0.30094074195959974,-0.08924457089659155,9.31246194116181,0.0001779417713947424,-0.0007615362400303499,4.2269692821739376e-05
1778454623403516361,0.2973883783871255,-0.07610473953775515,9.320751448770976,-0.0011174197828198,0.002306425335740936,-0.0007076764701445738
1778454623423945717,0.30699095045024416,-0.08206672601704562,9.318523679437298,-0.0011174197828198,-0.0025341362615870916,0.0021557543339086227
1778454623444395573,0.29832086050474993,-0.05930617044110981,9.308717235356958,-0.001458304402349942,0.003942671509485615,0.0004513312362579105
1778454623464825262,0.2984332136705282,-0.07009213591692504,9.312354244734076,-0.0031627275000006526,-0.0005570054683122633,0.002019400486096566
1778454623485257618,0.30483721456533797,-0.0857073956003147,9.334088099570813,0.0007915340865489989,0.0027836638030831334,0.0016785158665664232
1778454623505695251,0.3045066106486042,-0.07966290665156828,9.313681371801527,-9.476592422937198e-05,0.002306425335740936,0.0024966389534387652
1778454623526215218,0.30325455939177337,-0.06410698927120012,9.3160036549323,-0.003571789043436826,-0.00021612084878212118,-0.00043496877452046034
1778454623546727537,0.2997162604020175,-0.06292996764386566,9.320739997700283,-0.0004356505437595141,-0.0011705977834665197,0.0009285697036001098
1778454623567176152,0.3045400764622652,-0.06053332292254815,9.323203548661342,-0.002208250565316254,0.0011474176293384472,0.0009967466275061384
1778454623587715527,0.31063761736417994,-0.0713048075659034,9.32573418644721,-0.0045262659781212244,0.00026111761856007637,0.0018830466382845088
1778454623608075198,0.30095177673712714,-0.06293457336832448,9.323156738647855,-0.0024127813370343407,-0.0010342439356544608,0.0015421620187543662
1778454623628674813,0.2960804302804997,-0.07249799208716023,9.31472417566816,-0.000640181315477599,-0.00021612084878212118,0.0004513312362579105
1778454623649055835,0.29846229827237236,-0.0784698536744518,9.311186036978157,-0.0021400736414102263,0.00019294069465405211,0.0012012773992242237
1778454623669430432,0.3033994229348056,-0.07131127272347237,9.323224719242782,-0.0024127813370343407,-0.0022614285659629772,0.0028375235729689078
1778454623689915880,0.2923830051798838,-0.0772699807964709,9.306292506458586,0.0012005956299851704,0.0008747099337143363,0.0014058081709423095
1778454623710331088,0.3092405045792075,-0.07366071025368243,9.311335292759242,-0.0027536659565644828,-0.00021612084878212118,0.0016785158665664232
1778454623730858018,0.29847731829149804,-0.07488476170047664,9.313570994063426,0.0005188263909248845,-0.0013751285551846064,0.0016785158665664232
1778454623751219559,0.3021705601654062,-0.07250397095729338,9.320812391165521,-0.0011855967067258277,-0.0005570054683122633,-0.001525799557016916
1778454623771674230,0.28804549337182006,-0.09172150391095951,9.332651432555087,-0.0013901274784439144,-1.1590077064034532e-05,-0.0009803841657686882
1778454623792153049,0.28525146578698446,-0.07131720576609812,9.313353757687413,0.0001779417713947424,-0.001102420859560492,-0.0007076764701445738
1778454623812541849,0.30469159357100795,-0.06893491033310023,9.330429025842138,-0.0005720043915715713,-0.0027386670333051748,0.0007240389318820244
1778454623832994390,0.30220135765495526,-0.07490198882428528,9.322020314754248,-0.005003504445463422,0.0006020022380902185,-0.00023043800280237456
1778454623853395042,0.31283792820905865,-0.07604526569059328,9.310200656405877,0.000587003314830914,-0.00028429777268815237,0.0020875774100025946
1778454623873903102,0.2878190741525586,-0.07612927284986393,9.323001282456213,-0.0029581967282825694,-0.0005570054683122633,0.0024284620295327367
1778454623894292421,0.29604963279095065,-0.07009997422016834,9.313516252079435,-0.0028218428804705105,-0.0014433054790906341,0.001337631247036281
1778454623914695258,0.2950747589400614,-0.0761262176427272,9.326709847508742,-0.0021400736414102263,-0.00035247469659417663,-0.0005713226223325175
1778454623935153503,0.29632282495529394,-0.06895722946880345,9.332697404778747,-0.0028218428804705105,-0.0017841900986207762,0.0007240389318820244
1778454623955557155,0.2996628338912253,-0.07846763949804625,9.311204582229527,0.000587003314830914,-0.0006933593161243187,0.0005195081601639387
1778454623976030141,0.2902326950703874,-0.0689512505986703,9.326609189281386,-0.0028218428804705105,0.001692833020586676,0.0024966389534387652
1778454623996432441,0.2985548887261289,-0.06054780375500807,9.324309920252592,-0.0017310120979740565,0.0013519484010565339,0.002360285105626708
1778454624016911260,0.31189480728412566,-0.06892162527466694,9.330540297350362,-0.0004356505437595141,0.0007383560859022739,0.0018830466382845088
1778454624037387412,0.3116590661750417,-0.0736596918513035,9.312571481110089,0.000927887934361056,-0.002329605489869005,-9.408415499031781e-05
1778454624057833823,0.297300169145186,-0.06651948797065194,9.318317950112275,-0.001458304402349942,0.0016246560966806448,0.0033829389642171357
1778454624078254346,0.29395673443384474,-0.06896847772247894,9.335058509972209,-0.0004356505437595141,-0.0010342439356544608,0.0016785158665664232
1778454624098697831,0.2878791542290612,-0.06178890495396322,9.332541110797282,0.0015414802495153125,-0.002806843957211206,0.0022921081817206795
1778454624119168854,0.2912415942011263,-0.0784797287824529,9.309875667621831,-0.0019355428696921397,0.0014883022488685893,0.0009967466275061384
1778454624139570043,0.3007958784165675,-0.08204028744431924,9.305240876851327,-0.0011174197828198,5.6586846841989724e-05,0.0012012773992242237
1778454624159967195,0.29137239316144004,-0.07372120250322323,9.320649896773498,-0.0010492428589137705,0.0006701791619962497,0.0017466927904724518
1778454624180458218,0.2937552165897198,-0.06414516238503765,9.323049880009943,-0.0004356505437595141,0.00019294069465405211,0.0020875774100025946
1778454624200906888,0.30827646752073623,-0.07849305966839365,9.325723573166343,0.0017460110212333974,-0.0006933593161243187,0.0002468004645398247
1778454624221460781,0.30953441489197964,-0.08567807919209935,9.326967693487687,-2.658900032334252e-05,-0.003965851663613688,-0.0009803841657686882
1778454624241903619,0.29019771435413066,-0.06894443069780593,9.324210993585183,4.1587923582685205e-05,-0.0011705977834665197,0.0012012773992242237
1778454624262278326,0.29130414461663157,-0.06772786281095955,9.318229636725732,-0.0013219505545378832,0.0003974714663721318,-0.0036392841981038
1778454624282751367,0.31168245264758265,-0.06529220394507329,9.317336982410309,-0.0016628351740680287,-0.0015114824029966618,0.0003831543123518819
1778454624303148279,0.3045957753269508,-0.07370025651319434,9.322052992386675,-0.0038444967390609402,-0.0033522593484594312,0.0022239312578146513
1778454624323665968,0.29868967292804094,-0.07851418303007024,9.32677430900348,-0.003503612119530798,-1.1590077064034532e-05,0.0007240389318820244
1778454624344084231,0.3010183123942307,-0.07490761295112303,9.323200867350977,-0.0024127813370343407,-0.0006933593161243187,-0.0030256918829495434
1778454624364603828,0.3023062998037255,-0.0749224485268784,9.329214901842859,-0.0028900198043765417,0.0006020022380902185,0.0005876850840699673
1778454624385088999,0.30833407725823603,-0.06056418984808559,9.336449260744573,-0.0019355428696921397,0.0016246560966806448,0.002564815877344794
1778454624405543040,0.2950738035036542,-0.09167411934820435,9.320771725582293,-0.0016628351740680287,0.00019294069465405211,0.0004513312362579105
1778454624425938359,0.30100500526280993,-0.07251300503456332,9.323192041610351,-0.0001629428481353997,-0.0011705977834665197,0.0021557543339086227
1778454624446367974,0.29131326852134465,-0.07251366869364678,9.31704819035888,-0.002344604413128313,-0.0007615362400303499,-0.0016621534048289733
1778454624466873959,0.299931842828861,-0.07971609271280888,9.329195462821366,0.0003142956192067996,-0.0008297131639363811,-0.001525799557016916
1778454624487385482,0.30456991851540716,-0.07847924249501714,9.31847335032362,-0.0005720043915715713,0.0008747099337143363,-0.0006394995462385453
1778454624507892245,0.30457752751752476,-0.06412864474781987,9.32441588512038,4.1587923582685205e-05,-0.0045112670548619165,0.0009285697036001098
1778454624528273916,0.29725606452421627,-0.061726862187100384,9.317101200782925,-0.0024127813370343407,5.6586846841989724e-05,-0.0005713226223325175
1778454624548641235,0.2959005860212107,-0.06528688873402355,9.305104915661474,-0.0005038274676655435,-0.003011374728929289,-0.0014576226331108875
1778454624569051331,0.30342185397093935,-0.07849168652271926,9.322052098616554,0.0003142956192067996,-0.003147728576741348,0.0004513312362579105
1778454624589550391,0.29847903117920294,-0.06890506180994171,9.315947125408067,-0.0024127813370343407,-0.00014794392487608998,0.0022921081817206795
1778454624609949691,0.305656388080777,-0.07367076273333129,9.312478754853235,-0.0015264813262559698,-0.003011374728929289,0.0003149773884458533
1778454624630428658,0.30825897716260786,-0.07848964971796146,9.32452447531824,-0.0008447120871956856,0.0012837714771505027,0.0016103389426603948
1778454624650826532,0.29731765950331435,-0.06652289792108412,9.319517047960376,-0.0019355428696921397,0.0012155945532444784,-0.0013212687852988303
1778454624671326388,0.30458246819553014,-0.07130564859663463,9.322044166646052,-0.000640181315477599,0.00298819457480122,-0.0007758533940506024
1778454624691814818,0.2973467441051585,-0.07490061567861095,9.318348840204461,-0.0001629428481353997,0.001965540716210787,-0.0010485610896747168
1778454624712155618,0.3008251610035211,-0.06530190168142669,9.313572781603668,-0.0007083582393836284,0.0008747099337143363,-0.0009122072418626596
1778454624732592048,0.305721408835285,-0.06650739868624528,9.319646864719969,0.00010976484748871293,-0.0013751285551846064,-0.0017985072526410305
1778454624753044219,0.303712536493411,-0.07735235172178667,9.34243234916397,-2.658900032334252e-05,0.0010110637815263918,0.0002468004645398247
1778454624773407982,0.2974058687452539,-0.07610814948818734,9.321950546619076,-0.0027536659565644828,-0.0008297131639363811,-0.0006394995462385453
1778454624793899542,0.30809985105174775,-0.08443866005460665,9.311356463340681,-0.0011855967067258277,0.0025109561074590156,-0.0006394995462385453
1778454624814287583,0.30100500526280993,-0.07251300503456332,9.323192041610351,-0.0024127813370343407,-0.0008297131639363811,-0.0017303303287350019
1778454624834786717,0.3045933049879481,-0.07011175458878693,9.32323885162384,-0.0008447120871956856,0.003601786889955473,0.0008603927796940812
1778454624855204295,0.29968355203965413,-0.09162775318782801,9.307655830258657,-0.0024809582609403684,0.00012476377074802092,0.0009285697036001098
1778454624875611873,0.29857142364785005,-0.0760991154109174,9.319570896174243,-0.0001629428481353997,0.000465648390278163,-0.00023043800280237456
1778454624896000877,0.3020890044891771,-0.06411602334847005,9.318383305377132,-0.0031627275000006526,0.0037381407377675285,-0.0016621534048289733
1778454624916413399,0.29974363211615673,-0.07728738529192736,9.317195658599724,-0.0010492428589137705,0.0024427791835529913,0.00017862354063379613
1778454624936911496,0.29752830125215235,-0.07613201914121265,9.330344231555788,-0.0004356505437595141,5.6586846841989724e-05,0.0015421620187543662
1778454624957298463,0.30326197040878144,-0.07487249504442223,9.312446077220807,-0.0053443890649935676,0.0012155945532444784,0.002019400486096566
1778454624977791208,0.2973400905394481,-0.07370331172033107,9.318344427334148,0.00010976484748871293,0.0025109561074590156,-0.0010485610896747168
1778454624998234823,0.31273222860899075,-0.06645660417305788,9.306568059899076,-0.0009810659350077428,0.0006701791619962497,4.2269692821739376e-05
1778454625018641864,0.29737602669211205,-0.05816222991571829,9.326680744956802,-0.0007765351632896562,-0.00021612084878212118,0.0012012773992242237
1778454625039116535,0.2939358183003066,-0.0809244675531165,9.329107149434824,-0.0007083582393836284,-0.0010342439356544608,0.0004513312362579105
1778454625059579057,0.2866968664196343,-0.07136273089574319,9.330159672812204,0.000587003314830914,0.000465648390278163,-0.00023043800280237456
1778454625080008024,0.2949882625858268,-0.06056126618508911,9.326652480194683,-0.0019355428696921397,0.0008747099337143363,-0.002207568796077201
1778454625100476547,0.295174760410826,-0.06896967349650562,9.336276153071681,-0.0007765351632896562,0.0012155945532444784,-2.5907231084289217e-05
1778454625121116514,0.2973551105585738,-0.0701182197463559,9.320729384419415,0.00045064946701885676,-0.00014794392487608998,-0.00023043800280237456
1778454625141327314,0.2865419235354819,-0.07492054326626091,9.318181932942124,-0.0024127813370343407,0.0010110637815263918,-0.0012530918613928017
1778454625161770373,0.2901836497714122,-0.056981620966303936,9.327764158426366,-0.001867365945786112,-0.0010342439356544608,-0.00043496877452046034
1778454625182269155,0.30569308168473863,-0.06769788274366079,9.317253081894078,-0.0032990813478127115,0.0018291868683987314,-0.002071214948265144
1778454625202709992,0.2864012432191573,-0.06532506184786113,9.31215114073912,-0.0002992966959474569,-0.0011705977834665197,0.0028375235729689078
1778454625223132811,0.28663089022871924,-0.09407399664830635,9.317053441019018,-0.0008447120871956856,0.00019294069465405211,-2.5907231084289217e-05
1778454625243541723,0.3142333281063262,-0.07966906289334919,9.322223418749202,-0.0007083582393836284,0.0006020022380902185,0.001337631247036281
1778454625263956467,0.30424768105208877,-0.06765235761401561,9.300447166769287,-0.0033672582717187392,-0.00014794392487608998,0.0002468004645398247
1778454625284478879,0.29385179228507463,-0.06894801801988582,9.3278639228836,-0.0005038274676655435,5.6586846841989724e-05,0.0012694543231302523
1778454625305028698,0.3008724934147913,-0.08325123120432792,9.310041681114045,-0.0015946582501619976,-0.0004206516205002078,0.0006558620079759958
1778454625325379276,0.29957119887387595,-0.08084178771201278,9.304018820881543,-0.003094550576094625,-0.00035247469659417663,0.001337631247036281
1778454625345771891,0.3046105973609671,-0.09523126805963855,9.314937836963686,-0.0007083582393836284,-1.1590077064034532e-05,-0.0030256918829495434
1778454625366161599,0.2862930732800867,-0.05214789840591838,9.30970440346948,-0.0038444967390609402,-0.0005570054683122633,0.0020875774100025946
1778454625386707343,0.2913349421061806,-0.07012588067795145,9.319437560314459,-0.0029581967282825694,-0.0013069516312785787,-9.408415499031781e-05
1778454625407172884,0.3070301143932085,-0.07968234795178247,9.32211214724098,0.0009960648582670838,-0.0036931439679895733,0.0004513312362579105
1778454625427698536,0.2987147722882868,-0.06416699523330516,9.33391594164834,-0.003026373652188597,0.0008747099337143363,0.0003831543123518819
1778454625448053652,0.29515213138958285,-0.08690536321767806,9.327948661189653,0.0002461186953007701,0.0007383560859022739,-0.00029861492670840315
1778454625468588137,0.306985252320941,-0.06532152035328864,9.324457388493435,-0.000640181315477599,-0.001102420859560492,0.0009967466275061384
1778454625489151789,0.28683583384825395,-0.08693791220467784,9.333814333670567,-0.0016628351740680287,-0.0013751285551846064,0.0005195081601639387
1778454625509505627,0.30715597267551686,-0.06774681782373804,9.335258094866973,-0.0038444967390609402,0.002033717640116818,-0.00016226107889634597
1778454625529918186,0.29626274487879134,-0.08329759736470421,9.32315757643768,-0.0011174197828198,0.001420125324962565,-0.002071214948265144
1778454625550371246,0.2984324562192304,-0.06052393410198276,9.315916235315882,-0.0007765351632896562,0.0006020022380902185,-0.002412099567795287
1778454625570911379,0.31180145937907133,-0.0772754733791684,9.320978404657735,-0.00466261982593328,0.0009428868576203606,0.0029057004968749364
1778454625591426883,0.30717175014594034,-0.0737299276647051,9.334081061370433,0.0016096571734213402,-0.00021612084878212118,-0.0024802764917013147
1778454625611772072,0.2972235541469622,-0.06530854421064336,9.313517145849557,-0.0002992966959474569,0.00032929454246610756,0.0019512235621905374
1778454625632185336,0.670993863078064,1.5438865247234954,8.718888293178988,0.07060470416632218,-0.006488397848136745,0.01640473143026858
1778454625652540543,0.568804259988255,0.2635266222369183,8.38864742577157,-0.043455289528463496,0.011305779291336693,0.03447161626536613
1778454625672951214,0.25772180208221285,0.7213173243712385,9.288496316498861,0.04326575768000475,-0.007851936326257313,0.005496423605304019
1778454625693370496,0.5574250478390527,1.4811682118527423,9.220861375379153,0.07360448881818743,-0.08755076037240463,-0.11142700089353486
1778454625713791722,1.0541452581396022,2.63987821989784,9.645150795668012,-0.014820981487931529,0.02896360258299808,-0.1665821323335119
1778454625734926504,0.28465214877240697,1.4481861349397043,9.269512510881565,-0.039364674094101784,0.007010633085256901,-0.1641277630728949
1778454625754601971,0.9582375863134193,2.3822823602034036,9.22620938756383,0.036652596061119994,-0.049576213756746756,-0.07624770815802415
1778454625775363197,0.617888057707486,2.402576985745512,9.02307200819663,-0.13065357520427395,0.1034809804122872,-0.20326131739495523
1778454625795772923,0.6883018457326607,0.46389905379136415,10.404981333840809,0.09535292754421053,-0.06982476015683722,-0.10222311616622101
1778454625816527872,0.9989482324324829,1.1356230858521361,7.677661652714835,-0.051841051168905,0.09564063416309393,-0.09581448531905433
1778454625836620005,0.4210761938135764,3.266069354150629,12.564216459373112,-0.23319166875894082,0.05752973369962402,-0.16678666310523
1778454625857276065,-1.1503145332517022,-0.7117414206632855,8.739621084977477,0.06317341946056507,-0.07868776026462093,-0.08708783905908268
1778454625877688810,0.8870565336705382,2.500683096968582,10.893433991620816,-0.04181904335471881,0.09304991105466487,-0.04911329244342481
1778454625898117128,-0.6714646645997732,0.47596611220525203,12.396734746172337,0.02608517285568557,0.11888896521504966,-0.003434753426385714
1778454625918517151,-0.7760440874122261,0.33405159656388167,8.3783994397804,-0.03322875094255922,0.02439574868129417,0.07415058597867472
1778454625938893470,-0.7130031973010581,1.4647900857363385,9.919377331882737,-0.037728427920357105,-0.044599298311606674,0.005564600529210048
1778454625959585011,-0.037288425095197086,-0.2748695128521834,8.270927905322894,-0.09895130558797069,-0.10514040674015998,0.07776396294569422
1778454625979981904,-0.4948454250486185,0.13276132328233547,5.277339343645542,-0.008548704488576905,-0.07118829863495779,0.022336123810093058
1778454626000458519,-0.6020119121786489,-0.9985157805977365,5.979863662750115,-0.11074591342371364,0.09243631873951061,-0.08729236983080077
1778454626020959060,0.6471347280807727,0.4950904749575222,13.275395432979257,0.2685223142655229,-0.17018119214651117,0.016200200658550493
1778454626041346879,-3.5077902559108685,2.149040185932653,11.21160104499485,-0.2680982537988274,-0.049439859908934694,0.036039685515204783
1778454626061763253,-2.287027196956213,-3.1067303227230934,4.371783313246938,0.17627893622066637,-0.04930350606112264,-0.028387507575992142
1778454626082305535,-0.6278250273196987,-0.6711384112870891,8.286005657462793,-0.08954289008893876,-0.11154903758732665,-0.001184914937486774
1778454626102760243,1.470126820753892,-2.071694652972133,9.148254278214734,0.18691453635000682,0.23874399744184777,-0.06608934649602591
1778454626123251117,1.1806727334703357,0.3720951579047869,7.257639164227965,-0.1288127982588112,-0.17577169990680552,-0.11197241628478308
1778454626143656362,2.9077176240662572,-0.8142747892535793,10.423501752803412,0.03201656523551005,0.11384387284600356,-0.09826885457967136
1778454626164042199,1.229778101933512,2.132596863124479,10.880874441496589,0.19393675951232775,-0.36625802530024915,-0.265029610453817
1778454626184531407,-0.900655819129194,-0.21133976967737392,8.928693181775902,-0.10242832870717815,-0.0465764291048815,-0.07263433119100464
1778454626204976448,-0.6630524694856905,0.7485377172903582,8.79344364709994,0.06105993481947819,0.011646663910866835,-0.015297538186034671
1778454626225427600,-2.061182232125649,-0.6948684078290485,7.684912027988791,-0.09336079782767635,0.032917864169547735,-0.06472580801790534
1778454626245902696,0.32690032756783716,0.647898030606209,10.301629795956705,-0.10406457488092283,0.03837201808203001,0.018927277614791634
1778454626266291163,0.053392175427541405,0.5456176904018408,8.214230208256005,-0.0028218428804705105,-0.23978983145456628,-0.08872408523282736
1778454626286809945,1.030919712230978,0.29459179052529755,9.966125195547228,0.012927026541822071,0.17779382746985828,-0.024024184446006323
1778454626307310301,-0.13075523283338103,0.5831986260263662,9.182289461151539,0.008222818792306106,0.018259825529751604,-0.05306755402997446
1778454626327770453,-0.2288776969158291,-0.5101372202033045,10.437470808762015,-0.05947686664638019,0.08780028791390068,0.00958703903966573
1778454626348161253,0.9403716700329253,0.11540393037946695,11.015533075048141,-0.026547412399768426,-0.028850428889314092,0.03167636238521896
1778454626368630572,-0.9382642321511786,-0.899966360099167,9.382544248014586,0.07176371187272466,0.026577410246287077,0.006246369768270333
1778454626389047928,-0.8805964658925857,1.4586424232931519,9.86526039882542,-0.1286082674870931,-0.21245088496824885,-0.06983907731085748
1778454626409434506,0.4942915120902066,-1.5584688547981367,11.153727464481893,-0.12076792123789983,0.11418475746553369,-0.013388584316665874
1778454626429991214,-0.7553054607750662,-0.7052609573144042,9.244409428758559,0.06651408873196046,-0.04903079836549853,0.0014058081709423095
1778454626450450329,3.4606252212188497,3.3970165447273732,11.49102516646384,0.05983275018916968,0.07641474162159392,0.014700308332617866
1778454626470909203,0.8058538122930404,-3.679525976220752,9.493830441924699,0.20014085958777633,0.26560570546082296,-0.00991156119745842
1778454626491275577,-0.9586604420835241,-0.9543725821145195,7.467916899620172,-0.054295420429522026,-0.1461147380076831,-0.00036679185061443175
1778454626511647304,2.647727337252596,0.6554484849783984,9.198594444678681,0.0658323194929002,-0.013783328706081791,0.05656093961091936
1778454626532083104,1.2015963938601937,0.6042794225936727,6.886692785975839,-0.06418107439589615,0.0038063176616735597,0.08199093222786799
1778454626552559404,0.9124057689155002,0.2795550692820446,12.206132359916706,-0.09458798245798487,-0.09982260667548976,-0.083065400548627
1778454626573004890,-0.4633392516127669,-0.9732368339121547,13.529656698488472,0.09733005833748536,0.10409457272744146,0.03999394710175444
1778454626593496708,1.645762863597225,-0.9738017823929022,8.024925295402427,0.0763997426983346,-0.007920113250163341,-0.06288503107244256
1778454626613937879,1.3287570175425725,-1.1290433191048463,10.593242666071166,-0.19276275288266592,0.08957288793545742,-0.05143130785622978
1778454626634371031,-1.2345359762082044,-0.20532872952264694,6.198604599325499,-0.015025512259649612,-0.12293458387963341,0.11253419413776876
1778454626654767276,1.4147834062953406,2.3056992815352277,13.26395753895222,0.0037913187384142535,-0.07916499873196312,-0.037114153835963795
1778454626675219317,-1.4150141955080795,0.4030357471176042,8.95209942909841,0.0632415963844711,0.14472801937543445,0.10762545561653471
1778454626695682654,0.15889414185324155,0.31235396098501317,7.376330841571236,0.08124030429566263,-0.17222649986369204,0.0064509005399884176
1778454626716078510,2.001888245311762,-0.8614922118346058,10.84364405897611,-0.16003782940777223,0.15059123483135292,-0.09540542377561816
1778454626736582347,-0.2991685478465921,-0.27604381620053053,8.09065916022623,0.01163166498760753,-0.09218679119801457,0.057788124241227874
1778454626757073129,0.315685522751323,0.6489031249529738,9.944205910965573,-0.039705558713631926,-0.030350321215246716,0.12896483279912163
1778454626777407892,-0.17114599067558556,0.18411950895840173,10.954950835650289,0.038561549930488784,-0.08298290647070072,-0.0071163073173112525
1778454626797898878,-0.13947198212650713,-0.5861995528538094,9.048500585149803,-0.03152432784490851,0.02460027945301225,-0.053408438649504605
1778454626818278363,2.589584279486648,-2.011932227063073,7.001477805032304,0.106056704597457,0.12454764989925002,0.1233743250388273
1778454626838733904,0.8828204839048804,0.40013971724218417,10.221201785758595,0.04619736540796398,-0.07943770642758724,-0.018910915153054184
1778454626859146075,1.1786417087440508,-0.7724866749848436,8.910099036117874,-0.05749973585310536,0.1737713889594026,0.02710850848351505
1778454626879674616,-1.9576660724068167,-0.6364817137072463,11.186842201897957,0.20839026738040578,-0.0874825834484986,-0.034523430727534714
1778454626902200880,-1.2435587708624947,2.7850296531024874,7.20309702937881,-0.1436753676703254,0.14929587327713836,0.016472908354174608
1778454626921226606,-0.22029144457671446,-1.080046215970152,7.104550960886161,0.17961960549206174,0.3356915832362203,-0.02177434595710738
1778454626941195035,-1.1604840473337656,-0.6652702315556529,7.976850122634681,-0.054909012744676286,-0.0484853829742503,0.04476633177517643
1778454626961593854,2.1867531675295218,0.41630654878356227,7.950358730841384,0.06460513486259167,0.18317980445843454,0.0920811169659602
1778454626982079229,0.060929771279292916,1.1887957954398087,8.97447790255034,0.09371668137046583,-0.0460991906375393,-0.008207138099807708
1778454627002589047,0.028992544966129352,0.18708347340477832,7.969386650712798,-0.11258669036917639,0.019418833236154086,0.026085854624924625
1778454627022995866,0.7197094787950221,-0.9681737892532043,10.042585586270224,0.12773696639957405,0.11343481130256738,0.05362933188296014
1778454627043385389,1.8026115555756024,-0.46375297187115294,6.4610592505664215,0.16980212844959364,-0.08952789116567945,-0.013933999707914103
1778454627063849596,0.4573899303160208,-2.580800012917617,8.152606283729476,-0.07393037451445823,0.11002596510726595,0.02397236998383774
1778454627084285008,-2.1244740282501504,-1.8618228679343474,8.749086220654858,0.18180126705705468,-0.18633912311223993,0.043198262525337774
1778454627104711308,-0.469237863203111,0.2068517094127928,11.18163360483364,-0.16910536028727402,-0.03757707514928574,-0.11360866245852777
1778454627125146182,-0.24447499520086194,-0.4368267909561947,7.8295426410499145,-0.10358733641358063,0.19599706615276788,-0.042841015444070187
1778454627146282520,0.38611128462113675,1.465439744512832,8.331147187657743,-0.05436359735342805,0.02241861788801934,0.06651477050119953
1778454627166081950,1.1919433950347684,1.4300030649231898,7.442219092040371,-0.036842127909578734,0.12679748838814897,0.022336123810093058
1778454627186578583,-1.5802776336001025,-0.8954897248039018,8.652118400473674,0.06876392722085942,-0.18068043842803957,-0.025660430619751005
1778454627207129735,-0.7594500352194908,0.001456628437711882,9.968283398220963,-0.04700048957157698,0.010010417737122156,0.03938035478660018
1778454627227555758,1.1251817215375466,0.7575567676213228,11.832470737328832,0.06535508102555798,0.028554541039561905,0.016609262201986663
1778454627247977669,0.7067047347001504,0.35832648647417903,9.239198511126117,-0.0855886285023891,-0.017737590292631444,-0.057362700236054255
1778454627268352062,1.095014072058987,0.5194382806834597,9.260204119973666,-0.17380956803678999,0.10191291116244855,-0.05354479249731666
1778454627288854399,-0.41931330479242823,0.11246938857644695,8.641256518933478,0.01844935737821038,0.1017765573146365,-0.08251998515737877
1778454627309212403,-0.35853504097731753,1.6620297426669077,10.679398926858266,-0.04072821257222236,-0.20631496181670628,-0.01175233814292119
1778454627329707000,-0.3333402204600814,0.37790892946814275,6.321922073257882,-0.12404041358538918,0.10736706507493085,-0.029069276815052433
1778454627350116485,0.27719458988838297,-0.21868686355273653,11.011282175128045,0.14566749738685958,0.15706804260242563,0.013404946778403325
1778454627370627600,-1.5749168395735096,-0.779547840519365,9.558088227969348,-0.07992994381818874,-0.23092683134678257,0.025131377690240226
1778454627391046012,1.2853290858225632,-1.1054570617050945,9.02203860985978,0.016881288128371724,0.11793448828036526,-0.06540757725696562
1778454627411403497,-1.9915803968933952,-0.2591808374422333,6.942352623305454,0.0383570191587707,-0.11659412995637278,0.01681379297370475
1778454627431859908,0.7359690025412234,0.7941106272129208,9.27045004476685,-0.1394483983881516,-0.05489401382141698,0.0363123932108289
1778454627452254098,0.6591786323091,-1.2571180302073004,10.556982027401247,0.26190915264663817,0.11779813443255321,-0.07583864661458797
1778454627472706176,1.586011575828831,-1.2876753731362907,11.384212171716305,0.10380686610855806,-0.19908820788266726,-0.15662830144323175
1778454627493335939,0.23071159804102917,0.5307330167748456,8.927921563694193,-0.1412891753336144,0.015805456269134578,-0.002207568796077201
1778454627513733628,0.20783202983058272,-0.43500410429749115,7.075278387404754,0.055810311678713996,-0.2118372926530946,-0.031932707619105626
1778454627534216817,1.4487634256794724,0.4100213648144904,5.9009904065928485,0.0783086965677034,0.07552844161081554,-0.030841876836609168
1778454627554622692,-3.1214673982316246,0.7942536023844708,10.85321317028187,-0.13760762144268884,0.09332261875028897,-0.016115661272907016
1778454627575082344,2.19573808003056,0.6911711744866054,11.471627406882964,0.2321840138236097,0.06196123375351587,0.028335693113823564
1778454627595674385,-2.550174308245121,1.0028399494076135,7.387124468343259,0.08042218120879029,0.021395964029428914,0.01994993147338206
1778454627616019648,1.0872388003290896,-0.8472336508751965,9.446024801292676,0.07285454265522112,-0.02394169036808004,-0.026069492163187175
1778454627636480133,-1.0913764448775194,0.8070083042728424,8.580417567595987,-0.0283881893452312,-0.021350967259650955,-0.047408869345774096
1778454627656896545,-1.5123406556464278,-0.5532240007933336,8.336647803968951,-0.030501673986318083,-0.09518657584987983,0.022267946886187027
1778454627677392586,2.138138553118519,0.0023522337167866114,9.894377144800075,0.011836195759325615,-0.02987308274790452,0.0064509005399884176
1778454627698327386,-2.952295521842705,1.5013527909176385,9.056258065702144,0.333358568900156,0.029099956430810134,0.11832923266978118
1778454627718495316,0.7969038484182841,-0.7570886190984055,11.219056479291904,-0.059749574342004313,0.03687212575609738,-0.03731868460768188
1778454627738893727,0.4943723480624628,-0.008576991054605299,8.449616241497901,0.08935335824048002,0.023986687137857995,0.05962890118669065
1778454627759346509,-2.0298307864795784,0.5204223727714712,11.448898151853218,-0.14885681388718358,-0.07909682180805709,0.09249017850939638
1778454627779842420,-0.5638389694753885,-0.1236145385966734,6.953139763198859,-0.14912952158280768,0.24944777449509425,-0.09560995454733624
1778454627802117425,-0.5555680418520257,0.1566605026463767,10.674580079767734,0.0637188348518133,0.11643459595443262,0.07005997054431301
1778454627821436317,-0.6245063153833907,0.016537437587031634,12.727589679176976,-0.12226781356383244,-0.19383858474190307,0.0226770084296232
1778454627841923062,1.8447639267198672,-1.8464337630212193,8.502276378507451,-0.05129563577765678,0.12338864219284754,-0.015229361262128644
1778454627862346344,-1.1491379537016098,0.8200992172757617,8.987074983184142,0.17675617468800853,0.16006782725429086,-0.058521707942456744
1778454627882850959,0.10378354351602445,0.257995599101245,9.175096562161333,-0.104473636424359,-0.004715797826580003,-0.02538772292412689
1778454627903238407,-0.051434171030777964,-0.5194194752209442,7.94910831533523,0.07633156577442857,0.019759717855684228,-0.03602332305346734
1778454627923735911,-2.212373672429425,-0.4196979572577992,11.828286976707426,-0.01863888922666912,-0.30544420917607173,-0.06268050030072447
1778454627944150286,0.2465114275351735,-1.347581474784358,5.513508483257636,0.05110610392919803,-0.07657427562353404,-0.09554177762343022
1778454627964673845,-0.41446924144417985,-0.9182222019028858,8.996294530638888,0.077354219633019,-0.16861312289667252,0.02799480849429342
1778454627985143682,1.7764457057599639,0.6871374941777637,5.511845477376107,-0.033910520181619504,0.12359317296456562,-0.07999743897285572
1778454628005551760,0.18384899808437163,2.4603887611927338,12.371640160374229,-0.051500166549374865,0.24133472055027683,0.11117065565964819
1778454628026015709,0.04487521403223951,1.2831757538314483,11.12096820259062,0.13612272804001557,0.13818303468045573,-0.03438707687972265
1778454628046461083,0.49671751108937445,-0.5918888322881144,10.61441504117666,-0.03356963556208936,0.08889111869639713,-0.020001745935550642
1778454628066933328,0.2189820946503355,-1.8689025231434215,11.08825190197624,0.1462810897020138,-0.10609488367484438,-0.05606733868183972
1778454628087397147,0.6483280934861199,-0.3586018506145868,6.609477616054588,-0.12369952896585905,0.09420891876106735,-0.046249861639371614
1778454628107739891,-0.15323566549812817,-0.5518888664795211,9.5996193946425,-0.09404256706673664,0.02923631027862219,-0.05988524642057731
1778454628128189340,-0.9815311323365826,-0.6610717059315727,9.551247394081862,0.18016502088331,-0.005533920913452343,-0.01400217663182013
1778454628148593899,0.5059675235773483,0.08677704648996082,9.85806012802177,0.024721634377565,-0.1558640381262452,0.062424155066837815
1778454628168927940,1.4926654921483276,-1.1375330083533188,9.070913258821808,-0.102087444087648,0.16320396575396817,0.08246817069521019
1778454628189414777,-0.41958779369905597,-1.5233341518293428,9.15783613668173,0.011563488063701501,0.005851625378854412,0.01906363146260369
1778454628209772133,0.28448976008291305,-0.5612659175630155,9.817409299867025,0.04824267312514483,-0.12538895314025045,-0.13842506276032215
1778454628230138508,-0.308075705237299,-0.0912157221944469,10.432341212368822,-0.09649693632735366,0.25449286686414035,0.14416828683016597
1778454628250565215,-0.9033207465418164,-1.6419677663135654,8.040684581206666,-0.38577162446063257,0.2945127211969791,-0.19671633269997651
1778454628271220312,-2.0652960117849357,-3.5189904331627897,7.571536731930263,0.24936459864792893,-0.10404957595766354,-0.2791422337023649
1778454628291513945,-1.036219171506622,-3.1409556018228573,12.11040820991615,-0.13399424447566932,0.14179641164747522,-0.26434784121475674
1778454628311901931,-0.6925718749797755,-2.735861862211623,6.3575497733418,0.05696931938511648,-0.055712136908289314,-0.1256078010659888
1778454628332402824,-0.5727681296844211,-2.371888535375716,9.774714539976172,-0.05722702815748125,0.1584997580044522,-0.1268349856962973
1778454628352861050,0.46432366811578807,-2.211626001129235,8.85029379412455,0.16748411303678867,-0.12341182234697562,-0.025183192152408808
1778454628373296109,1.2839346823104936,-0.6308577083887106,8.858468539476542,0.18248303629611495,-0.11243533759810503,0.08505889380363928
1778454628393752484,1.2421683322014074,-0.5438829040772644,9.814164575425155,-0.023479450823997147,0.019214302464436,0.0358351547434867
1778454628414244117,0.9991758148192381,-0.9193239664630855,9.058904856948436,-0.014002858401059186,0.016623579356006918,0.003246585116405079
1778454628434707473,0.9501569912081275,-1.0175122631384383,9.446916920665597,-0.003094550576094625,0.008919586954625698,0.009859746735289844
1778454628455073755,0.9179570064605879,-0.678435127441805,9.342100577397613,0.0005188263909248845,-0.006761105543760859,-0.02095622287023504
1778454628475579518,0.05133491083879613,0.03681474151261077,9.44601447190395,0.02104008048663946,-0.015555928727638533,-0.009161615034492107
1778454628496003133,-0.059247458431998856,0.23707893341008052,9.263762317974592,0.01701764197618378,-0.012556144075773278,-0.01086603813214282
1778454628516452933,0.3019139233971795,0.13851579983950796,9.218149499404678,-0.0026173121087524273,0.000465648390278163,-0.0036392841981038
1778454628536926308,0.20752307606529805,-0.18633751816911323,9.289789092784366,-0.0013219505545378832,-0.0009660670117484366,0.001064923551412167
1778454628557323774,0.19378167121078668,-0.07742085370783647,9.293979915213285,0.0029731956515419104,-0.0024659593376810604,0.0009967466275061384
1778454628577835186,0.20113926834186838,-0.039165450943523805,9.319131029681651,-0.0012537736306318555,0.0003974714663721318,0.0016785158665664232
1778454628598225819,0.18346809557129953,-0.09667266353747223,9.32026376653418,0.0007915340865489989,0.0006020022380902185,0.0015421620187543662
1778454628618671916,0.2079231094301244,0.011161879966120836,9.309464177851948,-0.003571789043436826,-0.001102420859560492,-9.408415499031781e-05
1778454628639142364,0.20111245609391756,-0.05949233863082387,9.309613265692144,-0.0001629428481353997,-0.0006933593161243187,0.0004513312362579105
1778454628659601368,0.18890673548277967,-0.014027159831541514,9.31285741765088,-0.0011174197828198,-0.0017841900986207762,0.0009285697036001098
1778454628680099317,0.20594463860758075,-0.052313297977251316,9.314457360868163,-0.0013219505545378832,-0.0014433054790906341,-0.0009122072418626596
1778454628700460932,0.20689309618073795,-0.016381735201153547,9.310746226465863,-0.0015264813262559698,-0.0005570054683122633,-9.408415499031781e-05
1778454628721153065,0.19735514890190856,-0.053488591715615874,9.301141880649762,0.0001779417713947424,-0.00014794392487608998,0.0007240389318820244
1778454628741404625,0.19015954419090833,-0.03915127902685189,9.3069731439383,0.0006551802387369417,-0.001852367022526804,0.0012694543231302523
1778454628761816518,0.20597125287042214,-0.05710251381037068,9.314475012349412,-0.00023111977204142917,-0.0013069516312785787,-2.5907231084289217e-05
1778454628782293392,0.20104858876092616,-0.02599169745201324,9.317883390260116,0.0009960648582670838,-0.002670490109399147,-0.002752984187325429
1778454628802722896,0.20111588186932747,-0.047532938849754014,9.314365528381432,0.00010976484748871293,0.0006020022380902185,-0.0028211611112314576
1778454628823246844,0.20118604128695025,-0.022430475131063388,9.328662032282093,0.0009960648582670838,0.0012837714771505027,-0.0007758533940506024
1778454628843671311,0.2019877244442609,-0.010390432313647724,9.30585358971641,0.001473303325609283,-0.00014794392487608998,0.002769346649062879
1778454628864058334,0.20577316080170702,-0.04031979869185959,9.30721864507643,-0.0005720043915715713,0.00019294069465405211,-0.0015939764809229447
1778454628884612023,0.20689385363203575,-0.025949937016095825,9.307184235884055,0.00045064946701885676,0.0014883022488685893,0.0003831543123518819
1778454628905025749,0.20476995980027138,-0.04753652617183396,9.318018457679846,-0.001867365945786112,-0.00389767473970766,-0.0007076764701445738
1778454628925458290,0.20595471794870093,-0.04155120215446134,9.31921403642776,-0.0001629428481353997,0.0021700714879288735,0.0009967466275061384
1778454628945904312,0.2107635139898231,-0.04273964940711894,9.319292630303554,0.002018718716857512,-0.0013751285551846064,0.0008603927796940812
1778454628966340002,0.23110950962862956,-0.018769569044356282,9.324316033563015,0.0003824725431128273,0.0010110637815263918,-0.002071214948265144
1778454628986905524,0.19344138392315144,-0.031906253541041096,9.287816736900913,0.0002461186953007701,-0.0019205439464328351,0.0005195081601639387
1778454629007298898,0.20120428909637642,-0.032002086896437854,9.326299139548388,-0.00036747361985348635,0.000465648390278163,0.0009967466275061384
1778454629027810902,0.21652722318470344,-0.03430994136237814,9.306164390139102,0.0013369494777972259,0.0013519484010565339,-0.0009803841657686882
1778454629048152573,0.21665232401571402,-0.012806209419391479,9.322872328346905,0.00010976484748871293,-0.0009660670117484366,0.002360285105626708
1778454629068642095,0.1997246651987676,-0.041517943680870584,9.303533038145586,-0.0002992966959474569,-0.001102420859560492,0.0019512235621905374
1778454629089090470,0.1999453862887258,-0.040364969078209245,9.319116897300594,0.0007233571626429694,-0.0020568977942448906,-0.0007076764701445738
1778454629109544788,0.20352113633374105,-0.04513731253081543,9.315592890991649,-0.0002992966959474569,-0.0025341362615870916,0.0011331004753181951
1778454629130031403,0.2082291734528007,-0.04391410211475244,9.309667169886309,-0.0015264813262559698,0.00298819457480122,-0.00016226107889634597
1778454629150396074,0.21075267719740512,-0.043933543414966636,9.318097945325762,0.000587003314830914,-0.0008297131639363811,-0.0005713226223325175
1778454629171036874,0.21438926477022066,-0.04393372078661434,9.320551776776078,-0.0002992966959474569,-0.0014433054790906341,0.0003831543123518819
1778454629191290415,0.20863145168975286,-0.0439925309746928,9.337246420392647,-0.0007083582393836284,0.001692833020586676,0.0009285697036001098
1778454629211745882,0.22033377366079712,-0.027167214389533012,9.322980918544763,-0.0002992966959474569,0.0012155945532444784,0.004337415898901535
1778454629232155127,0.19742530831953134,-0.028386127996925248,9.315438384550426,-0.0011855967067258277,0.001420125324962565,-0.0007758533940506024
1778454629252532038,0.19998702057069292,-0.04156909293735345,9.321519505867109,0.0014051264017032553,0.0018973637923047626,-9.408415499031781e-05
1778454629273017116,0.18296051370449826,-0.03677336611915771,9.308052144537553,-0.002003719793598171,-0.0004206516205002078,0.000792215855788053
1778454629293461083,0.2010402223075108,-0.030774093384268286,9.315502846045161,-0.0015264813262559698,0.001079240705432423,0.001337631247036281
1778454629313916568,0.20464848272978006,-0.0319647548133315,9.315562894669586,-0.0009810659350077428,-0.0005570054683122633,-0.0016621534048289733
1778454629334321258,0.2024139486199424,-0.03678567860271953,9.325136238432906,-0.0024809582609403684,-0.00035247469659417663,0.0012694543231302523
1778454629354769632,0.20825427281304662,-0.029566914317987303,9.316808802531174,-0.002685489032658455,-0.0013069516312785787,0.0005876850840699673
1778454629375271136,0.20476179133196545,-0.027202818583669575,9.32513802597315,-0.0013901274784439144,-0.0006251823922182945,0.0012694543231302523
1778454629395623121,0.2154042580004815,-0.019975197593315175,9.3168847710769,-0.0026173121087524273,0.0010110637815263918,0.0007240389318820244
1778454629416118162,0.2134035541269134,-0.0511538582170209,9.332550687227597,-0.0015946582501619976,0.0021018945640228492,0.0014739850948483377
1778454629436559481,0.19169980763120817,-0.04997935968188,9.326216970592107,-0.0001629428481353997,-7.976700097006573e-05,0.0002468004645398247
1778454629456957226,0.1976808121406369,-0.05235607681554766,9.323920326893381,-0.0009810659350077428,0.0024427791835529913,0.003519292812029193
1778454629477410970,0.2058689790457641,-0.03555445251176548,9.315594678531893,-0.0011855967067258277,-0.0008297131639363811,-0.0009803841657686882
1778454629497788308,0.20937401020696814,-0.030744954347700693,9.31083627141235,-0.0011174197828198,-0.0027386670333051748,-0.00043496877452046034
1778454629518222367,0.2106878544280065,-0.025980803941633213,9.320429947967284,0.0013369494777972259,5.6586846841989724e-05,0.001337631247036281
1778454629538678445,0.19992542559159474,-0.03677305720336965,9.319103658689658,-0.0009810659350077428,-0.0012387747073725475,0.0003149773884458533
1778454629559082653,0.1964652565026583,-0.05594338296592838,9.321516824556742,0.0013369494777972259,-0.0011705977834665197,0.0007240389318820244
1778454629579544638,0.19989387065074796,-0.024806837521435532,9.321457725682738,0.0009960648582670838,-0.00014794392487608998,0.0011331004753181951
1778454629599938586,0.20235311109214207,-0.04155784468367796,9.319158400673647,-0.00023111977204142917,-0.00014794392487608998,4.2269692821739376e-05
1778454629620431276,0.19994861407902634,-0.05352167281755893,9.314369047481623,-0.0028900198043765417,0.0021018945640228492,0.002564815877344794
1778454629640833594,0.20447947526290908,-0.02355975745234723,9.30713831964069,-0.000640181315477599,0.001420125324962565,-0.00036679185061443175
1778454629661207839,0.20937572309467314,-0.02476525445716582,9.313212402756992,0.000587003314830914,0.0012837714771505027,4.2269692821739376e-05
1778454629681697047,0.1915783305607168,-0.03440758832337759,9.323761407581847,-0.0017991890218800842,0.0005338253141841942,0.0014739850948483377
1778454629702073513,0.19638370082642906,-0.04755543535710499,9.319087738768355,-0.0005038274676655435,0.0005338253141841942,4.2269692821739376e-05
1778454629722548425,0.19960812880628168,-0.03312317617118288,9.298705756660995,-0.002276427489222285,-0.0016478362508087208,0.0003831543123518819
1778454629742937855,0.19504248489125156,-0.03796216811511077,9.31303840131398,-0.0010492428589137705,0.0003974714663721318,-9.408415499031781e-05
1778454629763386247,0.2059739211945342,-0.0355749122143586,9.322789265620502,4.1587923582685205e-05,-0.001988720870338863,0.0016785158665664232
1778454629783910418,0.20251889076871252,-0.03680613830531265,9.332330825521515,-0.0013901274784439144,0.0009428868576203606,0.0009285697036001098
1778454629804327626,0.2020483639869519,-0.030734369753108615,9.302331314967414,-0.0015946582501619976,-0.0013751285551846064,0.0019512235621905374
1778454629824883815,0.19765838110450315,-0.04517566301630066,9.32509294751961,-0.0004356505437595141,-0.0020568977942448906,0.0003831543123518819
1778454629845164745,0.1951774670782729,-0.03081244386975357,9.325002902573122,-0.0032309044239066838,-0.0005570054683122633,0.003042054344686993
1778454629865593286,0.21069526544501463,-0.03674630971485532,9.316872370255789,0.0012687725538911981,0.00019294069465405211,0.0003149773884458533
1778454629886129901,0.1940543039089416,-0.04159380362110998,9.326223171002662,-0.0011174197828198,0.0009428868576203606,4.2269692821739376e-05
1778454629906578479,0.19033444777219186,-0.039185378531173765,9.318964122419317,-0.0017991890218800842,0.0008065330098083051,0.0002468004645398247
1778454629927093186,0.20944568452718657,-0.024778894258894568,9.318008794149398,-0.0011855967067258277,-0.0022614285659629772,-0.0007076764701445738
1778454629947460172,0.20356030027670538,-0.042752934465552284,9.31918135879533,0.0015414802495153125,5.6586846841989724e-05,0.0017466927904724518
1778454629967928472,0.19987960808292007,-0.037960131310352974,9.315510778015666,-0.0012537736306318555,0.0038063176616735597,0.002701169725156851
1778454629988343717,0.20962114757465847,-0.05949729909857815,9.31693766954035,-0.0009810659350077428,0.00298819457480122,-0.00023043800280237456
1778454630008793424,0.1879134158373549,-0.03559789500914534,9.318913793305638,-0.0007765351632896562,-0.0028750208811172337,0.0005876850840699673
1778454630029177780,0.20965461338831962,-0.04036771536955791,9.326459846400168,-0.0016628351740680287,-0.0008297131639363811,-0.000844030317956631
1778454630049539006,0.2109541950415301,-0.04875685875240793,9.330106575288028,-0.003435435195624767,0.0027154868791771022,0.0033829389642171357
1778454630070013640,0.20821415343367508,-0.0474991940887276,9.307282212801043,0.0010642417821731132,0.0017610099444927071,0.0005195081601639387
1778454630090477199,0.20574730399016342,-0.04509878467368239,9.303639003013375,-0.0002992966959474569,0.00026111761856007637,0.0005876850840699673
1778454630110869592,0.2045252927715838,-0.02237268334536391,9.310731200314683,-0.0021400736414102263,0.0009428868576203606,0.0017466927904724518
1778454630131300670,0.20474924165184252,-0.03437641248205214,9.321567209650718,-0.0015264813262559698,0.000465648390278163,-0.0005031456984264889
1778454630151766433,0.19384441961140134,-0.041552884215923735,9.311833996825444,-0.0007083582393836284,-0.0008978900878424054,-0.0010485610896747168
1778454630172226252,0.18793014874418548,-0.02603310314463525,9.323674881735549,4.1587923582685205e-05,0.0009428868576203606,0.0002468004645398247
1778454630192614922,0.1964262905448033,-0.0332116575107721,9.32742846926132,-0.00036747361985348635,0.0021700714879288735,0.0008603927796940812
1778454630212990463,0.2072986022079906,-0.02961686780044348,9.333577627153225,-0.0028218428804705105,-0.0012387747073725475,0.0031102312685930217
1778454630233450560,0.2095013833918721,-0.03794582784954076,9.316858237874731,-0.001867365945786112,-0.00014794392487608998,0.000792215855788053
1778454630253909379,0.19517651164186575,-0.046360345575230666,9.319064780646674,0.0003824725431128273,0.000465648390278163,-0.0005031456984264889
1778454630274417753,0.20111360951543414,-0.01882833340492729,9.325051500126852,0.00010976484748871293,0.0005338253141841942,-0.0010485610896747168
1778454630294745238,0.20730848356400142,-0.04397087549807299,9.328834190204566,-0.0010492428589137705,-0.0004206516205002078,0.0012012773992242237
1778454630315126557,0.1942466978483535,-0.041631313075864096,9.33941324733178,-0.0024127813370343407,-0.0029431978050232614,-0.0014576226331108875
1778454630335584431,0.19301783507895412,-0.042824011309685106,9.33700091925452,-0.0005720043915715713,0.0021018945640228492,0.0031784081924990503
1778454630355982620,0.19013958349377727,-0.035559367152012356,9.306959905327364,0.0003824725431128273,0.002033717640116818,0.0004513312362579105
1778454630376412495,0.19990793523346642,-0.036769647252937465,9.317904560841555,0.0012005956299851704,0.001420125324962565,-0.002957514959043515
1778454630396884647,0.20356695384241572,-0.04395023842383211,9.31918577166564,-0.0031627275000006526,-0.0015114824029966618,0.0016785158665664232
1778454630417395466,0.20017351839569217,-0.0499775002487699,9.331143178744108,0.0002461186953007701,0.0013519484010565339,0.0003831543123518819
1778454630437753155,0.20580738406666596,-0.03075841677778174,9.31317883135444,-0.00036747361985348635,0.0010110637815263918,-0.0014576226331108875
1778454630458183677,0.21080857404720008,-0.031984373485193396,9.326447501559352,-0.002276427489222285,-0.0008297131639363811,0.0014739850948483377
1778454630478976051,0.20134668230040595,-0.03561786842430276,9.334706063096036,-9.476592422937198e-05,0.000465648390278163,0.000792215855788053
1778454630499145296,0.2108484954414622,-0.039168197234872526,9.326473978781225,-0.0012537736306318555,0.0008065330098083051,0.0017466927904724518
1778454630519587874,0.18778185942574335,-0.0307882194734328,9.31170155473578,0.0005188263909248845,0.0017610099444927071,-0.0024802764917013147
1778454630540004415,0.19869237959548777,-0.04035695340331824,9.315501058504918,-0.0002992966959474569,0.0018973637923047626,-0.00023043800280237456
1778454630560505882,0.20700867713681667,-0.040324404416318405,9.309635386024002,-0.0015264813262559698,0.0005338253141841942,-0.0017303303287350019
1778454630580953497,0.20466844342691112,-0.035556666688171035,9.315576133280523,-0.0015946582501619976,0.00012476377074802092,-0.00029861492670840315
1778454630601413371,0.20365611852076246,-0.037987588285458174,9.327557392250792,0.0009960648582670838,0.00012476377074802092,0.0012012773992242237
1778454630621944005,0.20601041681338653,-0.05471813574510753,9.318063480153091,0.0003824725431128273,-0.0013069516312785787,0.0004513312362579105
1778454630642348379,0.20593818302697972,-0.025999890498552003,9.323953060506108,0.0003824725431128273,-0.0004206516205002078,0.0015421620187543662
1778454630662769642,0.20595471794870093,-0.04155120215446134,9.31921403642776,0.00045064946701885676,0.0008065330098083051,0.0009285697036001098
1778454630683289368,0.20227820898162321,-0.03436720103313451,9.31673372775557,-0.0007083582393836284,-0.001102420859560492,-0.002207568796077201
1778454630703720668,0.19290946715477417,-0.05476295138816173,9.325054069476625,0.0020868956407635395,-0.0011705977834665197,0.002019400486096566
1778454630724274135,0.19621469335955813,-0.039150437996120724,9.31066316373946,0.0008597110104550266,-1.1590077064034532e-05,0.0024284620295327367
1778454630744777862,0.20124839371734612,-0.036794712679989405,9.32751588887774,-0.0036399659673428536,0.0034654330421434176,0.0018148697143784802
1778454630765037125,0.2000244716259523,-0.04516441476262517,9.322731842326148,0.000587003314830914,0.001692833020586676,0.0009967466275061384
1778454630785560203,0.20486996127103604,-0.040379982025612327,9.327584763242788,-0.002685489032658455,0.0012155945532444784,0.0004513312362579105
1778454630805974521,0.21428850584815826,-0.04152206311789369,9.314547461794948,-0.002208250565316254,0.00012476377074802092,0.0016103389426603948
1778454630826420507,0.20120257620867146,-0.03798178678697273,9.323923008203748,0.00045064946701885676,0.0009428868576203606,0.0018148697143784802
1778454630846915029,0.1879392726488985,-0.030818909027322483,9.322493435368694,-2.658900032334252e-05,0.00298819457480122,0.002701169725156851
1778454630867263607,0.19650119265532215,-0.040402301161315546,9.329853142179395,-0.0024809582609403684,-0.00035247469659417663,0.0012012773992242237
1778454630887757426,0.20719688784952098,-0.042753111837199986,9.321635190245644,0.002291426412481626,-0.00014794392487608998,-0.0009803841657686882
1778454630908215578,0.19989291521434074,-0.040354739226912684,9.31551960375629,-0.0009128890111017134,0.0003974714663721318,-0.0020030380243591154
1778454630928690878,0.19877070748141648,-0.035588197272791944,9.322677994112277,-0.0009128890111017134,0.001692833020586676,0.004132885127183449
1778454630949123586,0.19511587209917478,-0.026016408135769775,9.32258705539567,0.0005188263909248845,-0.001102420859560492,4.2269692821739376e-05
1778454630969617997,0.1925532044116061,-0.028381344900818728,9.310567812152538,-0.0009810659350077428,-0.0021250747181509183,0.0002468004645398247
1778454630989997001,0.1963937801675493,-0.03679333953431507,9.323844414327953,-0.000640181315477599,0.0018973637923047626,0.0003149773884458533
1778454631010491172,0.20374357031140425,-0.03800463803761911,9.333552881491299,0.0010642417821731132,-0.0019205439464328351,-0.0022757457199832297
1778454631030925546,0.1966002386896797,-0.048793658720571065,9.333481325815885,-0.0026173121087524273,0.0003974714663721318,0.0004513312362579105
1778454631051421420,0.20235824975525687,-0.02361874501207334,9.326286794707572,-0.0008447120871956856,-0.0019205439464328351,0.0007240389318820244
1778454631071976869,0.19753423570989978,-0.05113149325381022,9.314323131238258,-0.0029581967282825694,-0.0027386670333051748,-0.0013212687852988303
1778454631092324187,0.20221071788811254,-0.03794206315581311,9.310751477126,-0.0012537736306318555,-0.0006933593161243187,-0.0013212687852988303
1778454631112727376,0.2046558937467882,-0.0427302605865536,9.312005316958093,-0.00023111977204142917,-0.0010342439356544608,0.0024966389534387652
1778454631133172862,0.19299616149411816,-0.04521179932538044,9.33461154929894,-0.0010492428589137705,0.0012155945532444784,-0.0006394995462385453
1778454631153584643,0.19135589658305366,-0.0415402628165738,9.305801417082193,-0.0011174197828198,-0.0008297131639363811,-0.00016226107889634597
1778454631174105610,0.2036327320482215,-0.04635507619168838,9.32279189095057,-0.0002992966959474569,0.0012155945532444784,-0.0032302226546676283
1778454631194534022,0.2022831496596287,-0.04154420488194921,9.314362009281242,0.0006551802387369417,-0.0007615362400303499,0.0004513312362579105
1778454631214997303,0.2083924827903685,-0.03557389381197973,9.324025453971345,0.0012687725538911981,-0.0008978900878424054,-0.0010485610896747168
1778454631235427252,0.20240633961782492,-0.0511362763499168,9.319193703636145,-0.0011174197828198,0.0010110637815263918,-0.0021393918721711726
1778454631255802848,0.22260994205260184,-0.023550414459289237,9.315810183347958,-0.0020718967175041986,-0.001852367022526804,-0.0005031456984264889
1778454631276291556,0.20595396049740314,-0.03198300033951906,9.322776027009565,-0.0024809582609403684,0.0015564791727746205,0.0016103389426603948
1778454631297127041,0.19750686399576053,-0.03677407560574858,9.317867470338813,-0.0033672582717187392,-0.00014794392487608998,0.0039965312793713926
1778454631317609897,0.16331261748823037,-0.04174344086932341,9.35811663636577,-0.0028900198043765417,-0.0010342439356544608,-0.0005713226223325175
1778454631337930197,0.7386427521916967,-1.3740181731149503,9.623554977268757,-0.032546981703498935,0.038235664234217946,0.07326428596789634
1778454631358615479,0.04948860190785867,-0.3634875660604398,9.168102984850869,-0.006912458314832223,-0.00021612084878212118,0.02356330844040157
1778454631378879520,0.20119433230243502,-0.5831083495035791,9.44696556584858,-0.05320458964702557,0.05207557978714173,-0.006843599621687138
1778454631399437690,-0.08096181313058638,-1.0156321376716417,8.947852562720938,-0.027910950877889,0.03155432569142715,-0.10058686999247632
1778454631419807287,-0.2912914440275341,-0.9946817783967774,9.018853233396396,0.04149315765844801,-0.028100482726347777,-0.04461361546562693
1778454631440302680,0.3336812065194057,-1.473722350971716,9.471400103575766,0.03474364219175119,0.010419479280558322,-0.04611350779155955
1778454631460694183,-0.06775000418667496,-1.1837587008357018,9.132080697335153,-0.013661973781529044,0.014237387019295923,-0.11490402401274231
1778454631481115798,0.35668694443105264,-0.6676244905827957,9.377743891432823,0.0732636041986573,-0.13956975331270438,-0.011615984295109133
1778454631501624580,0.4926392293197728,-0.7867955747616511,9.272380530791144,-0.052386466560153236,-0.10118614515361032,0.21589041077930796
1778454631522054436,-0.011838548658863357,-0.3999630604157823,8.48755827101832,0.04667460387530618,-0.06580232164638153,0.16973463329492666
1778454631543189625,0.273169665103573,-0.21388552180007325,9.336457750603417,0.02308538820382032,0.046076010483411235,-0.00016226107889634597
1778454631563202333,0.5231208416721806,-0.18021980184248182,9.451689157141832,-0.06159035128746708,0.04757590280934385,-0.09806432380795327
1778454631584246855,0.7946055693589665,-0.2900202041815633,9.5078290302373,-0.1228814058789867,0.12318411142112945,-0.06827100806101882
1778454631604625155,0.17440358038988638,-0.33170012659258363,9.021265913703436,0.03222109600722814,-0.00989724404343817,0.07749125525007011
1778454631625557252,0.20590389436926107,-0.7744132391886189,10.192191291520773,0.014972334259002927,-0.029054959661032175,0.0504250164593768
1778454631645763015,-0.28783562672629043,-0.14022533505739052,9.166881499111135,0.04790178850561469,-0.10009531437111388,0.08546795534707545
1778454631666134537,0.9684158190810545,-0.26091356369585883,10.326803539101395,0.10094343530450486,-0.07616521408009787,-0.00861619964324388
1778454631686538727,0.9580897515991108,0.914589249171099,9.15596513062797,-0.07065788216696886,0.07498302621956732,-0.047136161650149985
1778454631706904860,-0.051341135555197676,-0.8631494578367565,8.40230046821923,-0.05272735117968337,0.08268701862094854,-0.05354479249731666
1778454631727901123,-0.006577246620226795,-0.08423936201798715,10.285924767753214,0.0350163498873753,-0.09034601425255179,-0.017956438218369786
1778454631747963627,0.7328824777219551,-0.7354088895193217,9.881310011303233,0.04326575768000475,-0.08448279879663334,0.0686282551422864
1778454631768416872,0.7657949523712493,-0.42881056575674315,9.455135531844153,0.008836411107460362,0.007896933096035272,-0.0018666841765470582
1778454631788825598,0.18273918962462302,0.5837756667199154,10.021507595783635,-0.009775889118885418,0.011646663910866835,0.02806298541819945
1778454631809743435,0.5791431772082141,-1.647744487199664,9.776722579918648,-0.007457873706080448,0.013078379312893434,-0.02225158442444958
1778454631830028458,0.9024505333469565,-0.28784719236819206,10.072931036097874,0.05567395783090194,0.09311808797857088,-0.023274238283040007
1778454631850475073,-0.3197740393918072,-1.1732113008484222,9.879805096471266,-0.051636520397186914,0.02780459487659559,0.03283537009162145
1778454631871271243,-0.3678276836635426,-0.2440402580814311,8.992190789514478,0.0641960733191555,-0.03744072130147368,-0.0018666841765470582
1778454631891350006,0.31065248237420384,-0.2756178770534614,8.34344137533299,-0.011275781444818046,-0.05707567538640989,0.037266870145513296
1778454631911956381,0.7672253759607811,-0.6152232408014773,8.494378834192448,-0.05272735117968337,-0.06280253699451628,0.020086285321194115
1778454631932292107,-0.5453375927654804,-0.6579684009177492,9.174356322323405,-0.06240847437433941,0.08282337246876059,-0.014343061251350273
1778454631952710481,-0.2376830886488582,0.19096325037245937,8.944683526569216,0.026835119018651883,0.026304702550662966,-0.034727961499252794
1778454631973205003,-1.0091708734313867,0.5735903135657738,8.614896251047437,-0.00425355828249711,-0.02523705192229458,0.022813362277435256
1778454631993648563,0.4020025833041976,0.09152545129706924,10.220876191618373,0.05601484245043208,0.006056156150572499,-0.109381693176354
1778454632014087622,-0.04772154700568679,0.38449572345697197,7.968689274123039,-0.06990793600400255,-0.016919467205759105,-0.13515257041283277
1778454632034527108,1.9315516555965806,-2.488539476625598,9.932519230696023,0.07585432730708638,0.05991592603633502,0.018859100690885606
1778454632054900297,0.7915330070496333,-1.063444536656881,9.91097001508953,0.008700057259648303,-0.05734838308203401,-0.10624555467667669
1778454632075424949,0.20973987636581262,-0.3135317833563671,9.805771792593982,0.05785561939589485,0.025418402539884595,0.010677869822162185
1778454632095752064,0.18212073796449077,0.057343773719529145,7.803187194421307,0.0802176504370722,0.012464786997739181,0.1492815561231181
1778454632116138234,0.11742618246739664,-1.217421069638118,9.718886648810532,-0.04236445874596704,0.051393810548081446,-0.12308525488146574
1778454632136586571,0.6325632402757979,0.5361010701829565,9.407644537043678,0.07128647340538247,0.012805671617269324,-0.02647855370662335
1778454632157100872,-0.5522829248938235,0.3133618049632552,9.47645029663895,-0.10386004410920474,-0.11495788378262808,-0.10072322384028838
1778454632177545116,0.6022262090936534,-1.3033349518729747,9.10210532066601,-0.03902378947457164,-0.05987092926655706,0.0870360245969141
1778454632198018213,-0.6184296666339064,-0.6506599902161563,10.750841341612338,-0.011343958368724073,-0.0037613208918956045,0.06583300126213924
1778454632218403217,0.6608591874869314,-0.8121171848287827,9.028115428175074,0.029425842127080968,0.02896360258299808,0.012450469843718927
1778454632239245961,-0.8171712837486593,0.004662148429839419,8.396931817788444,0.012858849617916043,0.05105292592855131,-0.08838320061329723
1778454632259403243,1.0034294391163496,-0.8570011743941458,9.456752915140251,-0.13501689833425978,-0.07009746785246133,-0.04059117695517125
1778454632279732599,0.21104968388843012,-1.4959729510299737,7.966270684088106,-0.02463845853039963,0.03721301037562753,-0.04631803856327764
1778454632301283399,0.2542305151351063,0.24104021542783266,11.009272363654858,0.14116782040906167,0.15004581944010467,-0.007389015012935367
1778454632320834903,-1.1229597493956338,0.16205096954856785,5.922080092732811,0.020017426628049034,-0.06014363696218117,-0.13801600121688598
1778454632341184277,0.28830260039603484,-1.4105404578016878,14.124272272577343,-0.14742509848515695,-0.14256953796456961,-0.023956007522100295
1778454632361594485,0.15989539346643064,-2.4092311647764033,13.25434422620006,0.024108042062410746,0.1593860580152306,-0.03227359223863577
1778454632382016785,1.8632607614324523,-0.4804637766465902,7.733999692773617,0.0519924039399764,0.05759791062353004,-0.018501853609618014
1778454632402443807,0.42052992308839254,0.40283315059143526,8.562080347194653,0.10346598148902791,0.06196123375351587,-0.01959268439211447
1778454632422925700,0.4236180846741878,-1.1082522532458745,10.2626924639788,0.06249165022150479,-0.07827869872118476,-0.029614692206300655
1778454632443317815,-0.7431836197357335,-0.5914338968317101,8.389431716401871,-0.11599553656447782,-0.10084526053408019,-0.05374932326903475
1778454632463789411,0.383901658594614,-0.5156178306627424,8.996394021115552,0.05451495012449945,0.013623794704141663,0.04878877028563212
1778454632484290712,0.2134806990823412,0.38228738348652597,10.160571751309291,-0.01652540458558224,0.06359747992726056,-0.04011393848782905
1778454632504783660,0.30124897735882805,-0.21343845276438259,9.616214041368186,-0.03295604324693511,0.09059554179404783,0.03365349317849379
1778454632525156942,-1.6279197951484194,0.19491359590899843,10.407317731074395,0.05028798084232569,0.023577625594421822,0.04531174716642466
1778454632545614964,1.5528054226296255,-0.06413910006638313,9.732122335944148,0.005154857216534822,0.09543610339137584,0.001337631247036281
1778454632566210172,-1.5178005457756176,0.9129780459385191,9.339489049835608,-0.04584148186517449,-0.054348598430168746,-0.006639068849969053
1778454632586699787,-0.9531642145581554,1.816721852116234,10.621699985616557,-0.012571142999032586,-0.03928149824693645,-0.022728822891791782
1778454632607071420,2.0130232351207127,1.2273706928771395,10.584545460580438,-0.0664309128847951,0.005647094607136333,-0.021501638261483266
1778454632627570776,0.3474610760812511,1.8912659566015135,10.534837102653846,-0.07549844376429689,0.07355131081754071,0.05335662418733602
1778454632647979706,0.2388049012915918,-0.9440742892395346,9.255836947182367,-0.041409981811282644,0.01151031006305478,0.03801681630847961
1778454632668523450,0.8054909700781233,0.032847267034222805,7.987936045479279,-0.08217978230708768,0.07130147232864179,0.043811854840492034
1778454632688829084,-0.5617170379793139,0.3424729789269579,8.922347049547461,-0.08545227465457705,0.09127731103310813,0.02581314692930051
1778454632709254754,1.2374179764606033,-1.2372909361740096,11.120898306677995,-0.030842558605848225,-0.0016478362508087208,-0.0770658312448965
1778454632730028684,0.8024071014257196,0.6685866705807677,9.66394124217707,0.004268557205756453,0.1396147500824823,0.013541300626215383
1778454632750763688,-0.11350923770624866,-0.0822788868835983,9.949795708896058,0.05649208091777428,0.039940087331868664,0.04258467021018352
1778454632771104192,0.21858422798109936,-0.8082617977523061,9.89640172979792,-0.030774381681942194,0.00612433307447853,0.0236314853643076
1778454632791266066,-0.30590776837141836,0.22116962387728428,8.804457865606244,0.0036549648906021963,0.023509448670515798,0.02540408538586434
1778454632811729385,0.7871866052057412,0.16019430720664335,9.910094445677501,-0.1357668444972261,-0.041531336735835395,-0.09847338535138944
1778454632832251389,0.28636939172713005,-0.18260073223119,7.206254378551038,-0.040319151028786186,-0.055575783060477266,-0.019660861316020496
1778454632852668670,1.0445876725088132,-1.785831540226076,8.553229412536432,-0.09683782094688381,-0.08768711422021669,-0.030841876836609168
1778454632873144489,0.906979282087396,0.20468955104839542,9.087000653373439,-0.06868075137369405,0.13579684234374473,0.061537855056059444
1778454632894005938,0.047193849132378646,0.9135862326953432,9.740100468540188,0.0007233571626429694,-0.12368453004259974,0.011495992909034528
1778454632914188978,-0.5051083213612084,-0.9178868159229243,6.317938067240966,-0.11456382116245122,-0.0324638058563336,-0.060021600268389375
1778454632934731167,0.9363109908182133,-0.6675588669536259,13.489047105647124,0.01210890345494973,-0.013374267162645621,0.017904623756201204
1778454632955151764,-1.148249632320651,-1.2195476913842727,13.796885007405555,0.04824267312514483,0.12966091919220216,0.032971723939433505
1778454632976044009,0.8059591676000989,-0.9761865366868772,7.886079848765418,-0.008139642945140736,0.12284322680159931,0.004951008214055791
1778454632996475346,-0.47377464447646145,-0.8725381058926995,9.30930316657669,0.09446662753343216,-0.09027783732864578,0.05356115495905411
1778454633017046553,1.4707960803355566,0.517987420865643,9.595690923745423,0.11021549695572473,0.054870833667288905,0.054106570350302335
1778454633037649539,0.47963008602876633,0.5741681256228783,8.97596818777642,-0.09622422863172955,-0.10923102217452169,-0.047954284737022325
1778454633057963969,-0.18176504486323591,-1.0974202898041823,8.176949751308772,-0.10870060570653277,-0.07268819096089041,-0.021637992109295325
1778454633079113639,-1.0880447257767707,-0.7824254295766947,7.96160792913409,0.05758291170027074,0.031963387234863326,-0.08027014666847983
1778454633098895106,-0.03788445116826469,-0.6302182366315734,7.766297829782539,0.03201656523551005,-0.07343813712385673,0.08021833220631125
1778454633119426814,0.0015892556497932309,0.5652540661293992,10.515084280616888,0.11866943552007227,-0.03539541358429282,-0.005207353447942455
1778454633139885447,-0.40700631421811617,0.39095388773443923,11.320995181005244,-0.043932527995805694,0.08070988782767372,-0.12424426258786822
1778454633160254914,-0.4998338682168878,0.349412446977817,9.465142923108873,0.060923580971666134,-0.10943555294623977,0.042311962514559404
1778454633180782566,1.3671570437933376,1.1238350758679052,11.608315640374743,0.039175142245643044,-0.06150717544030174,-0.012365930458075448
1778454633202128774,0.8066251544730988,1.1155141013183352,9.133720046424573,-0.04372799722408761,0.09229996489169856,-0.05006776937810921
1778454633222428222,-0.7172724432913841,2.765343005262923,7.316796933655996,-0.03356963556208936,0.001079240705432423,0.05969707811059667
1778454633242959152,-0.09027974695709574,1.3806193383612422,10.037197346962628,0.25427333716916295,-0.06232529852717408,-0.015638422805564815
1778454633263210081,-0.22721818616697745,-1.2651117448596343,11.089972085345751,-0.07052152831915681,0.043962525842324345,-0.04236377697672799
1778454633283661993,0.7284965580939728,-1.2495601745465585,9.221347036758454,0.08158118891519277,-0.06607502934200565,0.06746924743588392
1778454633304214256,0.5018906421811172,0.8778960830489375,9.959446188278868,0.10162520454356515,-0.04487200600723079,-0.10951804702416605
1778454633324553741,0.21830360930550788,-0.4469837572389874,10.837365673317159,-0.07570297453601497,0.06318841838382439,-0.02047898440289284
1778454633345031190,-0.4764856148646355,-2.498342501706641,8.426791710009379,-0.13283523676926684,-0.10145885284923445,0.06494670125136087
1778454633365371823,-0.6997213703118823,-1.2638375620373452,6.9995005512027415,-9.476592422937198e-05,0.013760148551953719,-0.012911345849323673
1778454633385859012,2.0125415967288593,-0.45648364808198055,10.739252636890296,0.07803598887207928,0.0802326493603315,-0.03575061535784323
1778454633406460257,0.4879253762051926,-1.558187436042873,10.634541054375584,-0.07843005149225611,-0.06396154470091878,0.04128930865596898
1778454633426871909,-1.5912414248874835,-0.11906328112015155,8.028167678567792,0.033175572941912534,0.029440841050340276,-0.023137884435227952
1778454633447296190,1.9128090256398147,-0.7520639173259782,10.620092673031591,0.09467115830515024,0.0826188416970425,0.05131131647015517
1778454633467728231,-1.087543563222741,0.9666743582051085,6.350105625519546,0.031471149844261824,0.01750987936678529,0.07183257056586975
1778454633488101550,1.4878347819453064,-0.4065691745491501,8.438829267307932,-0.15710622167981303,0.19067926608809765,-0.04379549237875459
1778454633508581998,-1.2086762164235674,-0.01846354781223053,9.938635221019439,-0.026206527780238284,-0.052712352256424067,-0.03465978457534677
1778454633529015539,0.04790541863458661,1.2495107621804389,9.50393441288171,0.01879024199774052,-0.15177342269188349,-0.030773699912703144
1778454633549512784,-0.442971654099956,-0.8312929319134549,8.30861997111395,-0.06309024361339971,0.044507941233572566,0.047016170264075376
1778454633569938343,-0.3820331645357017,-1.7134672035539573,9.93353561747316,-0.2597124921583859,-0.04364482137692227,-0.026955792173965546
1778454633590444254,1.9142044410313217,-1.1073429940201955,9.675527916867862,-0.047954966506261375,0.003942671509485615,-0.0976552622645171
1778454633610954518,-0.374640687366511,0.19099521497620392,9.67744061579629,-0.08361149770911429,0.02923631027862219,0.02526773153805228
1778454633631334466,0.3436293053469487,-0.4881136792923354,7.313734807425266,0.07033199647069807,-0.013306090238739594,0.018450039147449433
1778454633651773173,0.16253950299030404,-0.614494598215277,8.676841766954572,0.011358957291983416,-0.01801029798825556,0.020086285321194115
1778454633672177622,0.07307862115705008,0.24991000545193603,8.217996561689883,-0.06424925131980219,-0.0475309060395659,-0.030296461445360946
1778454633692603181,0.20824811425253972,-0.6316443064898051,8.841847581378202,0.04019779610423347,-0.08632357574209612,0.12385156350616949
1778454633713062018,1.2103848582019423,0.6818412315125224,10.319956344859417,0.030380319061765367,-0.030895736606494945,0.03740322399332535
1778454633733444004,-1.5987193826467576,-0.5008000765444535,7.535514393147098,-0.12110880585742996,0.007283340780881012,-0.05361296942122269
1778454633753953341,-1.6097252104823083,-1.0975296188657002,8.943702727485066,0.0018141879451394269,-0.08618722189428406,0.03815317015629167
1778454633774384289,0.5250778723159122,0.18627788348348723,8.159276034807856,-0.017070819976830465,0.016487225508194862,0.08505889380363928
1778454633794701737,0.8617045360020213,0.030142673329900282,8.549860061315961,-0.15751528322324915,0.03441775649548035,0.07837755526084848
1778454633815213723,-0.3162536267303985,-1.2246171195661633,9.854869430838669,0.24616028322434558,-0.18572553079708568,-0.06779376959367661
1778454633835685819,3.243259374337576,1.3676999016182185,10.057591571893045,0.09753458910920344,0.11670730365005674,-0.006639068849969053
1778454633857052916,-1.1285555800223834,0.7413736168353056,8.06338988451742,-0.24164560732328833,0.2579698899833478,-0.10106410845981853
1778454633876707364,0.2940498992435896,-2.565113317234654,13.423613932626159,0.1077611276951077,-0.11802584535839936,0.08049103990193536
1778454633897133498,1.0424284727475421,0.0350747770962494,6.951018028985226,0.20764032121743947,-0.05216693686517584,0.06726471666416584
1778454633917611798,-0.2240605476679285,0.760132380076773,7.129037649523793,-0.11395022884729696,0.06959704923099105,-0.07031631577819968
1778454633938052098,-0.14013016489246446,-1.8170883076728723,12.821996581358087,0.1869827132739128,-0.12688884546618306,0.006859962083424589
1778454633958493694,1.8463599478731008,-0.1448419391401437,8.842633281281708,-0.042568989517685125,0.0591659798733687,0.04115295480815692
1778454633979127513,-1.3388925920433015,0.8782502112309871,5.706372199129854,-0.09547428246876324,0.19374722766386895,-0.026137669087093206
1778454633999361035,1.3581496927231602,-0.8593387894364372,15.9250563664893,0.15241701285355636,-0.03164568276946126,0.059833431958408734
1778454634019779132,1.6049694899271845,1.0601848502007654,12.665978576745525,0.0665822656558665,-0.0080564670979754,-0.02279699981569781
1778454634040262876,-0.9134661174114291,-0.21372878263761477,5.1654226619563985,-0.08442962079598662,0.18427063524093099,0.037744108612855494
1778454634060680306,0.5509805176647683,0.2141702861697165,8.052881371091157,0.3180187610212996,0.026713764094099132,0.05628823191529525
1778454634081321606,0.7320968059039525,0.4798725189176211,9.874525478496992,0.05969639634135762,0.05780244139524813,-0.04181836158547976
1778454634102003221,-0.10071699852539363,1.2771839781266792,9.776066664285421,-0.06813533598244581,-0.13159305321569903,0.09003580924877935
1778454634122293373,-1.7318669525606423,-0.08020704988334598,10.66564579569111,0.1505762359080936,0.010351302356652298,0.032085423928655134
1778454634142706914,1.2551953990991722,0.4517264918818055,10.013381691922385,0.09133048903375485,0.0720514184916081,-0.03984123079220493
1778454634163167474,1.8420748262524225,-0.5465003793904566,10.703375436722244,-0.046250543408610664,-0.05803015232109429,0.0686282551422864
1778454634183576107,-0.5164245875087405,-0.2137583734412802,8.772799781834445,0.10796565846682579,0.06339294915554247,0.06228780121902576
1778454634204039352,1.4912537982055958,0.05610605594694407,9.095366156480459,0.052401465483412575,0.09639058032606027,-0.13869777045594625
1778454634224440374,-0.2605781698624698,0.8722329765197936,10.596242353211183,-0.06247665129824545,-0.27196933953821173,0.04088024711253281
1778454634244892100,-0.9003815350513803,0.4794554085499532,10.196954892966065,-0.00466261982593328,0.08152801091454603,0.10864810947512514
1778454634265398511,0.12795330352821435,-0.18692028652127907,8.60643561837569,-0.09547428246876324,0.034213225723762265,-0.06308956184416065
1778454634285754182,-0.0545391882909691,-0.03078478092207615,9.568099598372548,-0.09411074399064268,0.008305994639471438,-0.008479845795431823
1778454634306780501,0.3272143985900665,0.019195140964107016,9.509083322079473,0.011290780368077388,0.021123256333804796,0.1779840410875561
1778454634326685004,-0.40002021682933714,-0.03479819389638089,10.321625009434111,0.005563918759970993,0.18624776603420581,-0.15540111681292323
1778454634347137768,2.1180679016416546,-1.1257781172161225,10.809227614155533,0.05117428085310406,-0.09873177589299331,-0.1746951862783293
1778454634367557938,1.9174364339418426,-0.08730679081544446,10.117865228488085,0.11812402012882404,0.1996104431197874,0.011427815985128499
1778454634387941534,-2.3367319423958155,0.7917366292052246,11.41200939239358,-0.027706420106170915,0.04273534121201584,-0.06036248488791951
1778454634408674816,2.167672180949082,-0.024018011290309282,10.758075486358655,-0.054636305049052175,0.0663245568835017,-0.04209106928110387
1778454634429056690,0.9020769861699164,-0.12492510208247215,8.790805248747672,0.16537062839570177,0.22054075875893814,-0.0727706850388167
1778454634449375046,-1.8311136265931938,1.875918490102675,10.277045938278505,-0.06363565900464793,-0.20501960026249175,-0.037659569227212024
1778454634469765217,3.042657414940122,0.3060361646784929,10.222550906441102,-0.05613619737498479,-0.06866575245043474,-0.006639068849969053
1778454634490272887,0.8010764262795006,0.14589629760008743,7.8100362088995245,0.2342974984646966,0.22067711260675021,-0.059953423344483336
1778454634510718687,-1.5895567839596263,1.1012586427619455,8.769463908995478,-0.12281322895508066,-0.047258198343941786,0.0217225314949388
1778454634531144043,3.7353692318024336,0.7177797994040955,10.306100513798501,0.044970180777655466,0.03803113346249986,0.03358531625458776
1778454634551613250,1.6711977075579918,-0.8653762332565054,9.893881072661785,0.011290780368077388,0.0976859418802748,0.07503688598945309
1778454634572071810,0.6450311603179845,0.11242500468440497,9.773802207092254,-0.03377416633380745,0.1092078420203936,-0.01993356901164461
1778454634592446406,-0.4378451903798519,0.6670421885022524,9.803023410087633,-0.0013901274784439144,-0.07187006787401808,-0.003298399578573657
1778454634612956021,0.10802362470075386,1.0597480602029759,11.416458141319367,-0.021365966182910263,0.11602553441099647,0.00822350056154516
1778454634633436599,1.2580823025543846,-0.12517783688942627,7.028055377085219,-0.07283954373196178,-0.13370653785678593,-0.07754306971223869
1778454634653994955,1.006583162611189,-0.3761710647524962,7.960148116954824,0.029494019050986996,0.03666759498437929,-0.016729253588061273
1778454634674454551,-0.7642669077861662,0.7604423956236177,10.418628940646895,-0.04645507418032875,0.020305133246932457,-0.007661722708559481
1778454634694902389,0.5511198306961733,-0.08404724465004987,10.585854905723732,0.02247179588866606,-0.006692928619854828,0.005291892833585934
1778454634715274022,0.005276581403807268,-0.42608255790393545,8.00479423927797,0.045447419244997664,0.052348287482765855,-0.03063734606489109
1778454634735721007,0.5567002322506093,-0.4292444036628926,6.966761653754058,-0.03956920486581987,-0.04357664445301625,0.08219546299958608
1778454634756254141,0.370562691503451,-0.5474065926013691,9.634072038287368,0.09685281987014316,-0.04105409826849319,0.14410010990625996
1778454634776515959,0.1728224981202511,-0.10604077161014863,9.657000063675099,0.0134724419330703,0.020509664018650543,-0.10965440087197811
1778454634796993945,-0.07960778342602853,-1.637052249195875,10.206468879339207,-0.04931850498438195,-0.0011705977834665197,0.09460366315048327
1778454634817420282,0.08031540976398446,-0.5578457254027653,8.4919484046999,0.10264785840215558,-0.03600900589944708,0.043266439449243806
1778454634837833656,-0.39285441330149523,0.07084102184495394,7.311130316164652,-0.019388835389635435,0.12761561147502132,0.030312823907098392
1778454634858742993,0.3086401292933848,-0.6361686729707678,8.398654871456053,-0.06677179750432524,-0.026123351933072952,0.005155538985773877
1778454634878677868,-1.2481615459837434,-0.21256643043541712,9.544313514565157,0.3078603993593014,-0.09620922970847023,-0.1256078010659888
1778454634899202760,0.38154247192772184,2.2206114301232325,10.526985333770499,0.01988107278023698,0.09925401113011345,-0.004730114980600254
1778454634919642560,-1.6645614434706586,0.5006011049088988,8.584650652600114,-0.18874031437221023,-0.028236836574159836,0.009314331344041615
1778454634940042416,1.6838838176900022,0.867069091865623,11.171771841780005,0.15548497442932768,-0.08755076037240463,0.10551197097544783
1778454634960925661,-1.1419455050148963e-05,0.7267029170919026,8.077286907445819,0.028266834420678483,0.09379985721763118,0.050970431850625025
1778454634981522757,-0.8561360868022743,-0.7155928522042146,6.521577698802724,-0.16351485252697967,0.03223609493048744,-0.03684144614033968
1778454635001664946,0.8033470410370195,1.30518085084262,10.627909272989273,-0.10488269796779517,-0.14454666875784444,-0.0031620457307615997
1778454635022226469,1.0329279152584003,0.018025208245331048,12.882670561282271,-0.04986392037563017,0.034826818038916525,0.03685780860207713
1778454635042679213,-0.2551610600453377,-0.11777233708602705,8.040419271276834,0.032357449855040195,-0.0036249670440835456,0.03903947016707004
1778454635063090106,0.5391918058447074,0.4284566779145638,8.889899677611622,0.1354409588009553,-0.04255399059442582,0.011632346756846584
1778454635083555999,-0.3577042184182948,2.982171375139263,8.76374798292264,-0.06424925131980219,-0.06996111400464927,-0.004252876513258057
1778454635103975503,-0.048368277019340516,3.441378836409952,9.161285671847672,-0.05327276657093161,-0.05932551387530883,-0.0337734845645684
1778454635124492821,-0.183192044490241,2.9779185372419827,10.35968572472235,-0.04495518185439612,0.0068742792374448455,-0.060567015659637596
1778454635144918158,0.7114050266392232,1.5777216973813641,7.3863084269007375,-0.04829585112579152,0.00026111761856007637,0.04272102405799558
1778454635165427570,0.5659271346420207,2.049209180078944,7.794755391704415,-0.07133965140602916,0.027191002561441337,0.0621514473712137
1778454635185837333,1.1263064059054575,2.073329626566097,9.7705845979088,-0.028251835497419144,0.013555617780235632,-0.22541881766441452
1778454635206330855,0.7799074714270693,0.27715357081156783,9.619447627513889,-0.02007060462869572,-0.00035247469659417663,-0.09267834681937702
1778454635226783655,0.5530043810645047,0.29370117781289123,9.127963655021668,0.004950326444816737,-0.0015114824029966618,-0.04045482310735919
1778454635247195363,0.15022268859240115,0.10220295232334503,9.255496867577335,-0.0011855967067258277,-0.00348861319627149,-0.018433676685711983
1778454635267659441,0.38922845879269796,-0.15953751805775382,9.249343365314166,-0.007935112173422649,0.0009428868576203606,0.0016785158665664232
1778454635288127370,0.26448402315453223,0.008847468687596671,9.318738315343701,-0.0005038274676655435,0.001420125324962565,-0.0017985072526410305
1778454635308507652,0.33431354259779755,-0.06760723305517341,9.304508091597855,0.0013369494777972259,-0.0008978900878424054,0.0021557543339086227
1778454635328918045,0.3435241207575658,-0.09645319698504201,9.3491104376247,-0.002549135184846396,-0.0033522593484594312,-0.0019348611004530868
1778454635349425197,0.3151344532682132,-0.025788170594350235,9.322043384836523,-0.0013219505545378832,-0.0007615362400303499,-0.0007076764701445738
1778454635369863719,0.31152675231213234,-0.05928181450064873,9.308921233122035,0.002018718716857512,0.0014883022488685893,-9.408415499031781e-05
1778454635390318019,0.3068105467247668,-0.040171317328547285,9.321966522520675,-0.0019355428696921397,0.001079240705432423,0.00017862354063379613
1778454635410689375,0.30785462455687174,-0.024590511892774947,9.317131309065582,-0.001867365945786112,-0.0021932516420569495,-0.0014576226331108875
1778454635431120619,0.3117075520078285,-0.05094501614830815,9.324478615055172,0.0008597110104550266,-0.0006251823922182945,0.0002468004645398247
1778454635451571623,0.3068105467247668,-0.040171317328547285,9.321966522520675,0.00045064946701885676,-0.0010342439356544608,0.0029057004968749364
1778454635472145534,0.3235539800706073,-0.03175578120047845,9.320996168099576,0.000587003314830914,0.0007383560859022739,-0.002752984187325429
1778454635492503001,0.3067563627626768,-0.04614078736778565,9.315993097631731,0.0006551802387369417,0.00019294069465405211,0.0029057004968749364
1778454635512927283,0.3164456291651394,-0.04255162178429478,9.323322808120366,-0.0008447120871956856,0.001965540716210787,0.0009285697036001098
1778454635533515602,0.31522170707374564,-0.050921323866930546,9.318538761568774,-0.001458304402349942,0.0013519484010565339,0.001337631247036281
1778454635553789550,0.3140778257559853,-0.04854256992850514,9.323307781969184,-0.003435435195624767,0.001420125324962565,0.000792215855788053
1778454635574252220,0.31264421735216064,-0.031755249085535286,9.313634673748632,-0.0004356505437595141,-0.0005570054683122633,0.003314762040311107
1778454635594657317,0.30680389315905643,-0.03897401337026746,9.321962109650363,-9.476592422937198e-05,-0.0008978900878424054,0.0009967466275061384
1778454635615081580,0.3032313709043417,-0.0473583736570109,9.320738266140335,-0.0017310120979740565,-0.00028429777268815237,-0.0013212687852988303
1778454635635552565,0.3177836173100166,-0.03898818528693937,9.334119995393714,-0.0008447120871956856,-0.001102420859560492,-0.0016621534048289733
1778454635655955124,0.30216334713350745,-0.03662236166365185,9.333870081385273,0.0008597110104550266,5.6586846841989724e-05,0.0018830466382845088
1778454635676427425,0.30441194582606357,-0.043764247605765805,9.320743572780769,0.00010976484748871293,0.0009428868576203606,-0.0012530918613928017
1778454635696854817,0.29978717727093807,-0.047395705740117255,9.331474511019136,0.0006551802387369417,-0.0014433054790906341,4.2269692821739376e-05
1778454635717245636,0.3177119429897982,-0.044954245375745494,9.326947472656666,0.0015414802495153125,-0.0013751285551846064,0.0012012773992242237
1778454635737718510,0.3105537893340574,-0.03421225451225329,9.333991072404242,-0.0005720043915715713,0.0014883022488685893,-0.0012530918613928017
1778454635758135681,0.3199632100064663,-0.030568529721847426,9.322135217323252,0.0014051264017032553,0.0015564791727746205,0.0005876850840699673
1778454635778583999,0.3115126877294139,-0.047319004769146744,9.31247439796322,-0.0024809582609403684,0.0005338253141841942,-0.00036679185061443175
1778454635798973170,0.30790195696814204,-0.04253984141567613,9.313600208575961,0.0002461186953007701,0.0009428868576203606,0.0029057004968749364
1778454635819459507,0.3068356460850127,-0.025824129531782203,9.32910815516554,-0.0004356505437595141,-0.0015114824029966618,-0.001525799557016916
1778454635839920474,0.3308971166487519,-0.031769775745502604,9.330700222392613,-0.0016628351740680287,-0.001579659326902693,-2.5907231084289217e-05
1778454635860390181,0.3079768590786608,-0.04973048506621963,9.316024881494037,-0.0009810659350077428,0.00237460225964696,-0.0020030380243591154
1778454635880875204,0.31527342069683295,-0.041363351903284884,9.325698045694887,-0.0029581967282825694,0.00032929454246610756,0.0019512235621905374
1778454635901289041,0.32373629466889897,-0.04255538647802243,9.329429568869099,-0.002003719793598171,-0.00014794392487608998,-0.00029861492670840315
1778454635921771452,0.3116035652954655,-0.03537665474023788,9.32322214989301,-0.0012537736306318555,0.0012837714771505027,0.0014058081709423095
1778454635942215382,0.29858492876438014,-0.05337761980705774,9.329079834423126,-0.0002992966959474569,0.0027154868791771022,0.0008603927796940812
1778454635962674145,0.3032047566415004,-0.04256915782389148,9.320720614659088,0.0001779417713947424,-0.0025341362615870916,-0.0018666841765470582
1778454635983157408,0.3130997241147956,-0.04141210961171443,9.341249227217467,-0.0024127813370343407,0.0007383560859022739,-0.0005031456984264889
1778454636003574801,0.32578680129273996,-0.03291455730162529,9.309046692991615,0.0009960648582670838,0.002647309955271078,0.0018830466382845088
1778454636024063305,0.31019390283037007,-0.04490615132639941,9.305252439882613,0.0001779417713947424,0.0028518407269891577,0.0029738774207809645
1778454636044452290,0.31636901416691565,-0.041340678024286204,9.318522003857648,-0.0011855967067258277,0.0015564791727746205,-0.0031620457307615997
1778454636064899034,0.3079593687205324,-0.049727075115787445,9.314825783645935,-0.0013901274784439144,0.001965540716210787,0.0003831543123518819
1778454636085371668,0.3055499310294113,-0.05451389940085366,9.31240814892824,-0.002003719793598171,0.0015564791727746205,0.0022239312578146513
1778454636105779412,0.32005978570182125,-0.035371385356695595,9.326949260196908,-0.002208250565316254,-0.0008297131639363811,-0.0021393918721711726
1778454636126337842,0.3070211884736048,-0.04978043854867581,9.332793706116089,-0.0007765351632896562,-0.005056682446110145,0.0018148697143784802
1778454636146730327,0.30210669283241476,-0.03900332977848281,9.329082515733491,0.0003824725431128273,-0.001102420859560492,-0.0010485610896747168
1778454636167202850,0.31038382643077933,-0.04135515885674612,9.319628375448895,-0.00023111977204142917,-0.0006251823922182945,0.0016785158665664232
1778454636187647446,0.3320301611740941,-0.035342423691775704,9.324736517014411,-9.476592422937198e-05,0.0005338253141841942,-0.00023043800280237456
1778454636208080598,0.32021130281056387,-0.043772972767247675,9.334174737377703,-0.00023111977204142917,-0.0007615362400303499,0.0007240389318820244
1778454636228590139,0.31153607420195484,-0.03895151686291648,9.31723989926344,-0.0020718967175041986,0.001965540716210787,0.0024284620295327367
1778454636248989624,0.29611979220857343,-0.0449975105014776,9.327812755980096,-0.0024127813370343407,0.0008747099337143363,-2.5907231084289217e-05
1778454636269500054,0.31180337025188554,-0.04617966996821404,9.332854648510635,-0.0007083582393836284,0.00012476377074802092,-0.00023043800280237456
1778454636289901817,0.31388543181657347,-0.04850506047375108,9.310117705640067,-0.0001629428481353997,-0.0014433054790906341,-0.001389445709204859
1778454636310345747,0.3139787797216278,-0.04015121236924962,9.319679598332694,-0.0024809582609403684,0.0018973637923047626,0.0005876850840699673
1778454636330831306,0.2949276230431358,-0.04021732874562817,9.33017475494368,0.0007915340865489989,0.0014883022488685893,0.0009285697036001098
1778454636351239995,0.3187818776334468,-0.024594453958150297,9.325691901264628,0.00010976484748871293,-0.0015114824029966618,4.2269692821739376e-05
1778454636371745888,0.30916827079280074,-0.04494246500712684,9.31722487311226,-0.0007765351632896562,-0.00028429777268815237,0.00011044661672776797
1778454636392178040,0.3224450794691037,-0.02938384716291742,9.328163384196191,-0.0009810659350077428,0.0021018945640228492,0.0005876850840699673
1778454636412614136,0.3167387820266139,-0.04500078890776954,9.342517199430617,-0.001867365945786112,-0.0016478362508087208,0.0016785158665664232
1778454636433073696,0.31174253272408525,-0.05095183604917253,9.326876810751376,-0.0004356505437595141,0.0031927253465193067,-0.000844030317956631
1778454636453545070,0.3092024940577597,-0.03538108309304899,9.323185059390267,0.0001779417713947424,-0.0019205439464328351,-0.001184914937486774
1778454636474002000,0.30827590805454774,-0.043808754333031996,9.338785676256405,-0.0028218428804705105,0.0034654330421434176,0.0033829389642171357
1778454636494404874,0.30451688797483367,-0.04378470730835893,9.327938159869378,0.0001779417713947424,-0.0008297131639363811,-0.0009122072418626596
1778454636514815804,0.31552987995434567,-0.04978539901643014,9.34011810996429,0.00045064946701885676,-0.0004206516205002078,0.0009285697036001098
1778454636535283567,0.3163389741286644,-0.04851086197223653,9.313752089687116,-0.00023111977204142917,0.0010110637815263918,0.0014739850948483377
1778454636555709219,0.3105587300120628,-0.04138925836106799,9.331619353929911,0.001132418706079141,0.00032929454246610756,-0.0017303303287350019
1778454636576205704,0.30932910979136574,-0.03301375477994678,9.332769016434458,-0.0017991890218800842,-0.0017841900986207762,0.0009285697036001098
1778454636596587171,0.3259282390603624,-0.0520782405349674,9.311515494612811,0.0022232494885755967,-0.00021612084878212118,-0.00016226107889634597
1778454636616993952,0.30800271589020445,-0.04495149908439677,9.319604523557091,0.0007233571626429694,0.0022382484118349047,-0.0030256918829495434
1778454636637692271,0.3227273955381601,-0.03302690829423982,9.346163090528652,-0.0024127813370343407,0.0009428868576203606,0.0002468004645398247
1778454636657889182,0.3151327403805083,-0.03176787048488511,9.319667253491879,-9.476592422937198e-05,0.0005338253141841942,-0.0015939764809229447
1778454636678379741,0.3115993820687579,-0.0377678527063654,9.322031877785534,0.0015414802495153125,0.0009428868576203606,-0.00036679185061443175
1778454636698778245,0.30094360826882127,-0.04260086578016009,9.330276306941158,-0.00023111977204142917,-0.0017841900986207762,0.0019512235621905374
1778454636719270934,0.3187634318389112,-0.04013894571319521,9.318554681490076,0.0026323110320117683,-0.00021612084878212118,-0.0014576226331108875
1778454636739698975,0.31896570713433403,-0.05453046286557883,9.327001320870535,-0.0024127813370343407,0.0027154868791771022,-0.0020030380243591154
1778454636760195127,0.33801610636152823,-0.04489614467425801,9.320068154841355,0.0005188263909248845,-0.002329605489869005,0.0015421620187543662
1778454636780657149,0.3070246142490147,-0.03782103876760612,9.337545968805372,-0.0015946582501619976,-0.0010342439356544608,0.0020875774100025946
1778454636801067801,0.31410539545523397,-0.03778388405614741,9.329263555376885,-0.0016628351740680287,0.00012476377074802092,0.0017466927904724518
1778454636821608453,0.3249309341733394,-0.050924070158279267,9.32588171066835,-0.0015946582501619976,-0.0015114824029966618,0.0003149773884458533
1778454636842024124,0.3201529356217663,-0.052133640772613565,9.32701104038128,-0.0033672582717187392,0.0018973637923047626,-0.0009122072418626596
1778454636862507331,0.3092882329606965,-0.0413778327357448,9.326804417286136,-0.000640181315477599,0.0021018945640228492,0.0009285697036001098
1778454636882956372,0.31422611507442744,-0.04378745359970759,9.335281108968951,-0.0001629428481353997,-0.0023977824137750327,-0.0010485610896747168
1778454636903381191,0.3117201016879514,-0.043771422249925585,9.328049431377602,0.000587003314830914,-7.976700097006573e-05,0.000792215855788053
1778454636923845843,0.3140736425292777,-0.050933767894632664,9.322117509861709,0.00045064946701885676,-0.0006933593161243187,0.0005876850840699673
1778454636944245402,0.30216163424580256,-0.04260206155418672,9.331493950040631,-0.0016628351740680287,0.0018291868683987314,-0.001525799557016916
1778454636964726980,0.31412535615236503,-0.041375795930987,9.329276793987821,0.0003824725431128273,0.0003974714663721318,0.0022239312578146513
1778454636985220373,0.3068713842525672,-0.035399151247588856,9.327944360279934,0.0007915340865489989,0.0006701791619962497,-0.0013212687852988303
1778454637005578469,0.3177260075725167,-0.05691705510724754,9.323394307815482,-0.0013219505545378832,-0.0021932516420569495,-0.001184914937486774
1778454637026189695,0.3127058123312587,-0.03655128481951908,9.316050520926085,0.0013369494777972259,-0.0015114824029966618,-0.0012530918613928017
1778454637046764421,0.3175454058619299,-0.04013774993916858,9.317337038390605,0.0018141879451394269,-0.001579659326902693,0.000792215855788053
1778454637067195110,0.30646492278890747,-0.03771192035377602,9.29917483766612,-0.0013219505545378832,-7.976700097006573e-05,-0.0009803841657686882
1778454637087651262,0.3188141900255914,-0.0461288754550267,9.319775843689738,0.0003824725431128273,0.0005338253141841942,0.0002468004645398247
1778454637108091173,0.3093889918827589,-0.04378949040446545,9.332808732267267,-0.0011855967067258277,0.0007383560859022739,0.0011331004753181951
1778454637128589455,0.3154182842398652,-0.04856763535555708,9.332919110005369,-0.002003719793598171,0.0021018945640228492,0.0007240389318820244
1778454637148968366,0.31647813954239346,-0.038969939760751804,9.326906863053734,0.0005188263909248845,0.000465648390278163,-0.0009803841657686882
1778454637169683759,0.3069337366829631,-0.049763388796514874,9.32679821687558,-0.0021400736414102263,-1.1590077064034532e-05,-0.0005031456984264889
1778454637189839726,0.310462154316708,-0.036586402726219824,9.326805311056257,-0.005071681369369453,5.6586846841989724e-05,0.0029057004968749364
1778454637210280174,0.31283736874287027,-0.04136096035523157,9.323262759495941,-0.000640181315477599,-0.0010342439356544608,-0.00036679185061443175
1778454637230771159,0.31280485836561633,-0.0449426423787746,9.319678704562573,-0.001458304402349942,-7.976700097006573e-05,0.001337631247036281
1778454637251249515,0.3119290305490845,-0.05936024336058909,9.336500483628372,-0.0002992966959474569,-0.001102420859560492,0.0024284620295327367
1778454637272492297,0.3177136558775031,-0.03897454548521062,9.329323604001308,-0.00023111977204142917,0.0028518407269891577,-2.5907231084289217e-05
1778454637292539726,0.03921055437842916,0.39417090769418145,9.243139726561623,0.005632095683877023,-0.00028429777268815237,-0.018842738229148157
1778454637313605600,0.313606950960169,0.3038840403372833,9.176975194231217,0.004132203357944396,-0.001102420859560492,0.015109369876054038
1778454637333844289,0.011708028518912006,-0.06085654091186926,9.243153888147894,-0.012162081455596416,-0.00021612084878212118,0.03542609320005053
1778454637354372275,-0.8684093034931312,0.4324553131896654,9.490317174066895,0.005972980303407165,-0.03853155208397014,0.09439913237876518
1778454637374776075,-1.0879589494317554,0.539189255722031,9.702326756893529,0.03399369602878488,0.012192079302115064,0.011905054452470698
1778454637395188319,-0.39017250290752914,1.0097145834724897,9.332591012407244,-0.03704665868129682,0.08057353397986164,-0.029273807586770513
1778454637415650249,-0.9492612097535835,0.2188046920457722,10.038894172689893,-0.07556662068820291,0.05568895675416125,0.08451347841239104
1778454637436039438,-0.487815506897187,0.39606167378029283,9.071949318630244,-0.04093274334394044,0.049484856678712656,0.11532944801791593
1778454637456626109,-1.3372206365612416,0.034325500967186284,7.314649644296595,-0.012093904531690389,0.09570881108699997,0.038630408623633865
1778454637476864668,-0.03767937613668226,0.8037831827492956,9.145770534581217,0.10339780456512189,-0.16820406135323634,-0.08756507752642488
1778454637497313931,0.16868708891338427,1.6258158828139433,8.626913585938809,-0.030842558605848225,0.10907148817258155,-0.28446003376703516
1778454637517677472,-0.23840335113355982,0.9479836154045427,10.499208321712695,-0.08763393621956997,0.018055294758033517,-0.2125333790461751
1778454637538108531,-0.8844497031980789,0.09046774031384758,9.74305157568254,0.08219478123034703,-0.005533920913452343,-0.2743016721050369
1778454637558637257,-0.03835055929612993,0.7309722683485993,9.484088173707748,0.039516026865173186,-0.0868008142094383,-0.19092129416796408
1778454637578989909,1.7904000567950757,0.7136522111509043,7.962344104002356,0.04442476538640724,0.06339294915554247,-0.18921687107031337
1778454637599444709,1.3528625660924285,0.1937366731910793,10.275962676433089,0.06917298876429559,-0.028714075041502033,-0.15710553991057394
1778454637619885343,0.6066148779327474,-0.3804593779651982,7.939596612682144,-0.006298865999677966,0.04355346429888817,-0.023956007522100295
1778454637640319328,-0.8280084691839379,-0.021885247413860942,8.878783644231282,-0.08640675158926145,-0.09361850660004117,-0.20523844818823006
1778454637660709887,-0.022545038686107327,0.5802801321921798,9.852911183874927,0.025403403616625287,-0.03069120583477686,-0.0009122072418626596
1778454637682115336,1.1263472108897687,-0.6880802561784385,7.000473107472117,-0.0800662976660008,-0.14256953796456961,0.1298511328099
1778454637702068543,0.640860743155568,1.0500794386977637,13.466309888441897,-0.005548919836711651,-0.06587049857028757,-0.03159182299957548
1778454637722400158,-0.6262772403603827,-1.0596844680284723,7.668839580323742,-0.008344173716858819,0.20526912780398776,0.037539577841137414
1778454637742795791,-2.2072693572757203,-2.391710278046274,4.761255756620445,-0.205034599185751,-0.0032840824245534035,-0.006502715002156996
1778454637763258369,-0.6761470781435929,-2.490148227351865,11.696442320489716,0.042447634593132416,-0.06102993697295954,0.13101014051630247
1778454637783783688,-2.0456036705796485,-0.3844347108156672,12.166405597001535,-0.21955628397773513,-0.22990417748819214,-0.231418386968145
1778454637804240136,-1.2714544555654927,0.988293031062373,3.7037979405959436,0.022676326660384147,0.06823351075287049,-0.14081125509703313
1778454637824628603,-1.422633854418898,0.9620215200430491,13.170998024299823,-0.10706435953278809,0.11698001134568087,-0.17210446316990022
1778454637845051829,-3.037795965007491,1.4611868509353902,12.56401363019707,-0.08974742086065685,0.04614418740731726,-0.15785548607354027
1778454637865539536,1.3222200473781982,2.00655288438806,6.468718940420909,0.05621937322215017,-0.12450265312947206,-0.057908115627302484
1778454637887028818,-0.9575535960029373,-0.6243713813680211,4.29108440606157,-0.03704665868129682,0.01812347168193954,-0.18764880182047472
1778454637906527803,-0.3324830057460138,1.1127821570083922,12.671812071571802,0.1349637203336131,0.10239014962979076,0.03597150859129876
1778454637927018844,-0.9186306380568937,-0.2654213918677833,9.40453974348719,-0.23919123806267129,0.023032210203173593,-0.0811564466792582
1778454637947416163,0.9196728927739496,1.0420185195323244,9.368301831920048,0.2714539219934822,0.16504474269943095,0.003246585116405079
1778454637967841407,0.7939421605611554,-0.09287388124875656,7.147840631083467,0.03992508840860935,0.28626331340434963,-0.028864746043334347
1778454637988171318,-0.7599995973611509,1.4562321344923037,12.868966242207968,0.2414560754748296,-0.2802187473308412,0.1913467181731377
1778454638008637211,2.0547506307966112,0.7557618493656255,9.316143823172482,-0.012366612227314503,0.08384602632735103,-0.03540973073831308
1778454638029133030,3.116570332235685,0.4995261446755321,9.602010329470462,0.08683081205595697,0.20520095088008172,0.0029057004968749364
1778454638049539885,3.8623466378954308,2.891863509662916,9.21530876481733,-0.1102004980324654,0.05466630289557082,-0.03820498461846025
1778454638070021611,3.3088298878322813,2.006858974904863,11.421754664829301,0.006654749542467449,0.1689990042859806,-0.12513056259864658
1778454638090436097,2.543122975147962,1.639851095247854,9.887548275717526,-0.11565465194494769,-0.14700103801846148,-0.019319976696490354
1778454638110871304,-0.7105386301717506,0.33235606837504633,8.178016906368082,-0.008275996792952791,0.038849256549372206,-0.08695148521127062
1778454638131312937,-0.16679778859733768,-0.3009479092185287,8.92836873002603,-0.12342682127023492,-0.09689099894753053,-0.08129280052707026
1778454638151703886,-0.2487199663688287,-2.8559934202809827,6.7892221700998725,0.08164936583909879,0.069460695383179,-0.006707245773875081
1778454638172243704,-2.1824430556804995,-0.04177618694769847,9.494494563330324,-0.17019619106977046,-0.03573629820382297,-0.12376702412052601
1778454638192673004,-0.05175802366264515,-1.9128379895291792,10.366135660487837,0.13455465879017692,-0.04541742139847901,-0.006639068849969053
1778454638213064619,-3.183546382722664,-0.3307656047099803,7.320997383767052,-0.05640890507060892,0.0710969415569237,-0.1086317470133877
1778454638233617438,-0.07505231788710334,-0.9894684499038007,10.681336592425795,-0.001458304402349942,0.13729673466967734,0.07421876290258074
1778454638253901849,-0.17459332902140595,-1.032507008761863,10.176450788069143,0.11157903543384531,0.011646663910866835,-0.06643023111555604
1778454638274434001,-1.9730765323230275,-1.7869881935284426,7.388103578960914,0.03610718066987176,0.1345696577134362,0.05028866261156474
1778454638294843320,-1.4976656687368146,-1.1763986022167694,7.296148602823998,-0.08852023623034834,0.01410103317148386,0.016472908354174608
1778454638315256546,-0.7113664998369557,-3.0430715288906565,7.4229131739742,0.1122608046729056,-0.04473565215941873,0.11253419413776876
1778454638335705938,-1.121951854346765,-1.055209853837618,12.0392366413974,0.0740135503616236,0.22681303575829276,0.20266408754153845
1778454638356081183,-3.793705439701062,-1.813642914488661,7.967862656525299,-0.04761408188673123,-0.27510547803788904,0.23279828790800303
1778454638376557594,2.1395476991782942,-1.468345932165096,7.952817123102705,0.030107611366141252,-0.12245734541229122,0.07046903208774917
1778454638396978635,0.2487764613970251,2.351727694678398,7.725227893706953,0.08635357358861476,0.16409026576474656,-0.030773699912703144
1778454638417383879,0.1194691716538718,-2.7446914014231605,7.881836999551306,-0.12410859050929522,-0.1527960765504739,0.175325141055221
1778454638438306568,-0.2416853712506483,0.2791545401081074,11.586493070362183,0.1292368587255067,-0.22615444667336057,0.13305544823348334
1778454638458683813,1.0316643634853486,0.7665451521898627,7.806570274702656,0.034675465267845165,0.22906287424719168,-0.041682007737667705
1778454638479363224,2.3807126518327384,0.6776293118433021,11.722689535970385,-0.061044935896218844,-0.20563319257764598,0.09548996316126164
1778454638499763006,0.5310872164323286,-0.0520125382667358,6.5046628052858235,-0.022320443117594665,0.13586501926765077,-0.21185160980711484
1778454638520334880,0.3270306193717526,1.7141356162854986,7.9948694328224645,0.014563272715566756,-0.006897459391572915,-0.12424426258786822
1778454638540747143,-1.2494778514303884,-0.5573953513695487,11.63027424767381,-0.06990793600400255,-0.11039002988092417,-0.11994911638178841
1778454638561197924,-0.23096524827429346,-0.4182420423888184,6.786715231920363,0.11526058932477085,0.04723501818981372,-0.12008547022960048
1778454638581533447,0.3925081252908925,-2.109224700160345,7.749501717616429,-0.03438775864896171,-0.5476086428902849,0.011155108289504384
1778454638602036395,2.0378106101606726,0.5649872756468803,5.692550202863558,0.2516826140607339,0.1462960886252731,-0.14067490124922108
1778454638622509010,0.3674562397587502,1.1051938823276912,12.02210911666064,-0.3514786317359002,0.060597695275395304,-0.10154134692716073
1778454638643003051,-0.07012626109670153,-0.02049664069942181,10.56163954159107,0.2809305144164201,0.0006701791619962497,0.029017462352883848
1778454638663403091,-0.5336656079315887,-0.37331951418054393,6.787869628743624,-0.19739878370827585,-0.0484853829742503,-0.18021751711471762
1778454638683876799,-0.6152064038933779,-3.8616800570225247,7.782195385534189,0.24281961395295015,0.03462228726719844,0.10326213248654888
1778454638704284303,-0.878651894680054,-0.44935284462126873,9.689938914934782,0.005223034140440851,0.10791248046617907,-0.08579247750486814
1778454638724761436,-4.149010717540302,-0.44542670881478375,6.5883993882131975,-0.07877093611178626,-0.0678476293635624,0.007200846702954731
1778454638745222903,1.2756068501638929,0.07349942563162543,14.154567815934756,0.07612703500271048,0.08043718013204959,-0.03834133846627231
1778454638765513962,0.33484043024607646,0.03830603117522102,10.781075387116998,0.1974137826315352,0.10361733426009928,0.033039900863339536
1778454638785989614,-3.5949598787056964,0.3424780253887347,7.759373910530016,0.02247179588866606,-0.04998527530018293,0.1415775637217369
1778454638806415988,-0.7411238737522328,0.2640474751936685,9.430552097324913,-0.14933405235452574,0.3043983751633532,-0.041613830813761674
1778454638826891825,-0.20514857485639698,1.5702609901011397,10.215760586263384,0.24009253699670902,0.14977311174448057,0.15657648698106316
1778454638847301385,1.708786553035652,1.54485565135674,5.311106552575377,-0.22569220712927768,0.18924755068607108,-0.1412203166404693
1778454638867768537,0.31152646845986787,-1.0509637120011328,10.25236225288964,0.08539909665393036,0.00694245616135087,0.07319610904399032
1778454638888117040,0.08264491201244059,0.10681364251360548,5.937314049339542,0.13441830494236484,0.13443330386562416,-0.08906496985235751
1778454638908671748,-0.6321358443619749,-0.8776796830966815,8.076889870106283,-0.2938009541114001,-0.19554300783955378,0.04633440102501509
1778454638929003604,0.9856842915633733,-1.0098044645676834,6.36888059145284,0.14253135888718227,0.02555475638769665,-0.16978644775709525
1778454638949456163,-0.220284014350473,2.6096332135158034,8.49867812964428,0.0034504341188841096,-0.12491171467290824,-0.05238578479091418
1778454638969867296,1.5096900092758723,-0.5133039828034481,13.934920463832213,0.10898831232541623,0.24508445136510842,-0.09813250073185929
1778454638990839985,-1.432277991559265,1.0569559912201933,5.954838098726611,0.062082588678068616,-0.16172725358216364,-0.13726605505391964
1778454639010968045,1.4671930888483944,-3.1305630543616116,8.052707038980724,0.204231475022138,-0.24040342376972051,-0.10017780844904016
1778454639031425993,-1.3138786970331782,0.37298472823625345,7.808901979164444,0.12848691256254036,0.13947839623467026,-0.2620298258019518
1778454639051852145,0.039986351384932006,-1.7934913643958927,8.058205646628727,-0.16440115253775806,-0.10554946828359615,-0.22719141768597126
1778454639072351111,-1.0904607619124524,0.2585255842982565,13.625822003882293,0.005632095683877023,0.3020121828266422,-0.2012841866016804
1778454639093331301,-3.9039802247672357,0.7984051284023923,8.058654925231686,-0.07856640534006817,-0.10084526053408019,-0.1057683162093345
1778454639113721712,-0.2981549230815529,1.5998938557842122,11.092948179302816,0.020835549714921377,0.28633149032825567,0.01545025449558418
1778454639134138530,-0.9083984274211451,-0.37492509985116795,13.772376110304913,0.04299304998438064,-0.11734407611933909,-0.019251799772584326
1778454639154575016,-0.40285089558984777,0.20108681048295524,9.06317490345416,-0.07740739763366569,-0.22083664660869035,0.11689751726775459
1778454639175021390,1.616902953014709,1.0733497743622489,5.169923693046864,-0.023956689291339345,0.14418260398418623,-0.013320407392759847
1778454639195340634,3.3948742184648992,-1.8098055978871925,10.942911709919306,0.2055950135002586,0.1730896197203423,-0.012434107381981476
1778454639215807805,4.719220213326254,1.1693480982996447,15.475784010592585,0.04490200385374944,0.04103091811436512,-0.032478123010353854
1778454639236305994,0.34684200915053354,-2.1261465154205648,4.856115644669726,0.05962821941745159,0.02725917948534736,0.14866796380796388
1778454639256722794,3.9296753368956225,0.689986031886912,11.356967945770066,-0.07004428985181461,-0.265492531767139,-0.012434107381981476
1778454639277137890,0.703515009332553,1.0805690568754698,7.892677370490204,-0.13399424447566932,0.2316535973556208,-0.03445525380362868
1778454639297643209,-6.3164080793727955,-1.1489740248581777,7.084915513532338,0.012858849617916043,-0.3334649249014494,0.050902254926718994
1778454639318054490,0.5401920981934949,-1.1645537958083305,9.098249424193689,0.06296888868884698,-0.07568797561275567,0.032699016243809394
1778454639338549827,-0.9655855369750902,0.8427880404498662,11.213632284197798,0.09092142749031867,0.09741323418465067,0.005837308224834161
1778454639358997405,2.8733217416847174,-0.6226018313968578,9.947549363045386,-0.10236015178327212,-0.4143227566539992,-0.03895493078142656
1778454639379459927,0.1687164121499349,0.19135479297618257,9.075639452483662,0.2027315826962054,0.07014246462223928,-0.07202073887585038
1778454639400047320,-0.4276789697233234,0.5202115551192301,6.738338421944117,-0.03841019715941739,0.024941164072542397,-0.21280608674179924
1778454639420592935,1.0119359557138259,0.08429554545828832,11.055113110646372,-0.1344033060191055,-0.10643576829437451,-0.14128849356437534
1778454639440955846,-0.7142136117009843,0.43669652274303866,9.365610446235364,-0.26462123067961996,-0.10070890668626814,-0.2623707104214819
1778454639461512294,4.230527233297971,0.08164679376755879,11.59278095946186,0.2014362211419909,-0.21081463879450416,-0.02770573833693186
1778454639481812576,-0.4362662471036529,0.9053460160020987,6.87108661993137,0.1364636126595457,-0.05714385231031592,-0.29236855694013447
1778454639502357098,0.12833519390105583,-4.454612446848206,6.2793192774620845,-0.03200156631225071,-0.28144593196114964,-0.030569169140985057
1778454639522844380,1.2857222860837485,-0.0659529235786599,9.77115868029048,0.07074105801413424,0.09420891876106735,-0.1052910777419923
1778454639543668124,0.8126892020856377,-0.7687871440172012,5.295996267075915,-0.08647492851316747,-0.1797941384172612,-0.058249000246832626
1778454639563745461,0.026326131521261786,1.7281478990399186,10.839755776583413,0.14457666660436308,0.2711280362972113,-0.010729684284330764
1778454639584184150,0.9981732017763402,-0.26869315619629963,10.553867505144622,-0.006912458314832223,-0.14147870718207317,0.04967507029641048
1778454639604652321,0.963758699596264,-0.7621507469442375,8.087950168290673,-0.1221996366399264,-0.25267527007280566,0.04715252411188743
1778454639625167417,0.13864533790386926,-0.979460815293562,5.251572250515347,0.0768769811656768,0.1376376192892075,0.02404054690774377
1778454639645727606,1.7735231348374465,0.6343721895127858,12.210970011821432,-0.06793080521072772,0.14404625013637418,0.018177331451825318
1778454639666092276,5.376534652685923,1.8303682689462575,15.03640459434101,-0.0649991974827685,0.1068216496836826,-0.016729253588061273
1778454639686591002,-1.1055705706035304,-0.17260384262357797,7.812886388163075,0.06719585797102076,-0.02748689041119352,0.10108047092155598
1778454639706992488,2.9531886892252843,-0.6008730120285913,8.270364032388024,-0.1920809836436056,-0.39659675643843184,0.009927923659195871
1778454639727437177,-0.21713902897082518,0.4335130382316222,8.716352985905628,-0.06997611292790858,-0.0011705977834665197,0.02254065458181114
1778454639748398458,1.0902194590205747,-0.7941848248445409,4.3161493387550465,0.18800536713250326,-0.20024721558906974,0.11014800180105776
1778454639768762295,-0.9967752533646148,2.154878944877111,8.74486163022242,0.2186849828902161,0.19252004303356043,-0.0670438234307103
1778454639789141984,2.4090306265607473,-1.9504522696023492,7.15431217782095,0.009109118803084477,-0.174544515276497,-0.13978860123844272
1778454639809657914,0.4751434955367606,-0.587948284416609,8.393861559495463,-0.02559293546508403,0.03537223343016476,-0.10120046230763058
1778454639830118270,0.7818639929153266,-1.520752830745485,11.134059568869118,-0.09833771327281644,-0.19063426931831973,-0.14149302433609343
1778454639850584884,-2.5987076483481335,1.5640272979921122,14.565257767078759,0.034675465267845165,0.05391635673260451,-0.18239917867971053
1778454639871164388,1.9229695710466526,0.9673789453688926,8.91893525982957,-0.26959814612476,0.08561862634890777,-0.09983692382951001
1778454639891503003,2.105691032080132,-0.897629311921343,8.068922149138835,-0.012571142999032586,0.08173254168626412,-0.1849899017881396
1778454639911935174,3.453648497516156,-0.2754904918192766,10.366461913211568,-0.14047105224674206,0.05043933361339705,-0.10706367776354903
1778454639932345029,0.7741690961787605,-1.5521198522309256,7.875673648614827,0.09255767366406335,-0.23644916218317089,-0.13160737036971928
1778454639952818866,2.1339662938979003,2.1077089604242016,11.803639444280806,-0.2063981376638716,-0.15525044581109093,0.10169406323671022
1778454639973275296,-1.8100712890833377,-2.5946189929712906,8.137994270270703,-0.18642229895940526,-0.09607287586065819,0.03794863938457358
1778454639993748985,0.6362975294776643,2.0886157762648225,13.298263160445408,0.1177831355092939,0.10470816504259572,0.0048828312901497625
1778454640014115433,-1.2185136187724805,-0.29172969118002207,6.277086229131029,-0.15601539089731653,0.10232197270588472,0.0611969704365293
1778454640034557103,4.279737687869318,0.014232320272821841,10.084475710751548,-0.028183658573513112,-0.18654365388395802,0.005428246681397991
1778454640055040200,-0.5346060075112312,-0.7008420265809376,6.599621295209117,-0.06697632827604333,0.15468185026571463,0.0621514473712137
1778454640075491055,-0.3787718365647703,-0.628630724833387,9.908102157715437,0.07244548111178495,-0.1260025454554047,0.1296466020381819
1778454640095992615,-0.26101958695978356,-2.2685411697580555,5.2608255393895735,0.11601053548773715,0.025963817931132824,0.1138295556919833
1778454640116336618,-0.09961259924347458,-2.140156441448177,11.526667595373182,0.1428722435067124,0.2591288976897503,0.07742307832616409
1778454640136783344,3.7690917281966327,0.297830120219485,11.473381844038345,-0.08729305160003982,0.1701580119923831,-0.06172602336604008
1778454640157319959,2.65945913224061,1.177204540665857,8.882807933912185,-0.0013219505545378832,0.08405055709906911,0.026563093092266822
1778454640177697389,4.887961853206233,0.6456644818595272,8.24183028655696,-0.03991008948535001,-0.1905660923944137,0.07374152443523854
1778454640198610689,-0.9334752064620313,0.9227593677247135,10.07017086871509,0.2784761451558031,0.3048074367067894,-0.05933983102932909
1778454640218614674,-3.858967639027669,1.4660673952658012,10.741094510286036,-0.1559472139734105,-0.20651949258842436,-0.11858557790366785
1778454640239023197,3.6652939488997163,0.4782710694988697,9.442732745651261,-0.2047618914901269,-0.2924224167100203,-0.23891784859780815
1778454640259547367,2.6155266015982694,0.01735895113921282,7.900878042304706,0.1912096825560866,0.07048334924176944,-0.08995126986313588
1778454640279985537,2.86299236169748,1.3229835516689212,4.9485192240703615,0.2698858527436435,0.11268486513960108,-0.1168129778821111
1778454640300438652,0.1373329022378231,-0.5121140351008409,10.115860817514722,-0.36156881647399247,0.008715056182907611,-0.13153919344581327
1778454640321040471,3.9763878774349934,-2.5031713439600223,12.203559980949994,-0.04843220497360358,0.08957288793545742,-0.33784256518545547
1778454640341310530,5.267485041959364,-1.0863408793090032,10.40460494592792,-0.1633103217552616,0.16381755806912243,-0.3589774115963243
1778454640361853830,3.3011804219172878,-1.0814662716914885,8.247501592445714,-0.029138135508197514,-0.19145239240519207,-0.27941494139798906
1778454640382140538,2.616748467468865,-0.9611542282683694,9.26267707561054,0.018108472758680237,-0.0023977824137750327,-0.44044883566402837
1778454640402712467,2.2979294601759177,-1.0460529177631643,9.014696125127621,0.014426918867754698,-0.011806197912806966,-0.5581222063258335
1778454640423113675,3.2344457249320944,-0.6695077533892317,9.42462153188615,0.002155072564669569,0.029031779506904103,-0.33279747281640937
1778454640443569882,2.03012165338353,-0.31696532329899924,9.280063894700602,0.046265542331870003,0.04955303360261868,-0.10590467005714654
1778454640464032108,0.8653112124585555,1.1601530935997741,9.471333388980934,0.06869575029695338,0.055143541362913016,0.015177546799960067
1778454640484498334,0.47709395264881393,0.3500788617214357,9.458659409328996,-0.015707281498709896,0.0059198023027604435,0.08471800918410913
1778454640504992653,0.308576683385163,0.2546471091484939,9.225027309581227,0.002700487955917796,0.026031994855038848,-0.09465547761265185
1778454640525414379,0.0711079488348654,0.5187162026139143,9.255172488317173,0.03712983452846219,0.022145910192395223,-0.04584080009593544
1778454640545839512,0.0014963396835930565,0.4831909727783506,9.489192379450538,-0.03786478176816916,-0.02844136734587792,0.020290816092912202
1778454640566268812,0.49586502217327433,-0.42002877397160965,9.138041602844556,-0.009094119879825134,-0.013442444086551649,-0.0026848072634194004
1778454640586744427,0.15955619675434904,-0.24025702404187804,9.272458492020169,0.006313864922937307,0.0025109561074590156,0.0071326697790487035
1778454640607266634,0.2839541564876673,-0.09163266782807489,9.299021057054128,-0.0037081428912488813,-0.0007615362400303499,0.00017862354063379613
1778454640627704194,0.22564593385287326,-0.2006787729232526,9.292518421694874,0.0005188263909248845,0.002920017650895189,0.0011331004753181951
1778454640648119438,0.2149245798322402,-0.1779908447087716,9.306656844073826,-0.00036747361985348635,0.005033502291982073,0.001337631247036281
1778454640668555905,0.24123142129823497,-0.17792167312525636,9.29987025251537,-0.0015946582501619976,0.00298819457480122,0.0016785158665664232
1778454640688930798,0.21738820148545143,-0.1672345503844672,9.315047903680469,-0.0013219505545378832,0.0005338253141841942,-0.00029861492670840315
1778454640709392542,0.23651350282316444,-0.16479087584368987,9.310539410569366,-0.0007765351632896562,-0.0004206516205002078,0.001064923551412167
1778454640729845694,0.2244547201238428,-0.18035068946192598,9.300818542584908,-0.002344604413128313,0.00298819457480122,0.0004513312362579105
1778454640750421790,0.22309772671824177,-0.16477431237896467,9.29594623862707,-0.002685489032658455,-0.0004206516205002078,-0.0010485610896747168
1778454640770800275,0.22427658875225873,-0.16715988621825445,9.293575413922863,4.1587923582685205e-05,0.00026111761856007637,-9.408415499031781e-05
1778454640791240964,0.23855564299359025,-0.15993244259954778,9.287775990476929,-0.0001629428481353997,0.001965540716210787,-0.0019348611004530868
1778454640811667394,0.22085406870369104,-0.1648094302856655,9.306701028757244,-0.00023111977204142917,0.0009428868576203606,0.0015421620187543662
1778454640832066139,0.21356435863633869,-0.1492577638864607,9.306532389934961,-0.0015264813262559698,0.0005338253141841942,0.0018830466382845088
1778454640852534494,0.2398810814583444,-0.1635426000005749,9.295002361427846,-0.0015264813262559698,0.001079240705432423,0.0003831543123518819
1778454640872991794,0.2294559101043768,-0.1815766461693377,9.31408721278982,0.0003142956192067996,-0.0005570054683122633,-0.0005713226223325175
1778454640893414983,0.22430814369310556,-0.1791261059001886,9.291221346929785,-0.0005038274676655435,-0.00035247469659417663,-0.0017985072526410305
1778454640913916839,0.23154386778347721,-0.17553113881821228,9.294916673371374,-0.0007083582393836284,-0.0006251823922182945,0.0021557543339086227
1778454640934392528,0.22540887582630317,-0.16116433234958527,9.291173699126471,-0.0011855967067258277,-0.00028429777268815237,0.0022239312578146513
1778454640954856828,0.21962273559528903,-0.16241362659507916,9.30547455991715,0.0007233571626429694,-0.0010342439356544608,0.0003149773884458533
1778454640975253350,0.2184296109934443,-0.1731813465447068,9.301898436954282,-9.476592422937198e-05,0.0022382484118349047,0.0011331004753181951
1778454640995698409,0.21356511608763648,-0.15882596570140295,9.302970399353157,0.00010976484748871293,5.6586846841989724e-05,-0.0021393918721711726
1778454641016125561,0.22440149159815995,-0.17077225779568717,9.300783239622412,0.000587003314830914,0.0022382484118349047,-0.0013212687852988303
1778454641036532806,0.23283850875868237,-0.17674327835224757,9.300935120733564,-0.0001629428481353997,0.002306425335740936,-0.0012530918613928017
1778454641056993050,0.23633365856387553,-0.15757977249055324,9.300920150562682,-0.0004356505437595141,0.000465648390278163,0.0024966389534387652
1778454641077507165,0.21962273559528903,-0.16241362659507916,9.30547455991715,0.0003142956192067996,0.0005338253141841942,-0.0018666841765470582
1778454641097914354,0.2269550353810156,-0.16362151514795104,9.313983929232394,0.0018823648690454546,-0.0022614285659629772,-0.0009122072418626596
1778454641118324339,0.22659439142603052,-0.1647472101471549,9.288807287292574,0.00045064946701885676,0.002920017650895189,-0.0026848072634194004
1778454641138744861,0.21362595361543688,-0.1540537996204445,9.308948237112414,-0.002276427489222285,-0.0028750208811172337,4.2269692821739376e-05
1778454641159282347,0.22324581805157448,-0.18513529957058653,9.29841945311858,-0.0007765351632896562,0.0011474176293384472,0.001337631247036281
1778454641179658480,0.22781907096872214,-0.1659457098794614,9.290029343262358,-0.0024127813370343407,-0.00014794392487608998,-0.0005713226223325175
1778454641200065947,0.2327195020271937,-0.16476000891815246,9.297293698486136,-0.0016628351740680287,-0.0015114824029966618,0.0017466927904724518
1778454641220657969,0.22578605470300941,-0.17558994900629069,9.311611316987944,-0.002549135184846396,0.002033717640116818,-0.001184914937486774
1778454641240952213,0.2207048239488418,-0.18511244831994014,9.288789579831029,0.0010642417821731132,0.001079240705432423,-0.0012530918613928017
1778454641261505939,0.22439902125915726,-0.1671837558712798,9.301969098859574,-0.0017310120979740565,0.001692833020586676,0.0017466927904724518
1778454641281880832,0.22106128467711925,-0.1863779512868638,9.312775949663374,0.0009960648582670838,-0.0009660670117484366,-0.0025484534156073432
1778454641302299873,0.22925267937254687,-0.18273303072243127,9.299702451482915,0.0007915340865489989,0.003329079194331362,4.2269692821739376e-05
1778454641322761913,0.23534205180615567,-0.1731708077776222,9.30935265756208,-0.0016628351740680287,-0.0021250747181509183,-0.0015939764809229447
1778454641343176917,0.22424332092370694,-0.1611733664268552,9.293553349571303,0.0016778340973273697,-0.0015114824029966618,0.0008603927796940812
1778454641363606551,0.22430567335410287,-0.17553760397578122,9.292407206166947,-0.0011855967067258277,-0.00014794392487608998,0.0024284620295327367
1778454641384070443,0.22676929500731405,-0.1647813096514768,9.30079826577359,-0.0009128890111017134,0.003601786889955473,0.0002468004645398247
1778454641404523651,0.21713744035724183,-0.1755577089350789,9.294694130354927,0.002291426412481626,-0.0009660670117484366,-0.0005031456984264889
1778454641424998321,0.22066585799098679,-0.1623807228647839,9.294701224535606,-0.000640181315477599,0.0005338253141841942,-0.0013212687852988303
1778454641445481121,0.22093638183121803,-0.18276557970943108,9.305568123963827,0.0006551802387369417,0.0012837714771505027,-0.00043496877452046034
1778454641465882884,0.20983023993176123,-0.16000263258544195,9.293326393684543,-0.0013219505545378832,-0.0005570054683122633,0.002564815877344794
1778454641486864925,0.2398394471763773,-0.16233847614143068,9.292599752861332,0.0006551802387369417,0.0017610099444927071,-0.003093868806855572
1778454641506889484,0.2255786407444719,-0.1791375315255118,9.29603628357356,0.0022232494885755967,0.0030563714987072443,0.0009967466275061384
1778454641527297062,0.22433324305335142,-0.1647789181034235,9.298362979574645,0.000927887934361056,-0.00021612084878212118,0.0016103389426603948
1778454641547678343,0.23412231294146943,-0.17914931189413044,9.305758883117967,-0.0032309044239066838,0.0010110637815263918,0.002769346649062879
1778454641568191495,0.224632094044129,-0.1839732908906552,9.31162366182876,0.001473303325609283,0.00237460225964696,-0.0026848072634194004
1778454641588639277,0.21727146710785614,-0.18395588639519883,9.30072050968762,-0.0013901274784439144,-0.00035247469659417663,-0.00036679185061443175
1778454641609076614,0.22449806729351476,-0.1755751134305353,9.305597282496064,-0.0013219505545378832,0.0008065330098083051,-0.0007758533940506024
1778454641629636840,0.21954934838736576,-0.17435938657442016,9.295925905835459,-0.002003719793598171,0.0024427791835529913,-0.000844030317956631
1778454641649913862,0.23146306955854587,-0.1767113930243312,9.288925597001178,0.0012687725538911981,-0.002329605489869005,0.0002468004645398247
1778454641670381588,0.21477800340150302,-0.17676626114703425,9.297059648418701,0.0001779417713947424,0.0008747099337143363,-0.0005031456984264889
1778454641690805407,0.2230718699066981,-0.16955329836078753,9.292366596564015,-0.0011174197828198,-0.0006933593161243187,-0.0009803841657686882
1778454641711232447,0.21472306198811528,-0.17316752937133031,9.294648214111563,-0.002685489032658455,-0.00021612084878212118,-0.00043496877452046034
1778454641731749507,0.22201448494317247,-0.18273949588000019,9.297192984278485,-0.002549135184846396,-0.0006933593161243187,0.0018148697143784802
1778454641752209510,0.21231952041140664,-0.16958345579973405,9.295796982845985,0.0013369494777972259,0.002579133031365047,0.0003149773884458533
1778454641772632403,0.22432905982664378,-0.167170116069551,9.297172707467167,0.002359603336387654,0.0013519484010565339,0.0008603927796940812
1778454641793045944,0.22805803986810655,-0.17436434704217443,9.303250309683662,0.0016778340973273697,0.002033717640116818,-0.001389445709204859
1778454641813522040,0.23264535736797268,-0.1671375670825512,9.291307034986254,-0.0011174197828198,-0.001579659326902693,-0.0009803841657686882
1778454641833924562,0.21574889201079409,-0.14801511217018345,9.292175893390173,0.00045064946701885676,0.00019294069465405211,-0.0016621534048289733
1778454641854421399,0.2172416250547142,-0.1660099668227298,9.305450708025344,-0.001867365945786112,-7.976700097006573e-05,-0.0009122072418626596
1778454641874900051,0.21588861689071157,-0.17315849529406038,9.29226856366673,-0.0004356505437595141,-0.0011705977834665197,0.0003831543123518819
1778454641895277148,0.21471812131010978,-0.1659905255225156,9.297019932585892,0.0018141879451394269,0.0003974714663721318,-0.00036679185061443175
1778454641915777300,0.21930125558326832,-0.16115494352901988,9.283886385781008,-0.0005720043915715713,-0.0008297131639363811,-0.0020030380243591154
1778454641936156970,0.22775082242391373,-0.15995237018719774,9.287609083214594,-0.000640181315477599,-0.0011705977834665197,-0.001525799557016916
1778454641956629900,0.2183997689403023,-0.15523542697223774,9.306628635292004,-0.0011855967067258277,-0.0016478362508087208,0.001064923551412167
1778454641977070051,0.21846877493640862,-0.17079696847944367,9.305486904757963,0.0022232494885755967,-0.0013751285551846064,-0.0005713226223325175
1778454641997515833,0.2245522512556047,-0.169605643391297,9.311570707385014,-0.0002992966959474569,0.002033717640116818,-0.0018666841765470582
1778454642017932485,0.23870050653662248,-0.16713672605182,9.29499705478741,-0.0028900198043765417,-0.00021612084878212118,-0.0017303303287350019
1778454642038389377,0.2101074173377028,-0.181584793388369,9.304197705983078,-0.002208250565316254,0.0024427791835529913,0.0002468004645398247
1778454642058916252,0.21943452488258477,-0.15998491917419755,9.293474755695508,-0.0013901274784439144,0.001079240705432423,-0.000844030317956631
1778454642080253515,0.24375986572084482,-0.1851181182742853,9.30592930948049,-0.000640181315477599,-0.0008297131639363811,0.0005876850840699673
1778454642099980796,0.2281105109424916,-0.174374576893471,9.306847603227965,-0.0032990813478127115,-0.0017160131747147485,-0.0007758533940506024
1778454642120569522,0.2267983796091582,-0.17315902740900357,9.299630058017675,-2.658900032334252e-05,-0.00014794392487608998,0.0005195081601639387
1778454642140889600,0.22319334697718943,-0.18512506971928996,9.294822159574277,-0.0002992966959474569,0.00298819457480122,0.0007240389318820244
1778454642161260344,0.2233992460331314,-0.16244108357018439,9.317521174152276,-0.0015946582501619976,0.0017610099444927071,-0.0009122072418626596
1778454642181838903,0.2232726302995253,-0.16480841188328657,9.307937217108087,0.0001779417713947424,0.0031927253465193067,0.0031102312685930217
1778454642202302370,0.8088235505604499,-0.30816255524336383,8.746866365766877,0.0022232494885755967,-0.007579228630633199,0.06317410122980413
1778454642223661170,0.3047975803096664,-1.5122555393417052,9.94582329286256,-0.028524543193043254,-0.02837319042197189,-0.10679097006792491
1778454642243135359,0.7370601419364964,-0.841279627213922,8.810014830320746,-0.0027536659565644828,0.013282910084611521,-0.08095191590754011
1778454642263781437,0.9179378352138167,-0.8640633548330563,8.941165387057765,-0.02238862004150069,0.030327141061118647,-0.06172602336604008
1778454642284118163,1.1047009887272694,-0.707648416106021,9.214420838177523,0.01756305736743201,0.04000826425577469,-0.03527337689050102
1778454642304825407,0.8001121154139358,-1.0240096457863261,9.526140937015372,-0.08640675158926145,-0.10786748369640112,-0.02722849986958966
1778454642325198911,1.0032843426362072,-1.912839876055946,8.141854670219873,-0.0012537736306318555,-0.07439261405854113,-0.033364423021132225
1778454642345706341,2.238215910437706,-1.8185209335111234,11.132462989168475,0.013199734237446185,-0.09184590657848443,-0.03036463836926697
1778454642366193381,1.9478136222000175,-0.898716783634228,9.17778796713966,-0.01011677373841556,0.04341711045107612,-0.06547575418087165
1778454642386636774,1.0914585942936628,-0.6296889428620054,9.158790048080848,-0.01338926608590493,0.04975756437433677,0.08860409384675276
1778454642407960130,1.2068781431991569,-0.7261787230380278,8.229441630238473,-0.024911166226023747,0.0049653253680760415,-0.03772774615111805
1778454642427545874,1.0709960034929287,-2.0174540482913095,11.678583929293959,0.008700057259648303,0.12413858835581384,-0.0392958154009567
1778454642447862656,0.5823264231556821,-0.4993706578852985,6.804371246542185,-0.14694786001781474,0.06380201069897865,-0.11463131631711819
1778454642468356344,-0.42140391272646294,-1.3092043563766755,7.137033509229113,0.16530245147179579,0.2575608284399116,-0.3036859263085352
1778454642488757163,-0.13481894628571847,-1.1450961149077536,11.051407098934083,0.004541264901380565,-0.08039218336227164,-0.06172602336604008
1778454642509258611,2.0101645264782775,-1.47718836062552,9.69632449112276,0.2005499211312125,0.07982358781689533,-0.15608288605198353
1778454642529765004,0.22769728355269273,1.3912954671795168,3.609230205361761,0.025130695921001173,-0.0898687757852096,-0.06615752341993193
1778454642550270507,5.836779306341612,-2.825912756652259,12.408499526116643,0.26859049118942896,0.0328496872456417,0.11860194036540529
1778454642570789030,0.3016642432903547,-0.5091547146074685,10.027279800007513,0.17941507472034368,0.0398037334840566,0.006178192844364304
1778454642591126274,5.4729611191360625,1.0941444153512097,12.973787499447226,-0.06745356674338553,0.06223394144913998,0.0856043091948875
1778454642611567056,0.024461132554398718,2.2098539637112573,6.115859545198651,0.10217061993481337,0.06693814919865596,0.05969707811059667
1778454642632050874,2.504317340249439,0.572501471028078,8.386277635503406,0.0637188348518133,-0.17229467678759805,0.2778632346098879
1778454642652481304,2.0852991662106657,1.3400144180300475,7.679328701196585,0.13796350498547832,-0.07159736017839397,0.15814455623090182
1778454642672937271,0.12997294009870722,0.12384006371161971,7.544396639157469,-0.08661128236097954,-0.08448279879663334,0.3780833127517498
1778454642693332515,0.6336919072597028,-1.345895524094905,9.35089956646549,-0.09247449781689798,-0.050053452224088954,0.2963391809884216
1778454642713839519,-0.6478779378443418,1.1592658154234916,6.283079250039763,-0.07992994381818874,-0.06198441390764394,0.29088502707593933
1778454642734282708,-0.5726001207936322,-1.2343265121892923,8.897884629524167,-0.033978697105525535,-0.1394333994648923,0.3097700349979092
1778454642754796748,-0.7610862729295841,0.9614895353321518,11.289493071504085,-0.2989824003282583,0.18270256599109233,0.09528543238954355
1778454642776078400,-1.5198929251464122,-0.33363510702308435,6.912746884632607,-0.13303976754098495,-0.06457513701607302,0.20218684907419623
1778454642795627071,-0.07306753459039297,0.6924535700034402,11.617581502001634,0.04933350390764129,0.2168592048680126,0.003042054344686993
1778454642816058945,1.2976334478412521,1.7475286884578465,12.014990871040284,-0.19337634519782015,-0.039486029018654535,0.24350206496124951
1778454642836533300,-2.711962961601308,-1.362477547842756,7.087440923119652,0.002700487955917796,0.11527558824803014,-0.06145331567041597
1778454642856998119,0.56255137486776,-0.9333582393731319,9.072587590440712,0.09603469678327081,0.03128161799580304,0.07796849371741231
1778454642877959567,-1.4622046538853526,-1.3046399453858608,8.19866735050385,0.06569596564508813,-0.0867326372855323,0.09964875551952937
1778454642898229200,-1.5222617444045778,-0.514656816953224,8.65883695737153,-0.29523266951342675,0.047712256657155915,-0.06683929265899222
1778454642918656982,-2.125110499299893,-0.9671150050537904,8.219575716599056,0.25475057563650516,0.1567953349068015,0.07715037063053996
1778454642939076393,-3.298996124648295,-1.087553882292706,6.443205893514542,-0.007866935249516621,-0.2903089320689334,-0.14919701673747465
1778454642959525600,1.6269257706431277,-3.6914879250966863,6.694141812428043,0.10973825848838253,0.14915951942932631,-0.11899463944710402
1778454642980031678,2.6206962138764083,1.5461921426806293,6.279451461948806,-0.47719687941861677,0.09257267258732266,-0.03268265378207194
1778454643000484830,1.355339929690046,0.9925708878465576,8.11166138420309,-0.09554245939266927,-0.07800599102556063,-0.09226928527594085
1778454643021093186,2.2498143501743884,-0.9323707862962598,12.757443419869935,0.12432812020427264,0.1874067737406083,-0.07208891579975642
1778454643041383634,1.688649260570715,-0.24192265964573645,8.773411816353759,-0.03806931253988725,-0.06921116784168296,0.030517354678816475
1778454643061912471,-0.49724109610889,0.5741409129350312,7.091918587362852,-0.1439480753659495,0.017578056290691313,0.1171702249633787
1778454643082236845,1.65733589513576,-2.65839634409068,7.194395274713861,0.2058677211958827,0.08773211098999464,-0.042500130824540044
1778454643102702163,3.1771020716393856,0.9293480940533969,8.81137925845503,-0.030638027834130138,0.2749459440359489,0.1327145636139532
1778454643123167371,0.4610758333245255,0.42322041889511247,6.492279578910315,-0.08858841315425436,0.2027465816194647,-0.019729038239926527
1778454643143568134,6.338514025955977,2.088462227681773,14.183598611021642,0.12037385861772298,0.12093427293223052,0.13741877136346917
1778454643164076600,0.07386119410672201,0.18496608234381468,9.153318354700282,-0.0027536659565644828,-0.12654796084665293,0.15637195620934508
1778454643184545604,-1.2946698976162736,0.9761170108437933,10.014046604519605,0.17307462079708302,-0.23549468524848646,-0.12642592415286114
1778454643204958867,0.058221026988731356,0.4569557617008943,3.6519330621887356,-0.05354547426655572,0.10266285732541489,0.05274303187218177
1778454643225520963,-2.420724811966662,0.7388774005217538,2.6619477625677748,0.22577538297644306,0.011373956215242724,-0.02954651528239463
1778454643245845819,3.1733390397901684,-1.2250805021562658,15.6475284048768,0.0436066422995349,0.3089662290650571,0.058742601175912276
1778454643266292823,2.7394659858703285,-4.743817250250797,11.560734650688795,-0.03929649717019576,0.1587042887761703,0.03338078548286968
1778454643286811586,0.8193815623126784,-0.32980033029072203,10.451822742935269,-0.28541519247095865,-0.10023166821892593,0.05287938571999382
1778454643307216719,-0.7585831538757652,-0.5353347339319636,7.188977694661177,-0.19385358366516237,0.2103823970969399,0.0039965312793713926
1778454643327755797,-0.14987131215711824,-1.9333262889621012,6.178430219623008,0.14784915895185247,-0.14959176112689057,-0.00813896117590168
1778454643348203337,1.972224109380522,0.09296079874001656,9.085883046297267,-0.11470017501026326,0.10695800353149468,-0.05981706949667129
1778454643368642341,-1.142932618576834,-0.5795978951045826,12.34409700835111,0.0974664121852974,-0.25826577783309995,-0.06936183884351527
1778454643389096123,-4.9437891868582335,-1.5166363401572,11.772041873585746,0.388309169568415,-0.06873392937434075,-0.019388153620396385
1778454643409852312,-3.0594133007048177,-0.984196176783994,5.2141542664748615,-0.14940222927843178,-0.031236621226025087,0.07837755526084848
1778454643430613630,-0.1386503273011726,1.1046454130116146,12.297210064109812,0.13025951258409713,0.07661927239331198,0.1255559866038202
1778454643451029541,0.5517902932986806,1.7301789506722696,11.728998278662381,0.028675895964114656,0.13879662699561,0.13019201742943015
1778454643471536045,0.433011128302056,1.668549673569068,13.933204609530986,0.06787762721008103,0.021941379420677143,0.08546795534707545
1778454643491928882,2.9383714724720846,-2.944359135774066,11.722767392883307,0.11744225088976376,-0.004034028587519719,0.10285307094311272
1778454643512392645,0.3656918017288403,1.5593721858098906,7.2947170877487535,-0.054022712733897915,-0.16970395367916896,0.2468427342326449
1778454643532857778,-1.878570357232239,0.46192268281796206,6.485953466860381,-0.08817935161081819,0.07573297238253363,0.0018830466382845088
1778454643553269800,0.5673912737417259,-0.8794173136692611,5.718183071562573,0.06290071176494097,0.14575067323402488,0.027449393103045193
1778454643573720434,0.7608725652703129,-0.325910110555945,10.309444331433928,0.03249380370285225,0.11548011901974822,0.0691054936096286
1778454643594098215,-4.201397096037978,0.6284905917048966,16.16705323128768,0.07646791962224063,-0.07548344484103758,-0.02811479988036803
1778454643614550571,-0.17186180499135464,0.1413951642067231,9.571660744905154,0.0251988728449072,-0.2166778542504226,-0.13556163195626894
1778454643635028686,-1.2623763958770613,1.5820466667629796,2.0798037774619975,-0.18669500665502936,0.15284107332025185,-0.02681943832615349
1778454643655502541,-3.254676246719507,-0.05808997474917482,9.050005815655048,0.09248949674015733,-0.15409143810468845,0.07067356285946726
1778454643675950619,0.2155959017384422,-0.6946209296481047,14.100191633384792,-0.1638557371465098,-0.16874947674448457,-0.015774776653376874
1778454643696364345,-1.3517685719643473,-2.2434913236996357,9.162805932673434,0.026835119018651883,0.007351517704787043,0.05574281652404702
1778454643716809071,-3.1484744741379678,-0.39066886257841066,4.021416576766039,-0.009844066042791446,-0.30135359374171,-0.1624915168991502
1778454643737226667,-1.1777835081985104,-1.3300679318532758,10.986803432878665,0.053151411646378884,0.1290473268770479,-0.0450226770090631
1778454643757675541,0.22047964495002667,1.0079711579283697,7.005543409405728,-0.10242832870717815,0.025895641007226793,-0.08647424674392842
1778454643778951101,2.3898531359736968,-0.3229941044420814,7.02947458334501,-0.08640675158926145,-0.06273436007061026,-0.11156335474134692
1778454643798734660,0.2155691621110097,1.5182936282451396,9.826840439790459,-0.0012537736306318555,-0.19377040781799704,0.0879905015315985
1778454643819203089,-1.1959251373718722,-1.7488092578363075,7.112260667949403,0.24268326010513813,-0.31464809390338555,-0.07127079271288407
1778454643839657241,-5.905898886200957,-1.3977704160103415,11.440258189313361,0.14853092819091274,0.16961259660113487,-0.028046622956462
1778454643860136652,-1.8360058227679121,-0.2541442409646616,3.2056339184179903,-0.18015002196005064,0.026031994855038848,0.09344465544408077
1778454643880644786,3.7427446436237854,2.960774033842391,11.82423202635308,-0.0489776203648518,0.12447947297534401,0.13400992516816773
1778454643901023937,2.0373198353167514,2.1406797945195235,12.34988575075494,0.24936459864792893,0.1414555270279451,0.17546149490303306
1778454643921551534,4.125281110604617,0.8118976266364253,11.97694187111404,0.19114150563218057,-0.17761247685226828,0.04108477788425089
1778454643941999371,-0.8600997857857376,-1.3925439264185293,10.854074099338096,-0.0017310120979740565,0.10457181119478368,0.0813091629888077
1778454643962542467,3.2384968306969215,2.513944996776114,10.740312879466261,-0.010798542977475845,-0.11707136842371496,0.2102317260951076
1778454643982882823,0.9797856819941929,1.2176013218208128,7.052487649532021,-0.05047751269078443,-0.026805121172133236,0.0602424935018449
1778454644003267345,-0.3642314599318752,-0.9176499356826675,7.996058096788691,0.07667245039395872,-0.04446294446379462,-0.019729038239926527
1778454644023730756,-0.5907357887650679,-1.1269451481356636,8.59991161997211,-0.27246157692881323,0.0529618797979201,0.016609262201986663
1778454644044110871,-0.8386970055195776,-1.422733952058822,13.876726846291795,0.06637773488414841,-0.14529661492081075,-0.020138099783362697
1778454644064567189,0.6902084525163581,-1.3497526901705061,12.81636300938439,0.12289640480224603,-0.03832702131225205,-0.10597284698105258
1778454644085014934,-1.5420709306319715,-1.272931297622625,5.859629156877102,-0.25596276134355433,0.12659295761643088,-0.1390386550754764
1778454644105413585,-2.590924567043966,-1.443333336521765,6.137743200802344,-0.03991008948535001,-0.196088423230802,-0.029682869130206686
1778454644125955793,-0.2431598879364833,0.06299407628116893,12.227415772520615,-0.33429804691158105,-0.053462298419390375,-0.10965440087197811
1778454644146477297,1.1400840242545798,-1.5912490012844818,10.485296175814085,0.10994278926010062,0.011305779291336693,-0.00043496877452046034
1778454644166911152,0.7485960492419912,-0.027852072114244508,9.908976175173187,0.038084311463146586,-0.013442444086551649,-0.14796983210716613
1778454644187345156,-3.7390581795637283,-0.38699175030135524,10.692075099946546,0.0029731956515419104,-0.2653561779193269,0.14839525611233975
1778454644207790659,3.8122326575189125,0.06055536068645834,9.072476878074157,-0.017070819976830465,0.0869139879031223,-0.05777176177949043
1778454644229085478,1.9744964491041854,-1.2389033123602124,7.997393066489058,0.09030783517516441,-0.1393652225409863,0.028335693113823564
1778454644248642759,-0.5377334413238981,-1.0803408195060584,5.747382604498598,0.06044634250432394,-0.418617902860079,-0.12226713179459339
1778454644269167393,-0.11613058376508544,1.138761435809011,20.44578269977172,0.2357292138667232,-0.1448875533773746,-0.13372085501080616
1778454644289652711,-1.733983450095478,-0.29743638044063386,4.58960043909263,-0.1006557286856214,-0.025714290389636782,-0.007934430404183594
1778454644309998715,-1.34850893297882,-2.162501543749316,4.30976052840567,0.0914668428815669,0.16102230418897526,0.07517323983726515
1778454644330407274,-1.796977194645925,-0.7675763320453344,8.161590036152854,-0.04577330494126847,0.1330697653875036,0.13748694828737518
1778454644350876130,2.478052665676361,0.31683205008497134,11.512103516454975,-0.008344173716858819,-0.14406943029050226,0.06849190129447436
1778454644371344263,3.4240638130274643,-3.2448583078681734,15.369759434599548,0.27527182973221975,0.05991592603633502,0.1659849024800951
1778454644391763415,1.5694031361665375,2.1677859089581197,6.771662350982385,-0.04611418956079861,-0.06709768320059609,0.23504812639690198
1778454644412158493,1.3679790623027406,-2.2331168546091136,8.172619942339487,-0.15635627551684667,-0.08980059886130357,0.09855792473703291
1778454644432619052,-1.198350214576858,-1.3074825086939272,7.277269829187581,0.34992556140932096,0.05289370287401408,0.0817864014561499
1778454644453073704,-3.4457740901024456,-1.09768651521144,9.875579807100838,-0.28118822318878484,0.06850621844849461,0.037539577841137414
1778454644473537244,-0.633144720037239,-3.2869514172963683,14.017285136281634,0.1089201354015102,-0.1475464534097097,0.15214498692717132
1778454644493919378,-1.7919256680671478,-0.6533744951232576,5.503483535754542,0.08771711206673534,-0.09641376048018832,-0.014138530479632186
1778454644514334826,-0.33606865575183303,-0.4408091224957545,6.237313607383161,-0.06315842053730573,0.11629824210662057,0.05506104728498674
1778454644534799681,-1.7562789811937352,-1.0513598741968007,9.447171712396017,0.04401570384297107,-0.15477320734374872,0.03113094699397073
1778454644555218518,0.07479914445433836,-0.9925746301548599,8.52579610176238,-0.03752389714863902,0.009124117726343785,-0.15621923989979558
1778454644575696818,-0.5762605892964711,-1.0436547707590362,9.624822553436495,0.032561980626758275,-0.0017841900986207762,0.11471585570276167
1778454644596101044,1.8472062750272282,0.17450456550079535,7.291428629073015,0.18602823633922844,0.10075390345604607,-0.2501670410423028
1778454644616559048,-1.6431823365671026,-0.4150872153206178,11.847856067879054,0.053492296265909026,0.04593965663559917,0.052333970328745594
1778454644637043866,-2.2574397157470716,-0.7529843825429869,8.197578814844153,0.060309988656511875,-0.19642930785033214,-0.23441817162001027
1778454644657415777,1.8796622105600538,0.143725645963311,8.024517137675252,-0.15069759083264633,-0.009829067119532141,-0.020206276707268725
1778454644677881689,0.2817910832975058,0.5894486899929063,13.114762527905578,-0.16058324479902047,-0.2513799085185911,0.09978510936734143
1778454644698268914,2.857291513952943,0.5792336986377011,4.605849668145812,0.18343751323079932,-0.43900280310798157,-0.279278587550177
1778454644718702289,4.265122847936605,-2.707467670448205,13.490291079090056,0.37637820788486,0.0049653253680760415,0.0616742089038715
1778454644739164644,-2.4001334874328615,-2.022524389889284,6.5743501754366696,0.03910696532173702,0.26431034390660846,-0.29761818008089863
1778454644759701722,-1.562510717012825,-0.8750188148028557,10.291099762295145,0.0026323110320117683,-0.12572983775978058,0.06106061658871725
1778454644780302281,-1.405894051834896,-0.6933247968894567,9.246300339423295,-0.10815519031528455,0.032440625702205524,0.04258467021018352
1778454644800512025,0.332066258880371,-0.7986380517763909,9.121288553148755,0.10755659692338963,0.2962853212185358,-0.1832854786904889
1778454644821135992,-1.4530438691481273,1.5831556895502044,10.741889994031627,-0.02811548164960708,-0.13704720712818133,0.19080130278188948
1778454644841431940,0.4690746482466267,-0.05641761787608229,9.249007292461041,0.04728819619046044,0.040553679647022924,-0.06779376959367661
1778454644862033148,-2.3398064916424217,-0.52740517837108,8.808088476011958,0.12725972793223186,0.21474572022692573,0.08730873229253822
1778454644882262188,1.2486125534529302,-0.5011525896478227,9.531189940074585,-0.049659389603912085,-0.05741656000594003,0.08124098606490168
1778454644902743192,2.598965537893063,0.6892872983848164,10.725009721479259,0.04456111923421929,0.21392759714005338,-0.03295536147769605
1778454644923216788,0.897179769434722,-0.42582193964093396,8.917688336487108,0.011086249596359302,-0.23065412365115845,0.2582964574488577
1778454644943635236,0.8461677435151685,-0.9266466320464175,9.84059180165036,0.008290995716212134,-0.05537125228875918,-0.044272730846096786
1778454644964112333,-0.4804316710778944,0.2536124353242016,6.147466946227882,-0.1482432215720293,-0.0616435292881138,0.2181402492682069
1778454644984984818,1.6907065727315695,0.08897011785140452,9.039588271403934,0.05696931938511648,-0.04166769058364745,-0.034250723031910596
1778454645005391599,-0.2115021943701256,-0.6729178113346439,9.179569269518481,-0.023411273900091116,0.035713118049694896,-0.052522138638726235
1778454645025850918,-0.4048685108127351,0.19267950569714226,10.321930026168781,-0.133107944464891,0.02753188718097148,0.03542609320005053
1778454645046214070,0.12677456746322865,-0.26493275013731904,7.8370588242163475,-0.09615605170782353,0.028145479496125732,-0.15158320907418565
1778454645066720407,2.4391950349963163,1.2530255280881566,10.269756725125001,-0.03929649717019576,-0.1369790302042753,0.180097525728643
1778454645087184484,2.302991243137616,-0.36605401898617385,9.042296877752424,-0.055931666603266705,0.035167702658446674,-0.13297090884783985
1778454645107662988,-1.3275125757236597,-0.3437342820226002,10.556558298476133,0.018653888149928466,-0.08836888345927697,0.01824550837573135
1778454645128058658,-1.1094431977789665,-1.0005038194068574,5.504490957909591,0.07142282725319452,-0.0958683450889401,-0.1290166472612902
1778454645148536903,-1.2856087132297191,1.8220975956454282,11.449719612811627,0.2826349375140708,0.22497225881283,-0.13678881658657746
1778454645168965370,0.8749551259228409,-0.8271715516489653,7.323166518448353,-0.14115282148580233,-0.10323145287079119,-0.11388137015415188
1778454645189540577,3.515218101605921,1.4901126032811727,11.387243488549819,-0.09622422863172955,0.03700847960390944,-0.03895493078142656
1778454645209853803,-0.6168204538830058,-0.15548616853383,7.176614168607558,0.03426640372440899,0.13634225773499295,0.039244000938788125
1778454645230357547,2.402703910356614,0.611387757195865,6.4520770836612895,-0.16971895260242825,0.07682380316503007,0.05683364730654348
1778454645250708069,-1.6783547203004041,0.2855125521664961,11.346083341779051,-0.06929434368884829,-0.10854925293546142,0.06140150120824739
1778454645271250073,2.025349511313407,-0.020472854337056756,6.510858364481265,-0.17469586804756837,0.14922769635323233,0.11171607105089641
1778454645291697892,1.0593141936391088,1.3267192606676297,5.7969654827464625,0.1220782817153737,-0.12907050703117598,0.20920907223651716
1778454645312562099,-1.2932094957957305,-0.4607641820117292,10.889581536853454,-0.0946561593818909,-0.09034601425255179,0.11410226338760741
1778454645332602010,-1.4200360438288784,-1.5508226270095453,12.235417451024452,0.06058269635213599,-0.003215905500647376,0.18166559497848167
1778454645353131977,0.3598572814082025,-1.0835664229720672,7.461185750853062,-0.17517310651491058,-0.010169951739062284,0.1882105796734604
1778454645373481406,-2.314851462575487,1.0597629660534384,8.566594049564756,-0.21553384546727944,0.119707088301922,0.06726471666416584
1778454645393977725,0.3788845114420586,1.3111315362303284,7.85925776339493,-0.03200156631225071,-0.25410698547483224,0.15603107158981494
1778454645414364191,-0.3347091969934375,0.6461838472141532,9.21247762603884,0.12480535867161484,-0.0973000604909667,0.017427385288859006
1778454645434802102,0.9902638448034929,1.0860363303572727,4.509237173620106,0.20116351344636674,-0.03205474431289743,0.022813362277435256
1778454645455331032,-3.917601013854027,-0.0032768445162627557,9.539469550273651,-0.01700264305292444,0.06857439537240062,-0.1411521397165633
1778454645475688943,-2.1035940167310203,0.32123464368693216,7.382093827999737,0.015790457345875267,-0.04105409826849319,-0.10822268546995152
1778454645496155058,-2.2527386132567155,0.4540659176874447,8.976132710639165,-0.13283523676926684,-7.976700097006573e-05,-0.20871547130743753
1778454645516715784,-1.0681127751491906,0.031964217832295916,8.731021363523666,-0.10924602109778099,-0.008192820945787455,-0.0177519074466517
1778454645537050528,-1.7410951345911285,-0.20806382722168637,9.736881602030518,0.008768234183554333,0.02984990259377645,0.1994597721179551
1778454645557577384,-1.7218747774408116,-0.7706557113814096,8.866466329432813,0.00890458803136639,0.022009556344583167,0.11873829421321735
1778454645578220461,-0.9774452565901897,-0.8577917759351574,9.263104207799113,-0.0013219505545378832,0.013555617780235632,0.03392620087411791
1778454645598521335,-0.5161929239680612,-1.4982562338019476,9.951067441332556,0.02022195739976712,0.014987333182262232,-0.013388584316665874
1778454645619112413,-0.287711351777136,-0.7334542772579602,9.363226995051281,0.004609441825286595,0.0010110637815263918,-0.006707245773875081
1778454645639569769,0.3771016255336771,-0.14398788846330685,9.246702349790198,0.005018503368722766,-0.004647620902673975,0.0024966389534387652
1778454645659990106,0.3617441411884518,0.01859160884095651,9.325001569134626,0.002700487955917796,-0.0011705977834665197,0.008018969789827074
1778454645680455739,0.33271761478195194,0.06642039708712077,9.32797726183355,-0.002549135184846396,-0.00014794392487608998,0.00017862354063379613
1778454645700929835,0.3229136608889104,-0.17658403502269554,9.304724210282561,-0.0024127813370343407,-1.1590077064034532e-05,-0.0014576226331108875
1778454645721411117,0.32850800113584067,-0.09994892076118933,9.305733610687534,0.0001779417713947424,0.001692833020586676,-0.00029861492670840315
1778454645741865861,0.3274916909880937,-0.07965493680418467,9.326024710058585,-0.0024127813370343407,-0.0011705977834665197,0.0012012773992242237
1778454645762288513,0.30826543274320883,-0.10480305719666066,9.315028775680297,-0.0027536659565644828,0.001420125324962565,0.000792215855788053
1778454645782697257,0.3189194936554406,-0.10594974401340085,9.304408215180029,-0.0008447120871956856,0.0008747099337143363,-0.0013212687852988303
1778454645803128668,0.3178189595073523,-0.09879541404358483,9.313955975491599,-0.0024809582609403684,5.6586846841989724e-05,-0.00016226107889634597
1778454645823631783,0.31410157370960523,-0.09997549087805596,9.305511067671087,0.0012005956299851704,0.0025109561074590156,-9.408415499031781e-05
1778454645844078361,0.32241958413863914,-0.09396324200052131,9.302021526534816,0.0001779417713947424,-0.0007615362400303499,-0.0013212687852988303
1778454645864540642,0.3119244513521582,-0.11198364836755531,9.316309986504384,-0.002344604413128313,0.005033502291982073,0.000792215855788053
1778454645884999683,0.3227142519027091,-0.11554881275388063,9.314091936681452,-0.0005720043915715713,0.00441990997682782,0.001337631247036281
1778454645905445150,0.3129010380907523,-0.09997770505446152,9.305492522419717,-0.0024127813370343407,0.004010848433391646,4.2269692821739376e-05
1778454645925941246,0.335875281637824,-0.10116362921492561,9.316641175698985,0.0009960648582670838,0.0008747099337143363,-0.0010485610896747168
1778454645946379435,0.33563707018973743,-0.10231319386715482,9.299858218695872,-0.0007765351632896562,0.0006020022380902185,-0.0005713226223325175
1778454645966846698,0.32382829116732736,-0.09998164711983692,9.314053114618764,-0.0001629428481353997,5.6586846841989724e-05,-2.5907231084289217e-05
1778454645987282201,0.31278450169826655,-0.09158293754477381,9.300665240935126,-9.476592422937198e-05,-0.0016478362508087208,0.0007240389318820244
1778454646007783742,0.32137399140393874,-0.0904076438064092,9.313980721153525,-0.0017991890218800842,0.00237460225964696,0.0015421620187543662
1778454646028291413,0.3153770114389771,-0.10716392035219391,9.307954285840532,-0.00023111977204142917,-1.1590077064034532e-05,0.0014739850948483377
1778454646048789712,0.32140725923249047,-0.09639416359780845,9.314002785505087,-0.0002992966959474569,-0.0005570054683122633,0.0004513312362579105
1778454646069233105,0.3155967770925282,-0.12155884745500972,9.317600023069092,-0.0012537736306318555,0.0003974714663721318,0.00017862354063379613
1778454646089681942,0.3335099485676726,-0.11074307928354338,9.315440290310638,-0.0001629428481353997,-0.002329605489869005,-0.0018666841765470582
1778454646110037223,0.3201126182572853,-0.09518202406377319,9.307984338142893,0.0010642417821731132,0.0006020022380902185,0.00017862354063379613
1778454646130524560,0.3214388141733373,-0.10836038327974262,9.311648718512004,0.0014051264017032553,-0.00021612084878212118,-9.408415499031781e-05
1778454646150982508,0.32488396324314806,-0.09277514949115906,9.306850595559649,-0.00023111977204142917,0.00032929454246610756,-0.0016621534048289733
1778454646171561438,0.3070814320460771,-0.12035658302897559,9.310271206350578,-0.0011174197828198,0.0014883022488685893,0.0016103389426603948
1778454646191919386,0.3229199529735417,-0.1179809301251944,9.327290838751193,-0.00036747361985348635,-0.00035247469659417663,0.003042054344686993
1778454646212352056,0.3130734713330332,-0.0964233026343761,9.318669360137898,-0.0005038274676655435,-0.0017160131747147485,-0.000844030317956631
1778454646232801153,0.3275388254142546,-0.12272036984750531,9.312993497060706,-0.00036747361985348635,0.0016246560966806448,-0.0007076764701445738
1778454646253258860,0.33210885054110184,-0.09037407641703049,9.309351237023453,-0.00036747361985348635,-0.0017841900986207762,-0.0016621534048289733
1778454646273812216,0.32246293130831105,-0.08918766596913064,9.306800266445972,0.00045064946701885676,0.00032929454246610756,-0.00023043800280237456
1778454646294156219,0.3225868787178051,-0.10834793925204045,9.30806997021907,-0.0028900198043765417,-0.0008297131639363811,0.0011331004753181951
1778454646314571871,0.3152772079533218,-0.08920436097799611,9.307888092785848,-0.0019355428696921397,0.0010110637815263918,-0.00016226107889634597
1778454646335035893,0.32762304941459586,-0.10958071586031659,9.323736836120183,-2.658900032334252e-05,0.0009428868576203606,0.0026329928012508224
1778454646355525730,0.3215878609430771,-0.11317346876588741,9.320060054929963,-0.002208250565316254,0.0003974714663721318,-9.408415499031781e-05
1778454646376004789,0.3179788430695102,-0.10241460552188186,9.323561996887346,-0.001458304402349942,-0.002329605489869005,0.0003831543123518819
1778454646396368219,0.32393741654280517,-0.09761090885630253,9.322437973814848,-0.0005720043915715713,-0.0025341362615870916,0.0024966389534387652
1778454646416894463,0.3070624267853532,-0.10121676944865887,9.316196089666091,-0.0007083582393836284,0.0006020022380902185,-0.0018666841765470582
1778454646437306319,0.32256520513296916,-0.11073572726773578,9.305680600263491,-0.0024809582609403684,0.0030563714987072443,-0.00016226107889634597
1778454646457827860,0.31173054251015064,-0.09280973528291675,9.310243891338878,-0.0017991890218800842,0.0021018945640228492,0.0018830466382845088
1778454646478252863,0.32395243656193085,-0.09402581688232736,9.324822930900115,-0.0028218428804705105,0.003874494585579591,-0.002207568796077201
1778454646498745404,0.32262034453146626,-0.08921835552302038,9.317592147078887,-2.658900032334252e-05,-0.001579659326902693,0.0024966389534387652
1778454646519205445,0.3069641382022934,-0.10239361370434558,9.309005915447793,-0.0013901274784439144,0.0021018945640228492,-0.0009122072418626596
1778454646539656115,0.32267186016944416,-0.10477648707979409,9.315251318696744,-0.0033672582717187392,0.001420125324962565,0.0003831543123518819
1778454646560148526,0.32868119182941924,-0.10596272015604619,9.315348457823907,-0.0005038274676655435,0.0022382484118349047,0.001337631247036281
1778454646580620085,0.3167108163571465,-0.10599168182096608,9.317561201006406,-0.0001629428481353997,0.003533609966049449,-2.5907231084289217e-05
1778454646601048274,0.3261860152353613,-0.10475279479841648,9.309311465210348,-0.002003719793598171,0.003329079194331362,0.0016103389426603948
1778454646621740833,0.32262185943406185,-0.10835475915290488,9.310468165915273,-0.0011174197828198,0.002647309955271078,0.0016103389426603948
1778454646642098467,0.3166058742083764,-0.10597122211837295,9.310366613917795,-0.0019355428696921397,0.0012155945532444784,0.0020875774100025946
1778454646662584785,0.3285937400387775,-0.10594567040388525,9.309352968583399,-0.0011174197828198,-0.0022614285659629772,-0.0013212687852988303
1778454646683108381,0.32637936461118033,-0.08924240254769339,9.328439663465913,-0.0026173121087524273,-1.1590077064034532e-05,-0.00029861492670840315
1778454646703551237,0.31887634447087787,-0.08560921652437214,9.309129587777127,-0.0007083582393836284,0.0009428868576203606,0.0005195081601639387
1778454646724068611,0.32278592622292734,-0.10958275266507439,9.321264459418499,-0.0015946582501619976,0.0008747099337143363,-0.0005713226223325175
1778454646744612077,0.3249214142984075,-0.09637047131643084,9.308062932018688,-0.0012537736306318555,0.001079240705432423,-9.408415499031781e-05
1778454646764922248,0.32383837050844755,-0.089219551297047,9.318809790178358,0.0007233571626429694,-0.0012387747073725475,0.0019512235621905374
1778454646785404474,0.32631434385667235,-0.0964057665947794,9.321271553599178,4.1587923582685205e-05,0.0012155945532444784,0.00011044661672776797
1778454646805937051,0.32273098480953955,-0.10598402088937048,9.318853025111359,-0.0009128890111017134,-7.976700097006573e-05,0.0006558620079759958
1778454646826530703,0.3263318342148006,-0.09640917654521158,9.32247065144728,-0.000640181315477599,-0.00014794392487608998,4.2269692821739376e-05
1778454646846952485,0.32141809602490845,-0.0952002695899608,9.315197470482875,-0.00023111977204142917,0.0006020022380902185,0.001337631247036281
1778454646867356025,0.32637346849676774,-0.09761330040435579,9.324873260013794,-0.0007765351632896562,-0.0017841900986207762,0.0020875774100025946
1778454646888364529,0.1158410513420928,-0.03523571405258191,9.562356990611708,0.02533522669271926,-0.004920328598298086,0.018381862223543405
1778454646908271236,0.9713220669401249,-1.48499509406977,10.063919085304125,-0.04127362796347058,-0.01801029798825556,0.09739891703063043
1778454646928646647,-0.20706036497304608,0.5439727206454283,9.449786059134457,0.027380534409900112,-0.005261213217828232,0.18691521811924586
1778454646949096855,0.6188119731450354,-0.2110702721323482,9.417314576436546,-0.013661973781529044,-0.0016478362508087208,0.24643367268920874
1778454646970020414,0.139737598715544,-0.7090081716305463,9.053257609109933,0.07019564262288601,0.0177825870624094,0.4761899062525248
1778454646990402603,0.6449254326884281,0.3573760888168516,9.529559299389422,-0.006844281390926191,0.03182703338705128,0.5174369452156721
1778454647010826310,0.03466291038919614,-0.7358630458029909,9.163220264758268,0.028335011344584514,0.011101248519618606,0.6380419236054364
1778454647031275610,-0.16383528054989657,0.4531694288568718,9.828407749352364,0.009518180346520647,0.025077517920354453,0.8994322498611497
1778454647051668225,0.5696436972965165,-0.5855216380564358,9.278840099158288,-0.03650124329004859,0.02091872556208671,1.1023949523293965
1778454647072022914,0.749355220693796,-0.5071408933529147,9.203412235418346,-0.023411273900091116,-0.017737590292631444,1.3348100859250478
1778454647092457139,0.364507890896578,-1.2979979195109435,10.005915544050282,0.050969750081385976,-0.06505237548341522,1.4559604797060604
1778454647113244051,1.820435602005362,-0.7482309955576749,9.224429160607206,0.028130480572866427,-0.14093329179082495,1.314084301057615
1778454647133517147,0.37445912455503405,0.09885876996504311,9.733705131664264,0.0129952034657281,0.02378215636613991,1.4068049175698139
1778454647154076724,1.3394815281843424,0.23198939380911937,9.45442971912276,0.017290349671807894,0.06482466455756908,1.4243945639375692
1778454647174557321,-0.09800667946130044,0.868079157068607,9.230921476827776,0.05021980391841966,0.1333424730831277,1.4201675946553953
1778454647194976324,-0.500740811480319,-0.18982442938759728,8.787341786873238,-0.11647277503182,-0.0338955212583602,1.3961693174404735
1778454647216004458,1.6245259386880406,-0.9987355988307232,9.60592420154303,0.16284808221117875,-0.029395844280562317,1.4174405176991542
1778454647235894850,0.5196242429048726,0.15436941853643843,8.843830139563854,0.04687913464702426,0.06502919532928714,1.3697166709649342
1778454647256219909,0.15515136232889967,0.23616918504029122,10.138617642904395,-0.1003830209899973,0.04989391822214883,1.5068886418638636
1778454647276680117,1.467313418239579,0.22709167145536396,9.576304406808077,0.027994126725054372,-0.02107825956402684,1.660900312967582
1778454647297074602,-1.277886991867568,1.2832902705936762,10.211004730053947,-0.24314549964922094,-0.050939752234867325,1.6949887749205963
1778454647317614031,3.036440964484207,-2.350766091790313,8.545285680620303,0.21473072130366644,-0.011874374836712994,1.596268589104667
1778454647337988813,-0.394558233584991,1.2177297199686652,9.439667798296583,0.10107978915231691,0.03209974108267539,1.8121849071150593
1778454647358485261,1.7661155539447182,0.006909166999895244,10.14755555195947,-0.028933604736479428,0.06734721074209213,1.8168891148645752
1778454647378977042,-0.122672601947492,-0.807457510390809,8.140854709070071,-0.0690898129171302,-0.04384935214864036,1.828547368852506
1778454647399349138,0.41829467918422647,-1.1024596526373915,9.0757622211313,-0.004185381358591082,-0.010851720978122568,2.117003933898913
1778454647419774383,-0.29994608357940433,0.5240586019528846,10.069408591139268,0.21323082897773382,0.01239661007383315,1.9794229014565472
1778454647440291535,1.021161733729844,1.1248543674782783,9.774771623766178,-0.038614727931135476,0.007965110019941296,2.0598034947417547
1778454647460737038,0.016464190836594117,1.5252732399065154,8.933018573207287,-0.011821196836066274,-0.004579443978767944,1.8701352924351835
1778454647481180486,-0.07287963482766704,0.10396696367823904,10.996318892309576,0.07653609654614665,0.05255281825448394,1.9308127547115488
1778454647501673860,-0.46615057228200973,0.45525548618058825,11.40496557065507,0.0943302736856201,0.03162250261533319,2.0305555943860685
1778454647522051920,0.6830989013005119,1.2578219855671864,9.112117733647997,0.023494449747256486,0.06325659530773042,1.8582725076755344
1778454647542602794,-0.5648939920846251,-0.12196192672865669,7.210862793794596,0.033175572941912534,-0.005261213217828232,1.8864977541726302
1778454647563030038,0.43337851068537736,0.42585828164546874,7.6403070787393705,-0.10706435953278809,-0.07282454480870247,1.8096623609305362
1778454647583506856,0.9159101721860102,-1.9907789585898408,8.541189245578884,0.06678679642758459,-0.14700103801846148,1.8111622532564688
1778454647603900916,-0.42590048774875766,0.8050894790132246,9.686425981752322,0.06746856566664487,0.09202725719607444,1.7118284751253854
1778454647624631586,-0.19406228613221865,0.6047683778433202,8.717291948326496,-0.12765379055240872,0.054598125971664795,1.816275522549421
1778454647644887904,0.354559304675644,0.38855480389084057,7.653609065305811,-0.07474849760133058,-0.0024659593376810604,1.8922927927046427
1778454647665323723,0.1693037053083528,0.022352422983561604,8.722606395883508,0.03910696532173702,0.06911981076364887,2.153546765112544
1778454647685809356,0.8785209655657217,0.5796408690920083,9.417282939483915,0.056628434765586336,0.005578917683230301,1.6671725899669367
1778454647706308341,0.8788799017828773,-1.5101038488283702,8.323099895389769,-0.07263501296024369,-0.004647620902673975,1.9260403700381268
1778454647726835049,-0.7929873987471994,1.392793268569079,9.921996865803944,-0.005208035217181509,-0.0013751285551846064,1.919359031495336
1778454647747374441,1.2811441494793474,-0.3784287786695397,8.92704800852782,-0.010798542977475845,0.09284538028294678,1.9032011005296072
1778454647767667500,0.10939882792598163,0.11122428057847744,9.42266763429972,-0.021775027726346437,0.1525001887007217,1.770937868151912
1778454647788102226,-0.7953883053086336,-0.8327288703527428,9.410884164848435,-0.05354547426655572,-0.13084310705273272,1.8653629077617615
1778454647808562341,0.17151937358746824,1.937996511168553,11.657637401248842,0.06044634250432394,-0.04855355989815632,1.813684799440992
1778454647829853437,1.1707120974191114,-0.8577912963469476,7.757023275406835,-0.03691030483348476,-0.05993910619046308,1.7809598759660983
1778454647849692996,0.28494644471103336,-0.24683446049546,9.143749100444248,0.08867158900141973,0.07866458011049285,1.7424399139591922
1778454647870146907,-1.2418958586185347,0.7798573515476184,10.43155757522383,0.014222388096036613,0.18727041989279625,1.8296381996350026
1778454647890551670,-1.6580661959736247,-0.02594846342035001,8.913923069947536,-0.10788248261966042,0.08984559563108152,1.5741792657591138
1778454647910949711,0.08819150170360437,-1.3958039642211788,10.528277304417033,0.0043367341296624805,-0.19963362327391548,1.825820291896265
1778454647931550474,0.44458133736034466,-0.42860612075552335,7.921681246534285,0.16762046688460075,0.07075605693739354,1.3423777244786168
1778454647951920218,-0.0024706327199232603,0.691226971208502,12.508197864488492,-0.04952303575610004,-0.03825884438834602,1.8511821075893076
1778454647972360370,0.333677520076591,-0.4067351832431429,7.3204809573216805,-0.009844066042791446,0.004760794596357962,1.8837706772163891
1778454647992751133,-0.3859985037863516,-0.16315653207826275,9.999822457059059,-0.03213792016006277,0.028622717963467936,1.8886794157376232
1778454648013155081,0.3204624424723954,-0.32748252519736315,10.15039430084508,0.10401139688027615,-0.01078354405421654,2.014874901887682
1778454648033803344,0.197851440851654,1.1143821433777237,8.293537073499621,-0.027365535486640773,0.020850548638180685,1.8417055151663695
1778454648054174921,0.15641448884918777,-0.22554334610069213,8.7328900998065,0.06317341946056507,0.06427924916632083,2.014670371115964
1778454648074653536,-0.32005794558100326,-0.16266202193370288,6.535064770542791,-0.2497586612681057,-0.0913004911872362,1.890247484987462
1778454648095069114,1.6958892039352373,-0.006480901334497524,10.594875379764876,0.23682004464921969,0.1931336353487147,2.079574802674503
1778454648115538692,-1.1613656186668786,-0.4164480767298439,11.387769063038192,0.056355727069962225,-0.0587800984840606,1.8155937533103608
1778454648136010695,1.241019290650695,0.021314211315998866,9.372147020014415,0.1055794661301148,0.026509233322381053,1.7624839295875645
1778454648156384921,-1.100881993264468,-0.021432733785982927,6.873742301202743,-0.08967924393675082,-0.05189422916955172,1.5688614656944435
1778454648176830073,2.5487985184042445,-0.4823817317049579,12.605796919694507,0.08969424286001015,-0.05305323687595421,1.5482720346748229
1778454648197255762,-0.8987711536111624,0.795934826921245,12.980688403458974,0.05512854243965371,0.025077517920354453,1.6857167132693764
1778454648217673376,0.7260464469215009,-0.08372864642495426,8.505016148059088,0.024517103605846916,0.0380993103864059,1.7982768146382295
1778454648238233565,0.6780656305551677,-0.08666040265503155,9.494506617519736,0.07803598887207928,-0.007306520935009084,1.8548636614802332
1778454648258647272,0.363114003711022,0.3034320507229636,8.949967007022531,0.012245257302761787,-0.06975658323293119,1.9464934472099353
1778454648279396147,0.6511459555182588,0.4852881256563277,8.769146091080788,0.09917083528294812,0.06605184918787757,1.9775139475871784
1778454648299624280,-0.587250864445228,0.6407676021632995,8.847750916329485,0.04899261928811115,0.011101248519618606,1.9326535316570117
1778454648320008450,0.3305024555167313,-0.8846526431226107,9.887616981242454,0.018244826606492293,0.057461556775717994,1.8628403615772384
1778454648340509657,0.7495944240097863,0.313509386414439,9.447417708344473,0.07476349652458991,-0.038667905931782195,1.7533482217841567
1778454648360962865,-1.6805749457437476,-1.335618136454871,10.087134648553759,0.009450003422614619,-0.09505022200206775,1.7894138145304457
1778454648381791979,1.069197472045752,1.4201321862603504,10.382250379462858,0.030925734453013595,0.058279679862590326,1.8669991539355062
1778454648402223502,-0.8032186286275166,-0.5604321821630223,8.811574120457923,-0.08088442075287314,0.09414074183716131,1.8681581616419087
1778454648422707450,-0.5657863502267763,-0.115956329505537,9.705561971328091,0.057242027080740596,-0.03784978284490985,1.9374940932543396
1778454648443136953,1.6491414168965217,0.8009007609068319,9.174246872804625,0.06160535021072642,-0.01712399797747719,1.90967790830068
1778454648463642957,0.5839632999819424,-1.4982529334078165,9.4226084260723,0.15528044365760957,0.10798065739008511,1.9550155626981889
1778454648484079109,-1.0164449938894469,0.7380481156828949,12.214234092513788,-0.11374569807557887,-0.05612119845172549,1.8393193228296585
1778454648504513649,0.3550726102111593,-0.21313667515391072,7.461574887680391,0.04142498073454198,0.01750987936678529,1.8287518996242242
1778454648524963394,0.22236487804311358,-0.5722774002054323,7.773707625099272,-0.02238862004150069,-0.11345799145669547,2.002739409432409
1778454648545375360,0.406612944711618,0.27521097785626386,8.382502394589114,0.012722495770103986,-0.02850954426978395,1.747144121708708
1778454648565899049,0.8303626278250936,-0.09064269698985972,9.730643547680435,0.022130911269135918,0.11220762667225886,1.8079579378328854
1778454648586404738,-0.617581307624142,0.7255421290976836,11.411242888328003,0.06665044257977253,0.009874063889310093,1.8209115533750309
1778454648606832612,-0.5399789901269743,0.22727182164666299,11.112134384117047,-0.10958690571731114,-0.022919036509489614,1.9299264547007704
1778454648627300671,0.3875562284929627,-1.0043450232974294,7.82696729198917,0.03617535759377779,-0.09395939121957131,1.8569089691974139
1778454648647731582,-0.33730620184260884,-0.09694584283012686,9.906829017597527,-0.0908382516431533,0.05030297976558499,1.6899436825515501
1778454648668122623,-0.0967801429138876,-0.24824127068395868,9.799600947779211,0.008972764955272418,0.07334678004582262,1.8438871767313625
1778454648688572089,1.221123068224306,-0.275861715787059,10.695202561150364,0.09726188141357932,-0.09375486044785322,1.7935726068887134
1778454648708953871,1.768197181464528,0.36310568853964914,9.106932644935217,0.015449572726345126,0.0916863725765443,1.7318724907537577
1778454648730101430,-1.436011717636669,0.9898942457835502,9.709711246568324,0.07646791962224063,0.053643649036980386,1.814025684060522
1778454648749918211,0.29197723958066824,0.20644043098194426,7.655695118966829,-0.08027082843771889,-0.012010728684525053,1.6861939517367186
1778454648770580196,1.0298139875788983,-1.500620422956969,9.70643350722876,-0.06534008210229865,-0.0049885055222041175,1.8622267692620842
1778454648790943570,0.11565870584018115,-0.6532554596544071,10.469684447749696,0.0134724419330703,0.017714410138503375,1.845250715209483
1778454648811341704,-0.5272742002406305,0.1909093343440565,7.522009874568957,0.06644591180805444,0.04300804890763995,1.8133439148214616
1778454648831804059,-0.7969930436679437,-0.17157002762619447,7.655811398774336,0.030516672909577425,0.06482466455756908,1.6284480971883124
1778454648852232378,0.5747979992436137,-0.39735047450100963,8.797517452065922,-0.08702034390441571,-0.11891214536917774,1.7890047529870095
1778454648872665826,0.42441418009817933,-1.1616068082790914,7.578749431760478,0.10878378155369814,0.007896933096035272,1.8609314077078696
1778454648893160237,-0.28141592388384784,0.604845934975774,10.300775488909464,0.14396307428920885,0.08950471101155139,2.0091480402795754
1778454648913544444,1.3065702053982617,-0.15336790209407802,8.121026908769336,-0.06731721289557346,0.02930448720252822,1.8456597767529193
1778454648934054207,-0.8697333430579575,-0.02946163760560161,8.15408167040478,-0.0570906743096692,0.02616834870285091,1.7819825298246885
1778454648954362562,1.1746652238570283,-0.09424046322005969,10.376144749439698,-0.09213361319736785,-0.08775529114412271,1.974582339859219
1778454648974830047,-1.5283710110531685,1.095280505835091,12.142698369608034,0.1792787208725316,0.03653124113656724,1.9027920389861712
1778454648995219366,1.6089195579887534,0.8160796019547791,10.950214876070502,-0.024024866215245376,0.018259825529751604,2.081824641163402
1778454649015641258,0.27459040025718784,0.39193271753999676,8.509513977991356,0.03399369602878488,-0.0015114824029966618,1.9050418774750701
1778454649036189243,-1.175756773204151,-0.40342405380214175,8.510343116894637,-0.013866504553247127,-0.08666446036162626,1.9577426396544302
1778454649056615025,1.4549872184226436,0.525130109542771,8.348653013611566,0.06671861950367855,0.15890881954788838,1.9603333627628592
1778454649077020084,0.2395186281556074,-0.559586448233901,9.202914844097892,0.04081138841938772,0.014169210095389892,1.888406708041999
1778454649097396939,-0.1291214759763749,0.557778607243332,9.696697969136512,0.06310524253665904,0.03298604109345376,1.923722354625322
1778454649117855369,1.3139589161126937,0.06918362409132811,11.512987183509681,-0.0819752515353696,-0.03355463663883006,1.8684990462614388
1778454649138333798,-0.7923873557326653,-0.360861980665776,10.618836531555294,0.12153286632412547,-0.1405924071712948,1.8877931157268448
1778454649158742506,0.39961505205621517,0.7987723545912497,8.676616909113868,-0.022797681584936863,0.16306761190615612,1.6936934133663817
1778454649179316324,-1.6954722553093178,1.054072518355046,10.95583481546389,-0.07829369764444406,0.10838971893352126,1.758938729544451
1778454649199637791,1.105286587445161,-0.016706946435836645,9.59796116097441,-0.020888727715568066,0.007351517704787043,1.7656200680872418
1778454649220130979,1.2881815591567856,-1.9987214222196021,8.633285663407888,0.058605565558861164,-0.03771342899709779,2.0223743635173452
1778454649240585594,0.9841469345281181,-0.31376955481880486,10.397967021449574,0.03426640372440899,-0.046917313724411644,1.9190181468758059
1778454649260959376,-0.8323785059317211,0.48199840292082213,8.522052911416194,0.027994126725054372,0.028009125648313676,1.8704080001308077
1778454649281432213,-0.523230145620701,-1.0115857001225397,8.498640291912993,-0.051636520397186914,-0.022373621118241385,1.761461275728974
1778454649301835994,0.9930630889227324,-0.5932469932334992,10.162944264288951,-0.09997395944656112,-0.0793695295036812,2.0064891402472407
1778454649322294553,-0.01004680674093239,0.6349276471002534,8.342400367003552,0.042447634593132416,-0.04078139057286908,1.948266047231492
1778454649342714742,0.7755991581174932,0.9855277013047059,8.932307524774641,-0.020275135400413806,0.04784861050496796,1.7214414213961353
1778454649363100597,-0.3684130099750291,0.8174629799546136,10.835734891466188,0.1230327586500581,0.05071204130902116,1.720555121385357
1778454649383588582,1.0996710885452725,-0.0670550734738013,8.781662418967814,-0.006912458314832223,-0.02032831340106053,1.875793977119384
1778454649403993771,-0.34448634712539616,0.7163209766293706,10.21548243478342,0.07271818880740907,0.11207127282444682,1.8035264377789937
1778454649424436015,0.022255011953264348,0.2365907250240366,10.738367597249043,-0.13528960602988388,-0.016919467205759105,1.732963321536254
1778454649444895186,-0.6441339685237061,-0.4518955387662972,9.061796686494715,0.15112165129934185,0.25803806690725384,1.629947989514245
1778454649465314819,-0.8618316971032918,1.9014792208521099,8.684322040932729,-0.11919985198806117,0.09611787263043614,1.5166379419824256
1778454649485879508,0.5572214245869973,-1.9743671090445147,12.597173098582635,-0.06806715905853979,-0.14543296876862283,1.8682945154897206
1778454649506228937,0.21380867127617945,-1.5055917133731698,8.399120261590857,0.014222388096036613,-0.1518415996157895,1.4592329720535497
1778454649526719126,1.6172554067960243,-1.209793356244516,7.21493513250732,0.15705304367916634,0.21024604324912785,1.639833643480619
1778454649547107556,-1.2383310448637832,0.4995037515610676,9.664181289749461,0.15521226673370353,0.18617958911029978,1.792345422258405
1778454649567588318,1.351649446936894,-1.6598373048078794,9.492597143518058,0.02192638049741783,-0.07405172943901098,1.8914064926938643
1778454649588031211,1.025814845014616,-0.5541088796837084,7.812432770740045,0.13189575875784182,0.04696231049418959,1.82350227648346
1778454649608405400,-0.22589775464804399,0.3613045076009654,8.00558010519211,0.002155072564669569,0.03673577190828533,1.955083739622095
1778454649628895274,-0.66668262381585,0.15398750801672495,11.53242307596541,-0.27689307698270504,0.022554971735831396,1.9040874005403856
1778454649649256870,2.1945417753802436,-2.148609832840346,10.975931494223994,0.3750828463306455,0.19974679696759945,2.118094764681409
1778454649669688392,-0.8899121850331482,-0.03999874243835122,10.142642296580382,0.11198809697728147,-0.04793996758300207,2.007716324877549
1778454649690174766,0.7507355891260786,0.24641302767609946,12.383575485192607,0.021449142030075634,0.15590903489602312,1.9542656165352226
1778454649710600140,0.030906519627160012,-0.4758188540774293,9.497894384990431,-0.2966643849154533,-0.007238344011103057,1.785323199096084
1778454649731121699,-1.0106823646993166,0.22395684574296154,9.038114476829088,0.1263734279214535,0.030327141061118647,1.9728779167615684
1778454649751480036,0.7681989042321146,1.4067834864138482,8.995412751965377,0.12957774334503683,-0.07207459864573615,1.8879976464985628
1778454649771899336,0.35340175436133026,-0.12136864554490542,9.276225046429396,-0.006912458314832223,0.08268701862094854,1.7412809062527896
1778454649792426765,0.18068783360673166,-0.15376057298662318,9.602147894234506,0.013131557313540158,-0.006692928619854828,1.8516593460566497
1778454649812795362,0.057361859373651874,-0.44900858313466224,8.934763538395872,-0.002344604413128313,0.05780244139524813,1.7600977372508535
1778454649833913180,-0.003987859338848099,0.583957358566308,7.750462739351546,0.026903295942557914,0.11193491897663474,1.6744675208248816
1778454649854108313,-1.1780941501871447,0.7492733512106886,9.032437429476158,0.026289703627403654,0.04703048741809563,1.9185409084084637
1778454649874607428,-0.45886587591932293,-0.18229193887732517,9.110443120712867,-0.048773089593133714,0.042598987364203776,1.8032537300833695
1778454649895005506,1.2862119621583892,0.1198637762403178,11.35772877027268,-0.041682689506906755,-0.009147297880471854,1.8502958075785292
1778454649915425120,-0.12086251964480133,-0.7810403563226153,7.69842474960362,0.04135680381063596,-0.05605302152781946,1.8194116610490982
1778454649936301976,-0.06580321756033541,1.397494599236488,8.345986509894349,-0.07236230526461958,0.11200309590054078,1.754098167947123
1778454649956670424,-0.15576345905951805,0.5623225298444889,9.764602354215533,0.016949465052277752,-0.00532939014173426,1.7107376443428888
1778454649977108687,-0.15974636005179338,0.2707569162673155,8.310228633855129,-0.02354762774790318,-0.027146005791663378,1.840273799764343
1778454649997523709,0.3856326860796445,-0.4300791001772755,9.229881829581517,-0.059749574342004313,0.001420125324962565,1.9252222469512545
1778454650017989416,0.0016830378201121432,1.768316086646893,8.092744547352046,0.1642116206892993,0.02180502557286508,1.7861413221829563
1778454650038455587,0.10612784685518764,1.431042817982876,9.284797516333244,-0.032546981703498935,0.10164020346682445,1.9389258086563663
1778454650058831720,0.3578327281347593,-0.34609276727253313,10.401591211191372,0.019062949693364636,-0.08298290647070072,1.9065417698010028
1778454650079263205,-0.09335978832994171,0.5681568558471601,9.024677905811416,-0.08272519769833592,0.056234372145409474,1.8772256925214104
1778454650099696320,0.7248343694475297,1.3048352468209539,9.02867641138805,0.06780945028617502,0.025418402539884595,1.6694906053797416
1778454650120131971,0.1922156964705952,-0.09431754526713859,9.756759235134966,0.05287870395075477,0.0778464570236205,1.8409555690034032
1778454650140572475,-0.41196466642692686,-1.1421128476485305,9.41312809680273,0.0539013578093452,-0.05018980607190101,1.8050945070288322
1778454650160992053,0.7130938266832068,-1.1259821771746052,8.7051735777947,-0.014752804564025498,-0.044122059844264476,1.9405620548301108
1778454650181447130,0.6381547419438017,-1.5758970732956843,10.229329274624211,0.05874191940667322,-0.08782346806802874,1.9013603235841445
1778454650201980578,0.7175921123962696,0.06817321939987847,8.970677820554199,0.0431294038321927,0.1264566037686188,1.8025719608443092
1778454650222286100,-1.7782780306061563,0.7514870042963537,8.700672837916404,-0.13283523676926684,0.07750557240409037,1.690011859475456
1778454650242734493,0.44654006657179024,-0.15954769882755468,10.958540869164693,0.11089726619478503,0.039462848864526466,1.7680744373478587
1778454650263127422,0.5157886059633855,-0.18491874264138614,11.500368063884657,-0.012707496846844645,-0.14502390722518665,1.8718397155328341
1778454650283660685,1.9268589922589647,-1.104168889792709,7.744420647863416,0.01838118045430435,0.027395533333159423,1.703783598104474
1778454650304076652,-1.5000371839705802,1.1164386844313154,11.047342917689205,0.14648562047373193,0.028622717963467936,1.9940127631724371
1778454650324564526,-0.7526357396695333,-0.7104170655233273,6.872013818861113,0.0919440813489091,-0.01391968255389385,1.86659009239207
1778454650345008937,0.8472915176923711,-1.072749263858749,10.686299876485746,-0.0396373817897259,-0.04084956749677511,1.9706280782726695
1778454650365522922,1.0490292359530857,-0.2904637220278887,10.246636284281491,0.008836411107460362,-0.02789595195462969,1.9257676623425026
1778454650386335185,0.053166894050696384,2.2856591160425865,10.174019990205492,-0.06254482822215147,0.04403070276623037,1.7317361369059456
1778454650406697651,-0.18446237584870084,-0.4094560815827435,7.510287876033931,0.05369682703762711,0.03223609493048744,1.6625365591413266
1778454650427153229,0.9007853250165226,0.07963689378663574,9.685563916950475,-0.05129563577765678,-0.04112227519239922,1.7211005367766052
1778454650447521306,0.2556511852800154,0.6825037081384258,9.461233437469998,0.1869827132739128,0.17956642749141502,2.026737686647331
1778454650467970829,0.9264557145125344,0.10397191377649717,9.150002601351508,0.02192638049741783,-0.06764309859184431,2.0120796480075347
1778454650488506703,-0.5054511009417376,-0.8625234728517912,7.468596137254011,-0.033705989409901424,0.01689628705163103,1.8077534070611674
1778454650508865299,1.3679636351667304,0.3804557865906218,10.723880812995032,0.07101376570975834,-0.12102563001026462,1.9429482471668218
1778454650529346173,-0.23381387027509587,0.42127447969920157,9.214846501521292,0.012449788074479872,0.0721195954155141,1.8507730460458713
1778454650549713491,0.12590162043352363,0.5775064083868755,9.248614752146311,0.001132418706079141,0.07348313389363467,1.9484024010793042
1778454650570132013,1.1789520958923498,0.3088792019999173,9.257464016100776,0.05853738863495514,0.06359747992726056,1.876134861738914
1778454650590671054,0.10205869164404388,0.5423019586626499,10.234997980588496,-0.07604385915554512,-0.12709337623790115,1.9591743550564567
1778454650611010409,0.37614782468897734,0.41036317136881134,7.578338828985831,-0.026206527780238284,0.04532606432044491,2.0108524633772262
1778454650631502654,0.6025127235502701,1.9867505895067243,8.305042119566409,-0.09520157477313913,0.14431895783199827,1.823911338026896
1778454650651926009,0.8786309754569704,-0.31642592024524724,9.168759085995049,0.16243902066774257,0.028486364115655874,1.7934362530409014
1778454650672389624,-0.20086263217035052,1.0285501334877007,9.152030088812309,-0.03438775864896171,0.03359963340860802,1.8892248311288715
1778454650692814553,0.45616450834735767,-2.16405590114605,9.791066449806522,-0.004117204434685055,-0.10111796822970429,1.754166344871029
1778454650713419131,-0.04734293115439317,-0.5042111204821572,7.659003498410493,-0.03336510479037128,0.05064386438511514,1.7320088446015698
1778454650733935060,-0.6550109234668039,1.1833200512809974,10.827591132879625,0.004882149520910709,0.05896144910165061,1.890656546530898
1778454650754459768,-0.8487091671972317,0.06829237048748954,8.315894748554825,0.0275850651816182,0.03223609493048744,1.747348652480426
1778454650774788568,0.09969357859775305,-0.780551538727771,8.090247639513557,0.0016096571734213402,-0.014533274869048107,1.2734508544096221
1778454650795224793,-1.569136799054754,0.3452108996810614,9.391089778420815,0.010472657281205045,0.004624440748545899,0.7267401016071795
1778454650815729112,0.4457708072131903,0.24839665487553814,9.824180031313722,-0.020547843096037924,-0.011465313293276824,0.23716161103798886
1778454650836187504,0.8714073086164561,-0.7520179538132672,9.085099606813888,0.012313434226667815,-0.006488397848136745,0.03188089315693705
1778454650856650526,0.30809408394416504,-0.2877586861840893,9.234165291167153,-0.015230043031367699,0.011237602367430669,-0.008684376567149907
1778454650877102660,0.26214900861068746,-0.15574622677463573,9.096315091699891,0.0022232494885755967,-0.004374913207049861,-0.014683945870880415
1778454650897459515,0.35803033765471226,0.003295025065082391,9.229094018097816,0.0005188263909248845,-0.001988720870338863,-0.00991156119745842
1778454650917870556,0.38950570517691896,0.0389455529325588,9.343339558842366,0.0001779417713947424,-0.0021932516420569495,0.00017862354063379613
1778454650938425281,0.3273469979484033,-0.21620777138184066,9.346893895440532,-0.0009128890111017134,-0.0016478362508087208,-2.5907231084289217e-05
1778454650958875563,0.31658117081834924,-0.07008620287429923,9.322225206289446,0.0015414802495153125,0.0021700714879288735,-0.00023043800280237456
1778454650979406863,0.3288399219700606,-0.15024591686023978,9.309516244784952,-0.0015946582501619976,0.0015564791727746205,0.002019400486096566
1778454650999819940,0.33967745090210066,-0.12152820372862744,9.322767319488909,-0.0013901274784439144,0.002647309955271078,0.0005195081601639387
1778454651020306444,0.32652155983010056,-0.11797428759597772,9.327346474505305,-0.0027536659565644828,-0.0004206516205002078,0.0022921081817206795
1778454651040760873,0.32778691821835204,-0.1359248128929056,9.325033017115155,-0.00023111977204142917,-0.0024659593376810604,0.0005876850840699673
1778454651061322044,0.3374463425676729,-0.1143897277369457,9.337092925941516,-0.00023111977204142917,-0.000488828544406239,-0.0017985072526410305
1778454651081733807,0.32683029217688886,-0.1515226680808389,9.335863719810757,-0.001867365945786112,0.0012155945532444784,-0.00029861492670840315
1778454651102145199,0.33015472162750625,-0.12993386474869523,9.325048043266333,-0.0004356505437595141,-0.0006933593161243187,0.0009967466275061384
1778454651122741221,0.3448600000445192,-0.1491016674190603,9.338531268536894,-0.00036747361985348635,-0.004920328598298086,0.0021557543339086227
1778454651143208095,0.32892908664840736,-0.14428326672186587,9.317887865370102,-0.00023111977204142917,-0.0021932516420569495,0.0018148697143784802
1778454651163733858,0.32766866893816127,-0.13350974527375276,9.317829604285922,-0.000640181315477599,0.003601786889955473,0.001064923551412167
1778454651184159084,0.33867843312737267,-0.12635373324247431,9.334757404199804,0.0002461186953007701,-0.0017160131747147485,-0.0018666841765470582
1778454651204598828,0.3337546155963601,-0.13590692211001343,9.322727547675804,-0.0015946582501619976,0.0027836638030831334,0.0022921081817206795
1778454651225098313,0.3434896995074975,-0.13113068241953932,9.333650138838435,-0.0017991890218800842,-0.0014433054790906341,0.0024966389534387652
1778454651245576039,0.321869023590617,-0.15748053512310628,9.322621526827719,-0.0010492428589137705,0.0012155945532444784,0.000792215855788053
1778454651266152672,0.33863584340899844,-0.14069751108880718,9.326416673706841,-0.002276427489222285,0.001079240705432423,-0.00036679185061443175
1778454651286720009,0.3255483988669162,-0.11802083112800177,9.342916201279253,-0.0010492428589137705,0.001692833020586676,0.0021557543339086227
1778454651307127698,0.3242478617772985,-0.12517958945062888,9.333331350464945,-0.0007083582393836284,5.6586846841989724e-05,-0.0025484534156073432
1778454651327581331,0.31819518294765137,-0.12876893240576745,9.328455471426622,0.0002461186953007701,0.0025109561074590156,0.0024284620295327367
1778454651347994742,0.3339310340802393,-0.1550774252442198,9.327594544993206,-0.0015946582501619976,-0.001102420859560492,-0.0021393918721711726
1778454651368439838,0.3326723292576981,-0.13832420390557185,9.329912415253668,-2.658900032334252e-05,0.0012837714771505027,0.0014058081709423095
1778454651388843545,0.32404634393317355,-0.12035627411318761,9.32132272050268,-0.0011174197828198,0.002579133031365047,0.0021557543339086227
1778454651409255771,0.33510913866295844,-0.14789479726856736,9.328785710870804,0.0002461186953007701,0.001420125324962565,0.0005876850840699673
1778454651429728756,0.33500343906289054,-0.13830613575103196,9.325153114364001,-0.000640181315477599,0.0003974714663721318,0.0021557543339086227
1778454651450282371,0.3338603151964281,-0.1454955836275488,9.326360144182608,-0.0020718967175041986,-0.00028429777268815237,0.0012694543231302523
1778454651470799097,0.3219581882689637,-0.15151788498473237,9.330993147412869,4.1587923582685205e-05,-0.001102420859560492,0.00017862354063379613
1778454651491077378,0.32408530989102846,-0.14308799956834384,9.315411075798103,-0.0002992966959474569,0.002033717640116818,0.0011331004753181951
1778454651511581400,0.333916212046223,-0.13354641369777562,9.334709700416196,-0.0002992966959474569,-0.0013751285551846064,0.001337631247036281
1778454651531968811,0.32908897021056527,-0.1479024582001629,9.32749388676585,-0.0017991890218800842,0.00019294069465405211,-0.0007076764701445738
1778454651552353926,0.3312362505148706,-0.11794838113819456,9.321425166270279,-0.002549135184846396,0.0018973637923047626,-0.00029861492670840315
1778454651572821892,0.3432763894345474,-0.14304916279542282,9.314508701971931,0.00010976484748871293,0.0018291868683987314,-0.0013212687852988303
1778454651593191618,0.3397107187306524,-0.12751472352002668,9.32278938384047,-2.658900032334252e-05,0.00019294069465405211,0.0005876850840699673
1778454651613676788,0.332652368560567,-0.1347322920307323,9.329899176642732,0.0002461186953007701,-0.0024659593376810604,0.0016103389426603948
1778454651634156144,0.3289591266866586,-0.13711308277391548,9.322657779540634,-0.0017310120979740565,0.0015564791727746205,0.0004513312362579105
1778454651654450555,0.34699377523229435,-0.14186908596095163,9.322953609792442,-0.0013219505545378832,-0.0016478362508087208,0.0014058081709423095
1778454651674924280,0.3311769278896658,-0.14185695084903752,9.308323347347406,0.0034504341188841096,0.0014883022488685893,-0.001525799557016916
1778454651695310599,0.33262137308590856,-0.15745037768415976,9.31919114054575,-0.0005720043915715713,0.0008065330098083051,-0.0016621534048289733
1778454651715746417,0.33377875952019886,-0.13710763601872544,9.323931058394217,-0.0019355428696921397,0.0012155945532444784,-0.0005031456984264889
1778454651736197847,0.33488937300940735,-0.1334998701657516,9.319139973642246,-0.0009810659350077428,0.0014883022488685893,-0.0030256918829495434
1778454651756616165,0.334871882651279,-0.1334964602153194,9.317940875794145,-0.0004356505437595141,0.0006701791619962497,-0.0035711072741977713
1778454651777058669,0.33015966230551164,-0.13711086859750993,9.322676324792004,-0.0005720043915715713,0.0010110637815263918,0.0021557543339086227
1778454651797505450,0.32400128387579663,-0.1311115500351131,9.31416784924688,-0.0013219505545378832,0.0028518407269891577,-0.00029861492670840315
1778454651817973120,0.334861045858861,-0.1346903542231671,9.316746190816355,-0.002208250565316254,0.0018291868683987314,-0.0016621534048289733
1778454651838380216,0.32051127273371827,-0.13233595622520278,9.32131121345169,0.0007915340865489989,0.00032929454246610756,-0.003434753426385714
1778454651858796164,0.3396725102240953,-0.11435119987981274,9.32513903796324,0.0007233571626429694,-0.002670490109399147,-0.00036679185061443175
1778454651879259057,0.3302362773037355,-0.13832181235751856,9.327477129054722,-0.00023111977204142917,0.001965540716210787,0.0008603927796940812
1778454651899635968,0.3219564753812588,-0.15749758487526724,9.328617016068227,-0.0011855967067258277,0.0011474176293384472,0.000792215855788053
1778454651920176027,0.3218125672746337,-0.13474539971751787,9.327334073684193,-2.658900032334252e-05,-0.0004206516205002078,-0.001184914937486774
1778454651940644753,0.3339169694975208,-0.14311461551271787,9.331147709834388,-0.000640181315477599,0.0021018945640228492,-0.0005713226223325175
1778454651961063608,0.32532520743795523,-0.11558530380625578,9.32851820136141,0.00045064946701885676,-0.0011705977834665197,0.0007240389318820244
1778454651981522760,0.32762950499519694,-0.1358941233390159,9.314241136482242,-0.0020718967175041986,0.0006020022380902185,0.0024284620295327367
1778454652001936819,0.3324274642439011,-0.13827646459952117,9.313125045380247,-0.00036747361985348635,0.0010110637815263918,0.0003831543123518819
1778454652022420971,0.32304884106104115,-0.14431820725691893,9.32618882404996,0.00010976484748871293,0.0034654330421434176,0.0004513312362579105
1778454652042857993,0.32877928242736965,-0.12990197942077883,9.313038519533949,0.00045064946701885676,-0.0013069516312785787,-2.5907231084289217e-05
1778454652063389793,0.33132198941780744,-0.12394513078089037,9.325044524166145,-0.0017310120979740565,-0.0010342439356544608,-0.0007076764701445738
1778454652083837148,0.3312461318708815,-0.13230238883582407,9.31668172932162,0.0006551802387369417,-0.0019205439464328351,-0.00043496877452046034
1778454652104283559,0.3396424701858439,-0.12152138382776306,9.320369123792705,-0.0008447120871956856,-0.00035247469659417663,-0.00016226107889634597
1778454652124741637,0.32304465783433345,-0.14670940522304643,9.324998551942482,-9.476592422937198e-05,0.003260902270425331,0.0007240389318820244
1778454652145835288,0.31572566518002765,-0.1478961245867343,9.31649800836786,-0.0005720043915715713,-0.0009660670117484366,-9.408415499031781e-05
1778454652166405329,0.33015966230551164,-0.13711086859750993,9.322676324792004,-0.0007083582393836284,0.001420125324962565,0.0009967466275061384
1778454652186708888,0.32671945391370627,-0.1598731062349082,9.325102729270029,-0.0013219505545378832,0.0005338253141841942,0.0022239312578146513
1778454652207229873,0.3242252327560553,-0.14311527917180134,9.325003858582916,-0.0015946582501619976,0.0007383560859022739,0.0014739850948483377
1778454652227542692,0.33014806806179586,-0.12873656079041534,9.325043630396022,-0.0001629428481353997,0.0007383560859022739,-9.408415499031781e-05
1778454652247944658,0.33726458743556964,-0.13827442779476334,9.31559742208193,-0.0016628351740680287,0.0013519484010565339,-0.00043496877452046034
1778454652268376754,0.3146779980765432,-0.09051981742737603,9.348643287240245,-0.00466261982593328,-0.0036931439679895733,-0.061044254126979794
1778454652289361165,0.23737730032388557,0.8547326573397749,9.095891198678764,0.019062949693364636,0.05153016439589351,-0.3180030803288012
1778454652309775484,-0.1982716297771423,0.5690293044911783,9.485796141060545,-0.0716805360255593,-0.004579443978767944,-0.2773696336808082
1778454652330552913,-0.1409684539230322,-0.5280122845373877,9.214903319636514,-0.011412135292630101,0.010419479280558322,-0.42688162780672867
1778454652350822324,0.06848968629775123,0.4553804029641119,9.62819157157341,0.04442476538640724,0.007010633085256901,-0.5559405447608406
1778454652371222550,-0.05631320847196461,-0.12205889064098699,9.247118256598101,0.042311280745320354,-0.04882626759378044,-0.879644579466664
1778454652392389887,0.7065301541412329,0.13281707606233745,9.801053148775082,0.014154211172130584,-0.013987859477799878,-0.9262094184944815
1778454652412110853,0.3121438939833433,0.09916493444579244,8.75211010760296,-0.03670577406176667,-0.05850739078843649,-1.099924220607042
1778454652432544135,0.1576986429883873,0.11961597615686798,9.033768892756505,0.022608149736478116,-0.08570998342694186,-1.1252860363000847
1778454652452986194,-0.16910961271139419,0.21162997721807703,8.880932848555915,-0.009775889118885418,-0.060961760049053515,-1.264776022611819
1778454652473529327,1.1588821842665191,-0.19235140445772886,9.091124040754067,-0.052386466560153236,0.07007428769833327,-1.2964782922281222
1778454652493798145,0.13400095074768545,-0.38995893053063513,9.68619372374693,-0.04829585112579152,0.049621210526524705,-1.2773887535344342
1778454652514417297,0.4535361462939216,-0.5592404938139133,9.640192180727464,-0.01011677373841556,0.004897148444170017,-1.1162185054205829
1778454652534909986,0.5637820489272679,0.15667280960783875,9.321632747289842,-0.08442962079598662,0.013964679323671805,-1.1839863677831752
1778454652555188267,0.40914803834631097,-0.3633904765613197,10.621829707633157,-0.0937016824472065,0.013146556236799466,-1.3182267309541453
1778454652575888567,-0.06389130971299559,0.32533673090053966,10.21403335460487,-0.0012537736306318555,-0.05714385231031592,-1.3500653544182606
1778454652596216182,1.7466264832336966,1.155065637219641,9.737921678033816,-0.06793080521072772,-0.07077923709152162,-1.4170832706178866
1778454652616877296,0.06872062780804725,-0.5392550637037401,9.515490539782888,-0.03575129712708228,0.0049653253680760415,-1.3609054853193192
1778454652637280818,-0.08002614978418876,-0.31042147939048287,8.948924856656834,0.08819435053407754,0.051734695167611595,-1.2853654536314396
1778454652657701470,0.13476586967959206,0.6087499329996473,8.797884727770125,-0.055658958907642594,-0.05768926770156414,-1.3234763540949095
1778454652678200733,0.4395636585507029,-0.3557649556002854,10.488004993210913,-0.07945270535084654,0.0031245484226132755,-1.554459772288534
1778454652698519885,-0.34992481302682193,-0.38226542563975907,8.356394133529212,-0.06479466671105041,-0.042349459822707734,-1.5562323723100908
1778454652719008296,1.4422559781534818,1.0558625204488088,10.311403972706355,-0.1601741832555843,-0.05393953688673258,-1.6818824430689012
1778454652739427318,-0.34948564155763584,-1.5639618034853864,9.175849168725259,-0.09622422863172955,0.15359101948321816,-1.5603911646683586
1778454652759897154,-0.05300647352504256,1.4356493106184427,8.82677184851964,0.002291426412481626,-0.038667905931782195,-1.5455967721807502
1778454652780208195,0.36055356447561704,-1.4006439649398645,7.389210192751599,0.07455896575287183,-0.043508467529110216,-1.683586866166552
1778454652800616606,2.076531486748022,0.5543373551056374,8.593121087407829,-0.10345098256576857,-0.21279176958777898,-1.6893819046985643
1778454652821222313,0.6623762569907305,-0.6279330668493786,10.76695681248512,-0.20810256076152234,0.14786415787511176,-1.8051463214910008
1778454652841554928,-0.545246462634838,-0.8576607244142378,10.752717483258584,0.1077611276951077,0.046076010483411235,-1.7405145976280858
1778454652862041561,0.16444596937803127,1.0595285450714726,9.028092046378925,-0.09015648240409302,0.01069218697618244,-1.7056761895121053
1778454652882454305,0.23402071606516314,0.020131080451516903,9.538808923652896,0.12276005095443399,-0.08598269112256597,-1.8294173064015469
1778454652902954976,0.29505217141533013,-0.04286989712100764,9.420097374040555,-0.1848542297095666,0.006601571541820728,-1.9488632770849088
1778454652923418757,1.1178151954490627,0.8637543650776074,11.119878331593434,-0.03070620475803617,0.010760363900088464,-1.8609832221700382
1778454652943831631,0.5524844200997294,0.556066808853416,11.992179664747322,-0.011480312216536132,-0.07875593718852694,-1.8608468683222261
1778454652964242560,0.3827970706107018,-0.13130660678536205,7.335833169732759,0.00931364957480256,-0.07425626021072906,-1.9054345765567686
1778454652984749971,0.443817621584807,0.6825891315193124,7.05332355891449,-0.003503612119530798,-0.0014433054790906341,-1.9140930458928342
1778454653005265512,0.22369099298730574,0.3594774631563628,10.605572120374717,-0.08858841315425436,0.1493640502010444,-1.9066617611870773
1778454653025652090,-0.41186742382839103,-0.7957916757651182,8.891597086087689,0.0548558347440296,-0.05816650616890634,-1.9795428928426217
1778454653046308056,1.32352276465857,-0.30568665953750634,9.474100841592536,-0.06813533598244581,0.019077948616623944,-1.9058436381002049
1778454653066637652,0.44033996821333954,0.43432003407220493,8.450783327217756,0.0759225042309924,-0.12613889930321676,-1.836644060335586
1778454653087117896,0.599115226577103,-0.06440352291223772,8.779911299775858,-0.011889373759972302,0.09659511109777835,-1.882118068580907
1778454653107557659,-0.5942321995136303,-0.24045108221458444,10.095185485313523,-0.06288571284168162,0.019077948616623944,-1.9281374922174763
1778454653127997218,0.8065173430621687,-0.1486879631403048,7.413174064307875,-0.02245679696540672,0.031145264147990993,-1.9377504384882263
1778454653148881352,0.5725488634167614,1.8982396513558613,9.92209948126564,-0.023070389280560974,0.04178086427733143,-1.9293646768477848
1778454653169095522,-1.0190542679822763,-1.1660463555011185,9.009421991246896,-0.020479666172131893,0.024872987148636366,-1.8719597069189087
1778454653189612155,0.4052308324819578,0.5723849614701588,9.965046248836604,0.005836626455595108,0.007692402324317185,-1.7342423206287312
1778454653210056307,0.2521326810801504,0.8287178224698737,11.91103114354584,0.06330977330837713,-0.1461147380076831,-1.8720960607667207
1778454653230603699,0.8252475471957662,-0.002395531582080057,7.765388591617789,0.023630803595068545,-0.02878225196540806,-1.788579328981836
1778454653251084147,1.285971878132534,1.232094373549288,8.878167718442691,0.020494665095391235,-0.041735867507553474,-1.8961625149055488
1778454653271537521,0.22379210055600499,-1.7256545902534932,9.989695781813321,-0.10556446720685546,-0.02762324425900558,-1.6840641046338942
1778454653291955024,0.8964789815916768,1.565960801505707,11.187057709704924,0.020358311247579176,-0.04650825218097547,-1.7729668134073553
1778454653312395102,-0.42194030522434745,-1.054586611540903,7.278767666525331,0.04060685764766964,-0.1042541067293816,-1.832008029509976
1778454653332835383,1.3045856134572897,0.5086909627321536,9.388158340496148,-0.013116558390280815,-0.012010728684525053,-1.9174337151642298
1778454653353287646,0.4669056763731677,-0.026788756810052994,9.770351759746154,-0.07413490528617632,0.09959489574964359,-1.8854587378523024
1778454653373733316,-0.16504261828391054,0.591861395688744,8.644659152449996,0.03801613453924056,-0.07439261405854113,-1.7432416745843269
1778454653394261246,0.170747062091785,0.13044973755201977,9.439131108219943,0.0388342576261129,-0.0034204362723654624,-1.8565517221161463
1778454653414571120,1.3924646995562002,0.22039047945297835,11.026937106490088,-0.13808485991003105,-0.054689483049698895,-1.9711571312021803
1778454653435014234,0.41138811308627243,-0.8728974732449903,9.18272248485228,0.03815248838705261,0.056234372145409474,-1.8324852679773183
1778454653455449664,-0.8467192426624688,0.7257081335518114,8.700776274819926,0.08996695055563428,0.023509448670515798,-1.7041762971861727
1778454653475851186,-0.39765262347767993,0.7576780595478931,10.371556720860754,-0.025456581617271976,-0.0681203370591865,-1.968566408093751
1778454653496275467,0.6291661666697571,0.03618229621747299,10.880337984192066,0.059219157874015424,-0.027759598106817635,-2.002109454655517
1778454653516700656,0.907573407254013,0.002153729395091619,7.486121714649761,-0.2543946920937157,0.05446177212385273,-2.0059955393181608
1778454653537190919,0.3029126208032866,-0.3201634716944842,10.925730219571422,0.07183188879663069,0.05971139526461693,-1.77426217496157
1778454653557677793,0.2906736986881313,0.6404017696534396,8.718660767400644,-0.004594442902027252,-0.10261786055563693,-1.7046535356535149
1778454653578158611,-0.6507894565466821,-0.21045152910446663,8.366710639386932,-0.08211160538318166,-0.1604318920279491,-1.937205023096978
1778454653598548466,1.0541571555638696,0.44188102094295506,9.55715809045076,-0.32788941606441435,0.013760148551953719,-1.829826367944983
1778454653618913896,0.6683902034322138,-1.2749345673525625,11.347207786111516,0.16073459757009184,0.1098896112594539,-1.8309171987274795
1778454653639407214,-1.485603382334075,-0.2937345651649244,7.633621145908149,-0.1389029829969034,0.043212579679358036,-1.7279700436293766
1778454653659869718,0.8594704984556901,-0.4585299692230701,9.859492121043832,0.012858849617916043,-0.01303338254311548,-1.843802637345719
1778454653680299684,-1.1484968045048156,0.656637766093527,10.040233130171362,-0.14381172151813743,0.011783017758678897,-1.8560744836488041
1778454653700941558,1.1092930009638684,-1.129301792270055,9.287938584664886,-0.011275781444818046,0.11847990367161348,-1.843666283497907
1778454653721345580,0.3415563501655171,0.4992908971712407,9.1095700481609,0.10189791223918926,0.06652908765521978,-1.8220541986196959
1778454653741717436,-0.8130793114126665,0.1311136331511049,8.560777549228009,-0.01298020454246876,-0.07282454480870247,-1.771875982624859
1778454653762194384,1.7237309109905077,0.8097935892480224,7.377144663156425,-0.06411289747199013,-0.21026922340325593,-1.6078423037069542
1778454653782580813,-0.23078844323883826,-0.26462724062570553,9.163415673045613,-0.012639319922938614,0.08302790324047868,-1.762331213278015
1778454653803015983,-0.6663591009651935,-0.4790726362792119,9.338477377022901,-0.014820981487931529,0.03782660269078179,-1.8660283145390844
1778454653823442913,-0.5205926128866909,-0.08399866639013032,9.030013544804035,0.09610287370717684,0.05616619522150345,-1.8204179524459512
1778454653843921527,-0.8417699982315501,0.17553984129845585,8.915023556155841,-0.10658712106544589,-0.11482152993481604,-1.8562108374966162
1778454653864394549,0.6538858192313463,0.11213096452979121,10.29902119694181,0.036652596061119994,0.04778043358106194,-1.8144183831422207
1778454653884821460,-0.3956003519555375,-0.1065337873292812,8.620832672710824,0.1342819510945528,0.05118927977636336,-2.001154977720833
1778454653905229612,-0.44247585061090283,-0.046882372040778886,6.579509922558671,-0.07495302837304867,-0.08107395260133192,-1.918183661327196
1778454653925737819,0.7843408435234228,-0.05667319381621638,9.962380201666896,-0.06793080521072772,-0.024964344226670467,-2.009404385513462
1778454653946147045,0.09635666641807553,0.04896100818420707,8.99830960669008,-0.08306608231786605,-0.1312521685961689,-1.8339851603032509
1778454653966616641,-0.7497829912751606,-0.5402850292956083,11.003761718165439,0.11812402012882404,0.04028097195139881,-1.9599761156815916
1778454653987000052,-0.30112149725153925,-1.2042222194342374,8.182682558718115,-0.04066003564831633,-0.00887459018484774,-1.9216606844464035
1778454654007540222,-0.4664660536379207,-1.060805616600897,8.99840186684194,-0.007253342934362365,0.013419263932423577,-1.91811548440329
1778454654027942781,-0.0527440343638452,-1.1771162364915784,10.16446864158813,0.022335442040854005,0.058347856786496365,-1.84155279885682
1778454654048390452,-0.1798467477879704,0.7590877502562745,7.938925005909062,-0.015911812270427983,-0.07112012171105175,-1.9342052384451127
1778454654068810677,1.1628643721781402,1.0241561946715592,9.494403601006578,-0.05020480499516032,0.025963817931132824,-1.8163955139354955
1778454654089233773,-0.013623505599036329,-0.009185736952857515,9.99543240005053,-0.0033672582717187392,-0.14018334562785864,-1.8611877529417562
1778454654109732184,0.8292340675161264,-0.6573591655642135,8.615370332032064,0.08424008894752788,0.13409241924609402,-1.6801780199712506
1778454654130154855,-0.056695554973048984,-0.06047152702222802,10.315035055991947,-0.04843220497360358,-0.083664675709761,-1.8529383451491268
1778454654150619766,0.026185728767270627,-0.28022958027731326,8.0945034769808,-0.12485853667226153,0.0033972561182373864,-1.9184563690228202
1778454654171154454,-0.27945205570404097,1.1129436311713385,8.897561736356042,-0.06574914364573481,-0.033486459714924026,-1.9552037310081696
1778454654191536717,1.1409436064446714,0.9376651812462959,11.664231832069706,-0.08313425924177208,-0.10459499134891176,-1.9330462307387102
1778454654211934406,0.9135352546102219,0.04986461911323814,10.05510323456148,0.07285454265522112,0.05896144910165061,-1.8375985372702703
1778454654232344465,0.2081943492251416,-0.06998318893636069,9.215054068284525,-0.14067558301846012,-0.04084956749677511,-1.8810954147223165
1778454654252957005,0.15918439298458006,-0.017033103132766014,8.672241548972577,0.028539542116302597,-0.020464667248872588,-1.9693163542567174
1778454654273255305,0.9342407772139935,0.8382492026589556,10.291149439322627,-0.10488269796779517,-0.2011335155998481,-1.9188654305662562
1778454654293672605,0.7240949439037309,-0.32321441938475215,9.763405311644496,0.10046619683716267,0.17268055817690614,-1.7829888212215415
1778454654314209146,-0.8712775532811423,0.16983444966410105,7.546739852423452,-0.020820550791662035,0.04178086427733143,-1.7812843981238908
1778454654334616131,0.6661180760924573,0.5388616561071424,10.970209463160518,0.047492726962178516,0.015873633193040602,-1.8603014529309778
1778454654355049153,1.468870496563098,1.4900807370316689,12.137246660311346,-0.1484477523437474,-0.14352401489925404,-1.7730349903312614
1778454654375488860,0.2726573224807506,-0.4131194364193527,7.001874877982215,0.05887827325448528,-0.007306520935009084,-1.8378030680419886
1778454654395874419,-0.5106883598762624,-0.5130670883993472,11.689484627859532,-0.11497288270588739,0.07464214160003718,-1.7465141669318163
1778454654416347422,-0.4299152749425863,-1.2670145053021808,9.534380648700163,-0.01932065846572941,-0.003215905500647376,-1.858392499061609
1778454654436741574,-0.557032226710957,-0.6137695844336903,10.035964668138867,-0.06731721289557346,0.0059198023027604435,-1.8423709219436923
1778454654457201707,1.1662245443984662,-0.644485092575892,8.106240126507021,0.11219262774899956,-0.07705151409087624,-1.8012602368283572
1778454654477646951,0.32911819572795975,-0.18409784873922197,7.338790093259124,-0.14599338308313037,0.04655324895075343,-1.8827998378199673
1778454654498143214,0.019442655045474683,-0.06979145373551732,9.441110104182325,0.11676048165070348,-0.038940613627406306,-1.9351597153797973
1778454654518543588,-0.3748269537278432,-0.18910627982711462,8.203064420175373,0.04940168083154732,0.017714410138503375,-1.930046446086845
1778454654539012573,0.21540718682833118,-0.09866129919517524,9.616871888667111,-0.09936036713140686,-0.11775313766277526,-1.937477730792602
1778454654559783021,0.5301406867845286,-0.2890805997568253,7.338678189281179,0.026357880551309686,0.0656427876444414,-1.9130022151103379
1778454654579955432,1.208252483935259,1.256398784921668,12.038155022626684,-0.019457012313541466,-0.0032840824245534035,-1.9103433150780027
1778454654600394824,-0.05268169852313134,-0.03135390621852496,10.601509119930421,0.062082588678068616,-0.05128063685439747,-2.007018193176751
1778454654621058902,0.12009783935257376,0.019837203628784328,7.898268922926473,0.006518395694655392,-0.0998907835993958,-1.9957008238083505
1778454654641435535,-0.6582308028481034,0.8137920208186635,7.336722700800732,0.04681095772311823,-0.005806628609076457,-1.913411276653774
1778454654661826280,1.3665417796012431,0.07798022610528083,12.653841465892292,0.038084311463146586,0.022145910192395223,-1.8570971375073946
1778454654682267968,-1.1176609911579152,0.0748155885048572,10.453997748696297,0.02022195739976712,-0.11938938383651992,-1.87966369932029
1778454654702672435,0.9997360676878905,-0.2601971926992498,9.263935838379359,-0.04556877416955038,-0.09102778349161209,-1.9190699613379745
1778454654723146364,2.2619425115482277,0.5579270409273074,8.715855057066747,0.022130911269135918,-0.07002929092855531,-1.8890039378954158
1778454654743634349,-1.8611029949704168,-0.6534888753216679,8.41673480601987,0.01074536497682916,0.07927817242564711,-1.9262285383481075
1778454654764008205,0.4997944116345171,0.39182485961486385,11.197142096631392,-0.040250974104880155,-0.006692928619854828,-1.7300835282704634
1778454654784506356,0.7260146820019644,1.068119924107565,11.409195098679913,0.019540188160706837,-0.15668216121311754,-1.8560744836488041
1778454654805445082,0.8523532185140127,-0.6782698551368105,6.32246927144531,-0.023138566204467005,-0.1164577761085607,-1.999791439242712
1778454654825543215,-0.28921560814413594,0.20690031450794782,9.615166320631525,-0.055931666603266705,0.1653856273189611,-1.7072442587619439
1778454654845934367,-0.9477016459748225,-1.133474199353117,9.38803424185554,-0.008344173716858819,-0.040099621333808795,-1.6199777961622275
1778454654866369130,1.554825577547796,2.4207691101475874,10.809335041815428,0.043470288451722836,-0.0348499981930446,-1.70267640486024
1778454654886861207,-0.0730943987580274,-1.4656978070148587,8.494044485063737,0.1694612438300635,-0.29337689364470465,-1.8553245374858378
1778454654907296303,0.036327139223307686,-0.8278221258846218,8.666068678440055,-0.0621357666787153,0.11888896521504966,-1.870187106897352
1778454654927711510,0.4238571590682081,-1.4247827550679928,9.582908526519732,-0.11892714429243705,0.012260256226021095,-1.7844205366235681
1778454654948122033,-0.3001809598001979,0.8955606664149278,9.53459483381855,0.01210890345494973,0.0022382484118349047,-1.7971014444700895
1778454654968544166,0.7215154743310522,-0.5552093798075508,9.663500098741789,-0.0053443890649935676,-0.08905065269833726,-1.8891402917432278
1778454654989100225,0.7951140941269262,-0.45066445677095085,8.328780944457291,-0.05845421278778977,0.04123544888608321,-1.6849504046446726
1778454655009510728,-0.35455653216775196,0.24369121983468628,8.851577579688183,0.08853523515360767,-0.022646328813865496,-1.6320451116935943
1778454655029932787,0.021513572752479643,0.7284717578728335,9.14335996918374,-0.157038044755907,0.031145264147990993,-1.810055060012235
1778454655050420883,0.3759379930285618,-0.5202668837848465,8.942340997924006,-0.01325291223809287,-0.030418498139152747,-1.949067807856627
1778454655071144257,2.9320094529073293,2.103055396400501,12.698317293490865,-0.19439899905641062,-0.07623339100400389,-1.901480314970219
1778454655091317668,-1.2860193301049314,-1.6567258339128945,11.260835341938643,0.1269188433127017,-0.08761893729631065,-1.7941698367421302
1778454655111789116,0.027469831201120176,1.1658622925203443,5.680897804330135,0.01019994958558093,-0.03941785209474851,-1.7996921675785185
1778454655132254379,2.003768807400696,-0.34646779299988234,8.695939798532685,-0.12949456749787147,-0.010579013282498453,-1.9929737468521094
1778454655152693308,-0.08432721346670224,0.18729099090688967,10.32450547694008,-0.2638712845166536,0.03073620260455482,-1.9359096615427636
1778454655173147404,-1.50227893491217,-1.5724709349527781,9.713115865802209,0.13210028952955988,0.19265639688137248,-1.9058436381002049
1778454655193556352,0.05227322951119637,-0.2806341211838016,7.001588561921052,-0.15383372933232364,-0.010238128662968311,-1.8027601291542898
1778454655214028708,-0.523229687679575,-0.6824476556347334,8.540612820360167,0.022744503584290175,-0.05059886761533718,-1.8314626141187278
1778454655234432693,0.09382730657607471,0.32577563005465665,10.164920120317419,-0.09601969786001147,0.036054002669225045,-1.906048168871923
1778454655254916196,0.2564892247049838,-0.8628857778396732,9.346927941976046,-0.03302422017084113,0.0809144185993918,-1.8202134216742332
1778454655275228422,0.3445161554845664,-0.2102818921082829,8.962318194494712,0.08280837354550129,0.09304991105466487,-1.7945107213616605
1778454655295688611,0.41742097812507606,0.20949383703076668,9.593709418919737,-0.029342666279915594,-0.05325776764767229,-1.7733076980268856
1778454655316113133,0.4677096358539453,0.012257165726298591,9.09888707309192,-0.11708636734697427,-0.15306878424609802,-1.6801780199712506
1778454655336529118,2.0775320194253455,0.5400264809895998,8.574007021533319,-0.017957119987608836,0.18106631981734764,-1.750536605442272
1778454655357584418,0.3935277187341433,-0.5236376335084495,11.795805319897143,0.030857557529107568,0.11950255753020392,-1.8633694145067492
1778454655377918069,-0.7952377706552048,-0.09765731532208649,10.68737628477376,0.03481181911565722,0.043689818146700234,-1.911229615088781
1778454655398322017,-0.33906674345706717,-0.16411010251427244,8.277853628770863,-0.017343527672454583,-0.07064288324370957,-1.8620058760286287
1778454655418812132,0.13136998242590456,0.14010480279016485,8.55256332572084,-0.015911812270427983,-0.061779883135925855,-1.814827444685657
1778454655439317154,1.2845153988994347,-0.11377952675176564,10.164523604901754,0.0704001733946041,0.027327356409253392,-1.9118432074039353
1778454655459826935,0.6833429054804521,-0.3948853094760737,8.010365593152128,0.019199303541176695,-0.0065565747720427725,-1.8386893680527667
1778454655480273105,0.061370297271710866,0.311725481073528,13.36890233318377,-0.14169823687705058,0.003601786889955473,-1.903798330383024
1778454655500623257,0.45880888086504645,-0.17984848443502713,5.944159256642088,-0.03704665868129682,-0.09818636050174506,-1.745696043844944
1778454655521211705,-0.6947889878006771,0.05690543753042282,11.131933890289035,0.06794580413398707,0.07457396467613114,-1.8643238914414335
1778454655541663838,0.7318183702144397,-0.9674630148734942,9.803007104917723,0.04647007310358809,-0.054348598430168746,-1.9357051307710453
1778454655562045008,0.3232438817547276,0.45792934601078145,8.908034971872944,0.09358032752265379,-0.02619152885697898,-1.9436818308680508
1778454655582440438,0.7342396969784868,0.017501278614996174,8.281798719719673,-0.09424709783845472,-0.18183944613444206,-1.8645284222131515
1778454655602916997,1.5228274157672892,1.2593202368720169,10.810623882278204,-0.08163436691583946,0.12263869602988123,-1.9382958538794746
1778454655623345741,-0.5728220244300375,-0.23230978107242117,8.107851327978018,-0.01843435845495104,-0.00846552864141157,-1.8830043685916853
1778454655643829041,0.7124996052708765,1.926372231006208,10.641052559820608,0.08267201969768923,-0.04296305213786199,-1.8855950917001145
1778454655664270211,0.33140230407734184,1.4052739647623942,10.484789341761676,0.06249165022150479,-0.12688884546618306,-1.8802772916354442
1778454655684788270,1.3693504660293716,0.3420616033861667,8.250884544225796,0.026835119018651883,-0.13561549172615472,-1.8685508607236072
1778454655705423811,-1.7743222314056402,0.8346432344672361,8.09743054290515,-0.07229412834071355,0.06939251845927297,-1.8188498831961126
1778454655725654147,1.296631593898868,-0.5096425909988997,10.434670496336395,-0.032546981703498935,0.017100817823349115,-1.7184934512064385
1778454655746096892,1.9246181104623272,1.9165531478600706,12.35614374571173,-0.08067988998115505,0.008101463867753358,-1.9224106306093698
1778454655766694432,-0.6556166479360991,0.4614640284953377,8.701084375331169,-0.07536208991648484,-0.05843921386453046,-1.9787247697557493
1778454655787162806,0.1931245221993512,-1.5486466184351841,7.9517974974340655,0.11205627390118751,0.08289154939266663,-1.8287355371624867
1778454655808081273,-0.17963980616935687,-0.023318720551367134,9.387515926143738,-0.02102508156338012,-0.029941259671810546,-1.9312054537932475
1778454655828425702,0.9148452930427325,0.5686761489029688,10.340971532390368,0.018108472758680237,-0.051485167626115554,-2.0008822700252087
1778454655848833835,0.842375510107577,-1.510783887826683,8.535927319056622,0.09923901220685415,0.22272242032393108,-1.8301672525645132
1778454655869314320,-0.3534729329599843,-0.20725153623434295,6.613830692429301,-0.07365766681883412,0.0071469869330689564,-1.7198569896845592
1778454655889688824,1.4914201184322624,-0.08211739284761244,10.949234717468656,0.023153565127726344,0.07750557240409037,-1.874891314646868
1778454655910146827,2.055510114671837,2.314083814260082,12.016272000685152,-0.1710143141566428,-0.13486554556318842,-1.7665581825601886
1778454655930655497,0.9573414385944218,-0.517815406571118,9.304967758031225,-0.06329477438511778,0.018532533225375715,-1.9451817231939834
1778454655950998353,-0.304135327853197,-2.1436373835774605,9.268547875110587,0.0003824725431128273,0.12338864219284754,-1.6179324884450466
1778454655971560764,0.17570593750500782,-1.8393804655346038,9.11782333712263,0.001950541792951484,-0.024078044215892096,-1.1804411677400617
1778454655991927508,0.9179609182066123,-0.5727001057878403,9.629435679730097,-0.06731721289557346,0.012805671617269324,-0.7353140315576017
1778454656012482715,1.2350956289153774,-0.20356153704368457,9.29254435755345,-0.004935327521557394,0.00755604847650513,-0.27511979519190927
1778454656032877144,0.20632125801809856,-0.03205460929859505,9.347957081819699,0.022880857432102233,-0.00894276710875377,0.007950792865921045
1778454656053305315,0.1915150911244721,0.5887096234785698,9.142893861909211,-0.01843435845495104,0.011101248519618606,-0.040250292335641105
1778454656073770151,0.7171227185616301,-0.11280483402609642,9.034859259417987,0.006313864922937307,0.00012476377074802092,0.01224593907200084
1778454656094214044,0.28261066119122424,0.0055058105124738965,9.243505113546167,0.0012005956299851704,0.0021018945640228492,-0.008411668871525793
1778454656114626288,0.37196888614890367,-0.1967928618739104,9.286374018814435,-0.0004356505437595141,-0.004715797826580003,-0.0009122072418626596
1778454656135097051,0.3309817021301722,-0.07843053061409505,9.318881345853773,0.0017460110212333974,0.0005338253141841942,-0.002616630339513372
1778454656155542462,0.32461894655448287,-0.17309220748441612,9.340702452366042,-0.0002992966959474569,-0.001102420859560492,-0.002412099567795287
1778454656175985650,0.31327574662845603,-0.11081481978675961,9.327115999518355,0.0026323110320117683,0.0007383560859022739,-0.0020030380243591154
1778454656196434339,0.32973248269342303,-0.12626352401391527,9.29745555414906,-9.476592422937198e-05,0.0016246560966806448,-0.0007076764701445738
1778454656216889898,0.3141188660826243,-0.12509500434890758,9.297210053010932,0.0018141879451394269,-0.0022614285659629772,-0.0005713226223325175
1778454656237318865,0.3154884091683482,-0.13349778753348637,9.3056531732912,-0.0033672582717187392,0.0018973637923047626,-0.0005031456984264889
1778454656257794442,0.3121708312685507,-0.13116779130349054,9.325973375214192,0.0001779417713947424,-0.0021250747181509183,0.001064923551412167
1778454656278267483,0.31940141669580757,-0.14551192389311887,9.322540307621855,0.00045064946701885676,0.001079240705432423,-0.0005031456984264889
1778454656298677690,0.32283895676350083,-0.14427728785173266,9.31179964987274,0.0009960648582670838,-0.0025341362615870916,-0.0016621534048289733
1778454656319119027,0.30962641139040803,-0.14310433983391385,9.31159123923735,-0.003026373652188597,0.0018291868683987314,0.00017862354063379613
1778454656339594215,0.3107961495197119,-0.14070410779051643,9.310401860899995,-0.0013219505545378832,-0.0005570054683122633,0.0006558620079759958
1778454656360036422,0.31665814729765207,-0.13109755549008892,9.304463794953845,0.00045064946701885676,0.00032929454246610756,-0.0010485610896747168
1778454656380504056,0.32888251168843485,-0.1359021390139069,9.317856975277916,0.001132418706079141,0.0006020022380902185,0.0029057004968749364
1778454656400945078,0.32294808213897863,-0.1419065495881983,9.320184509068827,0.0003824725431128273,-0.001102420859560492,0.00011044661672776797
1778454656421493396,0.32283819931220303,-0.13470908603679044,9.315361640454547,-0.0028900198043765417,-1.1590077064034532e-05,0.00011044661672776797
1778454656441873474,0.3157515219915713,-0.14311713860491143,9.320077650430914,-0.0017991890218800842,0.00012476377074802092,0.0004513312362579105
1778454656462289366,0.3133221236033191,-0.14431205101513803,9.317646777102285,-0.00023111977204142917,-7.976700097006573e-05,0.0002468004645398247
1778454656482724406,0.31703628161076547,-0.1299752704413172,9.330839534741767,-0.001458304402349942,0.0005338253141841942,0.0018830466382845088
1778454656503157373,0.3192991428711496,-0.1239638625945137,9.323659973804336,-0.0011174197828198,0.0009428868576203606,0.0005876850840699673
1778454656523630080,0.3047543074824828,-0.14309955673780733,9.306720666839462,-0.001458304402349942,0.001420125324962565,-0.001184914937486774
1778454656544071695,0.3124398402061863,-0.13241624451825323,9.343964255806027,-0.0009128890111017134,5.6586846841989724e-05,-0.0005031456984264889
1778454656564645846,0.32057115482511145,-0.14311169184972142,9.321350929284499,-2.658900032334252e-05,0.0022382484118349047,-0.0007076764701445738
1778454656585044387,0.31236892333726574,-0.14795050642200158,9.333229742487172,-2.658900032334252e-05,0.0005338253141841942,-0.0010485610896747168
1778454656605543464,0.30367887269464044,-0.12159803897122617,9.323410059795894,-0.002685489032658455,0.001079240705432423,0.001337631247036281
1778454656625940375,0.317028672608648,-0.1443258681885145,9.324896999945006,0.0009960648582670838,0.0036699638138615043,-0.0011167380135807454
1778454656646367268,0.3302454012084485,-0.14310761824020576,9.32629568268787,-0.0007083582393836284,-0.0006251823922182945,0.0015421620187543662
1778454656666825401,0.3191708142498385,-0.1323108907981508,9.311699885415505,-0.002549135184846396,0.0017610099444927071,-0.0028211611112314576
1778454656687292719,0.3266538736930098,-0.13235216494663252,9.330996722493357,-0.0001629428481353997,0.00026111761856007637,0.00011044661672776797
1778454656707786167,0.3180594433093322,-0.1263504548361824,9.320052960749285,-0.0002992966959474569,0.00032929454246610756,0.0012012773992242237
1778454656728197282,0.31453616433870213,-0.12158834123487278,9.327174260602535,-0.0015946582501619976,0.001420125324962565,-0.0012530918613928017
1778454656748753044,0.3216002126380908,-0.13111597838792421,9.31413075874414,-0.003094550576094625,-1.1590077064034532e-05,0.0011331004753181951
1778454656769073974,0.3156532334085116,-0.14429398286059814,9.31288747621262,-0.003435435195624767,-0.00035247469659417663,0.0016785158665664232
1778454656789550181,0.3172168833213522,-0.1467545756093961,9.336896804166646,-0.0015946582501619976,0.002579133031365047,0.0007240389318820244
1778454656810047610,0.3289608395743636,-0.1311333828833806,9.325033910885276,4.1587923582685205e-05,0.000465648390278163,-9.408415499031781e-05
1778454656830457281,0.3071339031204622,-0.12036681288027218,9.313868499894884,-0.0024809582609403684,0.001965540716210787,0.0011331004753181951
1778454656850898228,0.2942209661894447,-0.14795643946462733,9.323358780931798,-0.0027536659565644828,0.002647309955271078,0.001064923551412167
1778454656871530362,0.30731621771875384,-0.13116641815781616,9.322301900664403,-9.476592422937198e-05,0.002306425335740936,-0.0013212687852988303
1778454656891940976,0.30394939653487174,-0.1419828958158734,9.334276959224118,-0.0001629428481353997,-0.00014794392487608998,0.001064923551412167
1778454656912357980,0.30504993068295994,-0.14913722578568941,9.324729198912548,0.0017460110212333974,0.00032929454246610756,-0.0010485610896747168
1778454656932770613,0.31809518147688665,-0.13592547655198906,9.318889165863682,0.002495957184199711,5.6586846841989724e-05,0.00017862354063379613
1778454656953178376,0.3195430524485393,-0.1395595036060415,9.33450922175131,-2.658900032334252e-05,0.00012476377074802092,-0.0013212687852988303
1778454656973670435,0.3143437703992902,-0.12155083178011872,9.313984184273417,-0.0016628351740680287,-0.00014794392487608998,0.0004513312362579105
1778454656994058531,0.31220087130680196,-0.12399760735554019,9.330743289384724,0.00010976484748871293,-0.001579659326902693,-0.0009803841657686882
1778454657014580923,0.3241702913426675,-0.1395165473960974,9.322592424275776,0.0003824725431128273,0.0007383560859022739,-0.0011167380135807454
1778454657035018982,0.30505582679737253,-0.14076632792902705,9.328295602364667,-0.0009810659350077428,0.002033717640116818,0.0029738774207809645
1778454657055456356,0.3107961495197119,-0.14070410779051643,9.310401860899995,-0.0028900198043765417,-0.0008297131639363811,0.00017862354063379613
1778454657075906378,0.30609002327346657,-0.11083151479562509,9.328203825858232,-0.0005720043915715713,0.00026111761856007637,-0.0017985072526410305
1778454657096302993,0.3108478631427992,-0.13114613582687074,9.317561145026108,0.0002461186953007701,0.0010110637815263918,0.0012012773992242237
1778454657116808255,0.31683380833023345,-0.14069985680935304,9.312892782853055,-0.000640181315477599,-0.0013751285551846064,0.001337631247036281
1778454657137201185,0.33163661787900844,-0.14912261340908917,9.337128172923718,0.001473303325609283,0.002033717640116818,0.0002468004645398247
1778454657157700040,0.31946643745031555,-0.13834855984603292,9.329708417488591,-0.003571789043436826,-0.0021932516420569495,-0.0009803841657686882
1778454657178154988,0.31924324602135457,-0.13591303252428694,9.315310417570748,0.0003142956192067996,-0.0006251823922182945,-0.0021393918721711726
1778454657198735028,0.3217502148442378,-0.12038116216859182,9.328480217088549,-0.0012537736306318555,-0.0026023131854931193,0.002701169725156851
1778454657219102773,0.31334798041486267,-0.13953306503331517,9.32122641916534,-0.00023111977204142917,-0.001102420859560492,-0.0005713226223325175
1778454657239542961,0.3084485047927983,-0.12517086428914698,9.31990018586801,-0.0011174197828198,-1.1590077064034532e-05,0.0005876850840699673
1778454657259996039,0.31099272668583144,-0.138350419279143,9.32478220933659,-0.0017991890218800842,0.0016246560966806448,0.0016103389426603948
1778454657280447135,0.3096473275239463,-0.1311483500032763,9.317542599774738,-0.0004356505437595141,-0.0022614285659629772,-0.00029861492670840315
1778454657300827101,0.3098020724229894,-0.15270664115317803,9.32002022713656,0.0010642417821731132,-0.0013069516312785787,0.0012012773992242237
1778454657322086179,0.30835686977544885,-0.12754501250311354,9.312714424520026,-0.0002992966959474569,0.001965540716210787,0.0004513312362579105
1778454657342447942,0.320429717057489,-0.12394800861637945,9.3188821276633,-0.000640181315477599,-0.0006933593161243187,-0.00029861492670840315
1778454657362952093,0.31714596645243165,-0.1622888375131445,9.326162290847792,-0.002276427489222285,0.0006020022380902185,0.0003831543123518819
1778454657383524578,0.3086623743319368,-0.1479366892486251,9.32597951964445,-0.0031627275000006526,0.0013519484010565339,0.001064923551412167
1778454657403877137,0.3288159760313314,-0.12392909943110836,9.317812846574794,-0.00036747361985348635,0.001420125324962565,-0.0013212687852988303
1778454657425140771,0.34166711999814137,-0.11665954063318879,9.29640660585217,-0.0002992966959474569,0.0006020022380902185,-0.0011167380135807454
1778454657444747181,0.2949551582532446,-0.13949125876989027,9.294568087736545,0.0012005956299851704,0.0043517330529217885,0.0042010620510894775
1778454657465508629,-0.8830874951437115,0.25405508904200275,9.898329732702972,-0.025661112388990055,0.008237817715565414,0.03188089315693705
1778454657485796374,0.4571113082955387,0.11026953484901236,9.14991951793235,-0.036842127909578734,0.005169856139794128,0.04503903947080055
1778454657506806859,0.19334503454158822,1.6692774130081196,8.935233725972665,0.012177080378855757,-0.01262432099967931,0.1171702249633787
1778454657527253029,-0.2905103172507057,1.4904387080922887,9.187344048660998,-0.007457873706080448,0.012260256226021095,0.12330614811492126
1778454657547544865,-0.1463966502230417,1.5366155820802632,9.04554713848415,0.01790394198696215,-0.025850644237448837,0.039312177862694156
1778454657568002462,-0.21133487597957173,1.3324873578092264,9.207118456602819,0.06917298876429559,-0.002806843957211206,-0.0144112381752563
1778454657588352409,0.516660991336018,0.6242689808308168,9.065072445523942,0.19420946720795185,0.26069696693958894,0.03147183161350088
1778454657608800524,-0.7597907357844679,4.225361053275492,12.116934526471724,-0.09861042096844055,-0.03566812127991694,0.1453954714604745
1778454657629396639,0.26418739094874855,0.7597466346075927,9.252493440714046,0.007677403401057877,-0.1573639304521778,0.19618727977046574
1778454657649820901,1.1264898435754198,-0.615387923942992,7.120095161941861,0.055810311678713996,-0.010442659434686398,-0.016183838196813044
1778454657670241646,-1.0295635920379482,1.9767895492085226,11.534639144754191,-0.08074806690506109,0.0053062099876061836,0.039789416330036353
1778454657690681797,2.706384064694936,0.28676204274252143,9.625208734650057,0.055469427059183854,-0.011669844064994911,-0.024774130608972635
1778454657711158541,1.1750769107827326,1.0628387755190498,8.123008411326305,0.03440275757222105,0.02248679481192537,0.04647075487282715
1778454657731611175,0.7221273463051014,0.41845711008937075,9.990877573635066,-0.033160574018653195,0.04478064892919669,-0.06315773876806668
1778454657751961456,0.6359701029110433,-0.2902949960407853,9.082196655803688,0.03624353451768382,0.0835733186317269,-0.10617737775277067
1778454657772453589,-2.7942423315561555,-1.8183151089761769,9.835494898322736,-0.10392822103311078,-0.25840213168091203,-0.1813765248211201
1778454657792853592,0.830447944292679,-1.4776132091047811,7.400345516152089,0.23416114461688453,0.18529328909952142,-0.08524706211361992
1778454657813380188,-0.7921628635069864,-0.005056137031626606,8.462089309575838,-0.039978266409256044,0.06366565685116657,-0.014138530479632186
1778454657833857877,1.5913492247280534,-0.7632697110321666,9.724445383863307,0.028744072888020684,-0.027282359639475437,-0.039091284629238617
1778454657854778992,2.3221305125980005,-0.7645116075204859,8.969700475754648,0.11042002772744282,-0.0016478362508087208,0.05083407800281297
1778454657874804291,-1.2910016861243316,1.1842158455834508,10.097271250206504,0.022335442040854005,-0.12593436853149867,-0.01086603813214282
1778454657895222813,0.6806284452338841,-0.34121532030649593,8.915235975296342,0.016472226584935554,0.056234372145409474,0.012382292919812897
1778454657915715484,-0.48355549545003285,-0.1922298175879653,9.63637724433465,-0.05020480499516032,-0.05298505995204818,0.015654785267302265
1778454657936032135,0.5799638964450088,0.3061050027790962,9.829642575236544,0.08703534282767506,0.046348718179035346,0.007064492855142674
1778454657956503472,1.0227485167037205,-0.15999554968243737,8.574611987393716,0.05969639634135762,-0.017192174901383216,0.11757928650681487
1778454657976938827,-0.6852906819485586,-0.2949623797310066,9.838626832352192,-0.08027082843771889,0.0811871262950159,0.002019400486096566
1778454657997390423,0.956096113303433,0.1765545679732316,8.493248614538642,-0.0004356505437595141,-0.09620922970847023,-0.05518103867106135
1778454658017853519,0.5726167171716531,-0.2985870935700515,9.426506233950699,-0.09240632089299196,0.1594542349391366,0.05110678569843708
1778454658038270782,-0.36107092591986695,0.46380122897526294,7.663857433054799,-0.10229197485936609,-0.0014433054790906341,-0.038545869237990395
1778454658058697619,-0.286145036115121,0.3280580881037775,9.954042353621062,0.04449294231031327,-0.11359434530450752,0.005973662072646218
1778454658079227215,0.23682288696294754,1.078937270827683,8.154005549927701,0.14566749738685958,-0.1504098842137629,-0.0007076764701445738
1778454658099595737,1.469906506910292,-0.11911841101511672,7.975973557773236,-0.11926802891196718,0.2977170366205624,-0.050272300149827295
1778454658121265889,-1.0760459657003387,-0.15377498740589554,8.363531096171071,-0.1779683603950577,0.08773211098999464,-0.04059117695517125
1778454658140716818,0.10825369081472777,-1.0656301067293712,9.805711995181333,0.058605565558861164,-0.12702519931399514,-0.11197241628478308
1778454658161115525,1.0674054040676564,0.7253360794779689,9.255439817205508,0.07974041196973,-0.1164577761085607,0.006246369768270333
1778454658181638177,0.7812088635234736,-0.1447887076676778,10.208406128552289,-0.23046459180269968,0.2343124973879559,0.06631023972948144
1778454658201952995,-0.8142688676803882,-1.108219292294762,7.352019448344229,-0.08647492851316747,0.022282264040207285,0.11778381727853296
1778454658222560350,-0.22922404778342,-0.44378749068073375,11.097773827447233,0.1630526129828968,-0.2662424779301053,0.09726256318281838
1778454658242913132,2.0601470279083305,1.2861800218421569,8.89832892421968,-0.022184089269782603,0.3569627834949012,-0.04325007698750636
1778454658263281154,-0.9716277648525072,-0.715361221871774,10.951812113955302,-0.09472433630579692,0.031145264147990993,0.04885694720953814
1778454658283734750,-0.5352184654226547,-1.2850388111610709,7.819711136457086,-0.0604313435810646,0.018532533225375715,0.07830937833694246
1778454658304781327,2.2534557246470763,0.9294425770118022,9.838875250402284,0.19032338254530823,-0.20549683872983393,-0.013933999707914103
1778454658324662497,1.2549805672011143,-0.8143448890727579,8.94379747931389,0.04224310382141433,-0.01078354405421654,0.009791569811383814
1778454658345080612,0.09189507625133106,-0.44530131088757885,8.917301644353158,0.031812034463791966,0.03400869495204418,0.08683149382519602
1778454658365523837,0.3295256637856556,-0.862934084302396,9.828781755019854,-0.1078143056957544,-0.02421439806370415,0.05083407800281297
1778454658385948193,0.6027483319314778,-0.18013547498164473,9.891685817010309,0.04162951150626007,0.06223394144913998,-0.12847123187004197
1778454658407111270,-0.6711133281297597,-0.7719494370070331,7.08928192924441,-0.037183012529108876,0.03530405650625872,0.03685780860207713
1778454658427218996,-0.1093408593280343,-1.6645512843656087,6.837437449175331,-0.17817289116677582,-0.017805767216537476,0.2028004413893505
1778454658447660796,0.609352908316975,-0.5040647389966617,11.37588845796615,0.13653178958345175,-0.0733699601999507,-0.08149733129878835
1778454658468108170,0.5077630325259002,-1.4647498564468533,10.630914826220227,0.09473933522905627,0.07232412618723219,0.14546364838438053
1778454658488534062,-0.9903981214599803,0.10853729258092748,10.469030061301952,-0.12260869818336258,-0.02966855197618643,-0.028523861423804205
1778454658508960769,-0.2183568378829374,-0.41181167694814264,8.725371235329701,-0.022797681584936863,-0.07439261405854113,0.02083623148416043
1778454658529347458,0.89555272414476,-0.17840387253297482,9.064226817146235,0.10537493535839672,0.025418402539884595,-0.10106410845981853
1778454658549793461,-0.7569238767026576,1.0685402657379985,11.121337898820297,0.060923580971666134,-0.000488828544406239,-0.17005915545271935
1778454658570272817,-0.20210397749908998,-0.7858010342265827,8.052035693153949,-0.023683981595715234,-0.020873728792308754,0.02404054690774377
1778454658590655764,-0.17866097307914114,-0.44286467241745353,8.307709953392756,0.0350163498873753,-0.05312141379986024,-0.03840951539017833
1778454658611075064,0.9138876275612567,-0.08851225000799995,8.626619000464835,0.05301505779856683,0.0926408495112287,0.002701169725156851
1778454658631554605,0.5125517517823636,-0.5766071865287891,10.3065092090441,-0.00568527368452371,0.05289370287401408,0.01954086992994589
1778454658651969608,-0.09867395631774006,-0.6062601080706951,7.7221147872761104,-0.07665745147069937,-0.09607287586065819,0.010132454430913956
1778454658673399538,0.616162810661535,-0.0784472800732437,11.180253490126566,0.03358463448534871,-0.08884612192661917,-0.03411436918409854
1778454658692850856,-0.09579161750304155,-0.07217774190879439,8.945425956752054,-0.006435219847490022,0.01866888707318777,-0.06786194651758265
1778454658713266230,0.07015662752742449,-0.6063044217931386,8.682577479595464,-0.05736338200529331,-0.08400556032929114,0.07230980903321195
1778454658733670974,-0.2086266981504651,-1.2132016082883965,6.783928067337719,0.06017363480869982,-0.14161506102988522,0.0037920005076533068
1778454658754213181,0.2632138417341059,-0.7323412300960279,11.422909987896373,-0.007594227553892507,0.03905378732109029,-0.19869346349325134
1778454658774535870,-0.03785963777236012,0.36278667587626473,10.531986887026472,0.024994342073189117,0.07886911088221094,0.06596935510995129
1778454658795598781,-0.3432753242016239,-0.3876809607015994,7.327932884474898,-0.07795281302491391,-0.016783113357947046,0.06351498584933428
1778454658815993803,1.161505193082049,-0.6800954471599103,9.663556425037589,-0.014616450716213442,-0.04200857520317759,-0.03240994608644783
1778454658836386399,0.11051699748098923,-0.8467735112713115,8.643307132987992,-0.030228966290693965,0.0852777417293776,-0.025796784467563064
1778454658856791476,0.7254590558235403,-0.06969066159191484,9.870407134718823,-0.13508507525816582,0.02412304098567005,0.05996978580622079
1778454658877269906,-0.8658258691532497,0.4140115408540967,9.660655261552005,-0.03956920486581987,-0.19806555402407683,0.0846498322602031
1778454658897622076,0.8826174826943612,-0.6834467669386719,8.562342548326038,-0.03213792016006277,0.04641689510294137,-0.11640391633867493
1778454658918183783,-0.14936689712634493,-0.5392947113130597,8.551869296461138,0.1144424662378985,0.09011830332670565,-0.05068136169326346
1778454658938582897,-0.14161947185572826,-1.5660338786432653,8.36627226019444,-0.034592289420679795,-0.007579228630633199,0.1494860868948362
1778454658959016271,-1.5602287450819414,0.135870824666518,10.582404593268434,-0.08463415156770471,-0.14113782256254304,-0.19269389418952082
1778454658979814515,-0.6064901601255926,0.5275441595875605,14.074695769308393,0.13448648186627088,0.06734721074209213,-0.12997112419597462
1778454659000079130,0.0856689561058713,0.46267801659056423,7.5149194625548095,0.0876489351428293,-0.07984676797102341,0.06065155504528107
1778454659021164356,0.37444635625173905,0.8175881096539368,7.944882898571076,0.0003824725431128273,-0.07064288324370957,0.0021557543339086227
1778454659041185229,-0.14391282012459677,-0.22595668000297733,11.598214061428921,-0.02102508156338012,-0.008738236337035684,0.00501918513796182
1778454659061687140,-0.2769505953485522,0.48441862023717236,11.79739947298998,0.010063595737768875,-0.06921116784168296,0.10039870168249569
1778454659082166773,0.19505144981728936,-0.3063566206230939,8.965149459090773,0.025880642083967488,0.007283340780881012,-0.09799614688404724
1778454659102579629,0.9138577106179052,-1.0402622449055605,9.006472636534289,-0.14837957541984137,-0.016442228738416904,0.0006558620079759958
1778454659123167577,0.027742127816027723,-0.46339026340759004,11.839086973615364,0.06712768104711472,-0.16540880747308917,0.03399437779802393
1778454659143639876,0.12909821229845983,-0.06823699777847819,9.388852451273534,0.11151085850993928,0.11725271904130496,-0.11994911638178841
1778454659164062398,1.8890388694648672,-0.09965188052442553,9.8117729137682,0.029084957507550826,0.04784861050496796,0.06317410122980413
1778454659184510883,-1.2576236628133608,0.16430796970121858,7.966368529912281,-0.16699187564618712,0.02780459487659559,0.03338078548286968
1778454659204960202,0.16880279671354984,-0.8402261966453525,11.822243613504968,-0.015502750726991813,0.026304702550662966,-9.408415499031781e-05
1778454659225352594,-0.013329146842588041,0.07709099090249116,9.5539623496652,0.20525412888072847,0.03939467194062044,0.10217130170405243
1778454659245866634,0.8545269915445625,0.41089779440816415,7.706810176438206,-0.019593366161353522,0.006669748465726759,0.05103860877453106
1778454659266352082,-0.6125637466807173,-0.13421289258647026,10.19522023507434,-0.08811117468691217,-0.022237267270429326,0.023017893049153342
1778454659286949252,-0.19848032849043676,-0.5486505726406584,10.943979259416606,0.0007915340865489989,-0.042349459822707734,-0.03813680769455422
1778454659307344293,-0.02298379151979532,0.4229799676216855,10.010515452233022,0.1366681434312638,0.031213441071897018,0.042993731753619695
1778454659327687555,-0.5723565513760114,0.5399835687025816,8.513874434707606,-0.05156834347328089,0.05330276441745025,0.029017462352883848
1778454659348169633,0.982848676088378,0.9744949842370436,8.324154309062965,-0.013661973781529044,0.005169856139794128,-0.04093206157470139
1778454659368604136,0.2643123274368747,-0.6362246069167654,9.639942650407098,-0.020616020019943948,0.09325444182638296,-0.021297107489765182
1778454659389059288,0.11270005690163978,-0.37096680151699873,8.478589187640454,-0.015025512259649612,0.04123544888608321,0.10251218632358257
1778454659409492384,-0.8123811600643915,0.6024111726818877,7.880562319805197,0.1340774203228347,-0.23644916218317089,-0.10208676231840895
1778454659429891795,0.13789288371065236,-1.0817733475114601,9.60962245006405,-0.2181245685757085,0.3040574905438231,0.006928139007330618
1778454659450356854,0.10533440684205883,-0.8703920578237705,8.52582816552617,-0.005003504445463422,0.05541624905853713,0.08308176301036445
1778454659471179487,0.6431416802485934,-0.26127653441968657,10.656247481724526,-0.00036747361985348635,-0.057484736929846056,-0.03950034617267479
1778454659491312305,-0.08437093216262415,0.4157075202024984,9.584013524686096,0.12882779718207052,-0.08311926031851277,0.014836662180429923
1778454659511754198,0.7655818251732222,0.5105395570257665,8.806788155127483,-0.2029892914685702,0.2292674050189098,-0.033978015336286485
1778454659532147942,-0.5844966146853593,-0.08931885597741784,9.172902949232096,-0.16753729103743537,0.10879878047695743,0.08771779383597439
1778454659553151242,-0.22779362816346163,-0.6859106508892305,10.774987402138661,0.17062025153646598,-0.20740579259920272,0.010609692898256157
1778454659573185875,1.5449187663100457,0.8395429970375987,6.072360798538939,0.1481900435713826,-0.19281593088331264,-0.0074571919368413946
1778454659593658489,0.4921297670936705,0.9818570053913798,13.777147755358467,-0.19773966832780598,0.1880885429796686,-0.08292904670081494
1778454659614074419,-0.08977224597124131,-0.7520036017544134,8.03087252730011,-0.07345313604711604,-0.044053882920358445,0.1277376481688131
1778454659634478348,-1.5125886969088425,-0.6622192439762595,9.184598730269489,0.08437644279533994,-0.14666015339893135,0.05887895502372433
1778454659654914055,0.8641943824014534,2.016799538704591,12.189543054265023,-0.03609218174661242,0.09284538028294678,-0.1378796473690739
1778454659675394170,0.34552298421609473,-0.11027917616305677,8.3278004847457,-0.050545689614690456,0.2122913509663087,0.07142350902243358
1778454659695719136,-0.16224737327943442,0.2528172278674819,7.884675139458169,0.04599283463624589,-0.16370438437543847,0.034744323960990246
1778454659716155639,0.02573323344145534,-0.8213720210137222,10.165599648795332,0.06133264251510231,-0.05489401382141698,-0.043659138530942526
1778454659736608735,-0.17292600406362169,1.4319016020667925,11.304082077104628,0.05915098095010939,-0.005942982456888516,0.07094627055509138
1778454659757057202,0.12012740899325772,-0.06502646823710068,9.515776677299032,0.06065087327604202,0.005647094607136333,0.018927277614791634
1778454659777531224,-1.436631641059722,-0.6789161658398362,8.377831189924061,-0.05156834347328089,0.004147202281203702,0.13162373283145673
1778454659797908949,0.919500523529793,0.6791602422099419,8.560405071907661,-0.07931635150303448,-0.0427585213661439,-0.04304554621578827
1778454659818356175,0.2902778075163617,1.3219958249384742,9.8550755635135,-0.09506522092532707,0.17008983506847705,-0.010934215056048848
1778454659838770938,-0.026828107586646444,0.3521613985525421,8.401900874932279,0.031539326768167855,0.028077302572219708,0.0588107780998183
1778454659859310997,-0.1292385787575613,-0.6724316241201831,8.647366033836379,-0.04761408188673123,-0.05284870610423612,0.13414627901597978
1778454659879709593,0.3043209056109569,1.5316014005850713,9.003379205578879,-0.006912458314832223,0.04273534121201584,-0.07808848510348693
1778454659900105337,0.1326639769723241,0.015482462941944608,9.006184111688547,0.05751473477636471,0.14152370395185113,0.0681510166749442
1778454659920633359,-0.5282095162055535,0.8757093883768643,8.375484388543327,-0.06295388976558765,0.04300804890763995,0.06058337812137504
1778454659941032974,0.5657223832593324,0.3388256521671739,10.100236949768203,0.015585926574157184,-0.08086942182961383,-0.05361296942122269
1778454659961447810,-0.4675018051184864,-0.024640194669019955,8.82442411109968,0.039788734560797304,0.0077605792482232094,0.006723608235612532
1778454659981895536,0.17038735947360276,1.5946830654280408,10.297001611715158,0.07789963502426724,0.11404840361772164,0.12807853278834327
1778454660002362076,-0.306157553972879,-0.11838902591028697,10.306593070089447,-0.018093473835420898,0.04866673359184031,-0.01911544592477227
1778454660023290265,0.3903556828052255,-0.5847536578676895,10.978384286377995,0.027244180562088056,-0.06437060624435494,-0.0060936534587208244
1778454660043374713,0.19595587681277174,-0.7983280034369602,8.923777081006062,-0.020479666172131893,0.02896360258299808,0.04169837019940515
1778454660063815105,0.35267500670823604,0.7779045722142732,8.824619705767578,-0.10481452104388915,-0.03730436745366163,-0.14708353209638775
1778454660084304257,-1.3631668068108702,-1.3489748385250606,10.777810330721858,-0.04372799722408761,-0.03996326748599674,0.03760775476504344
1778454660104756723,2.8159083195803962,-0.15248256747413008,10.05645957807172,0.11539694317258291,-0.06171170621201982,-0.03950034617267479
1778454660125889060,-1.208298652169534,0.5949703832083801,8.960597187576075,-0.04829585112579152,0.059506864492898846,0.06869643206619244
1778454660146187082,0.2627564144375395,-0.005891256363072583,9.029850191768016,-0.08647492851316747,-0.01351062101045768,0.15446300233997629
1778454660166717734,0.44904429800742196,0.9465212480011809,11.877685713288338,0.03937967301736113,0.006260686922290586,0.034744323960990246
1778454660187094107,2.1188692042381265,-0.1834956510687148,10.808245607172882,0.03985691148470333,0.06782444920943431,0.007269023626860761
1778454660207535981,0.22586554846689602,-0.3672613763238389,7.679516118380813,-0.04018279718097413,0.017305348595067202,0.01858639299526149
1778454660227901781,-0.7889556188199971,-0.7924029640170076,8.714326736770609,-0.1949444144476588,0.06884710306802475,0.06699200896854172
1778454660248411599,0.8244524912178405,-0.9929773882386412,8.325192480998366,0.0962392275549889,0.1462960886252731,-0.13828870891251008
1778454660268817825,-0.8527415644282887,1.0862446918139619,10.730178424150118,0.03522088065909339,0.049484856678712656,0.0005876850840699673
1778454660289358236,0.5949098231705532,0.6981242684717075,11.332975533525222,-0.1748322218953804,-0.11904849921698979,-0.04631803856327764
1778454660309735387,0.3428154875594934,-1.3275371234415057,7.3527084387003185,0.06842304260132927,-0.03021396736743466,-0.08674695443955253
1778454660330211724,0.6718159176288568,0.10191714292242438,10.949092937464656,0.031471149844261824,0.06693814919865596,-0.027569384489119803
1778454660350620005,-0.6125777221948148,-0.24896824400416528,11.798449137027484,-0.10051937483780934,-0.10132249900142237,-0.030569169140985057
1778454660371243138,-0.6101320465083947,-0.9844561219705086,6.4987745753962285,0.05519671936355974,-0.12968409934633024,0.07824120141303642
1778454660391586123,-0.29873077092370665,-0.3620053805395889,8.005859484924866,0.09685281987014316,0.15693168875461355,-0.021637992109295325
1778454660412041553,-2.5214117229549706,0.41361033029207045,9.962347652827308,-0.07045335139525079,0.10375368810791133,0.017427385288859006
1778454660432440260,3.2940939749588285,1.0156140173689865,10.118386560376637,-0.06377201285246,-0.02762324425900558,-0.023819653674288236
1778454660452889726,-0.3231719902010004,-0.6124329782708525,7.222358064885851,0.004064026434038366,-0.014669628716860162,-0.06308956184416065
1778454660473458063,-0.17299196615493245,-0.040620784855518455,10.413866821802857,0.04162951150626007,-0.036281713595071194,-0.08279269285300289
1778454660493814918,0.6068936462269361,-0.25995331625849794,8.086621402845738,-0.08067988998115505,0.13688767312624117,-0.06861189268054896
1778454660514236921,0.2765107893015014,1.5581521023450022,9.328931602458326,-0.10924602109778099,0.04532606432044491,-0.036500561520809535
1778454660534757647,0.8671372198553983,-0.8126982706170636,7.6982227798250165,-0.056545258918420965,-0.06921116784168296,0.03147183161350088
1778454660555159188,1.155623207509264,-0.2804860889893338,8.092777818691502,0.07599068115489843,0.04150815658170732,-0.0761113543102121
1778454660575902950,-0.5286035508354628,-0.4857127500553932,8.822741972151036,-0.05579531275545466,0.03209974108267539,-0.11913099329491608
1778454660595996491,0.14353605725670435,-0.9245427550952838,9.479671613217771,-0.12063156739008775,0.024532102529106224,0.08144551683661977
1778454660616452272,0.3668156962116712,-1.7276219403086241,8.684005702821068,0.002291426412481626,-0.017464882597007333,0.009450685191853672
1778454660636915498,-0.5558978377863609,-0.49272151797991964,9.99478673190462,0.08035400428488426,0.07273318773066836,-0.019797215163832555
1778454660657323260,0.45146617786286636,0.2192762877804863,9.54504891647482,-0.048636735745321666,0.030258964137212623,0.024722316146804053
1778454660678035116,0.4110031051896409,-1.2450753624264923,7.450569410421758,-0.006230689075771935,0.0030563714987072443,0.030244646983192364
1778454660698284119,0.14303538144139685,-1.430872480711168,8.183169614744562,0.000587003314830914,-0.019987428781530384,-0.07358880812568903
1778454660718755196,0.9424424762545572,0.11875127841991162,9.017127964539043,0.0864217505125208,0.07198324156770206,0.005155538985773877
1778454660739286385,1.0152871509357269,-0.504349880460697,10.07425537615374,-0.0551817204403004,-0.030282144291340688,-0.0691573080717972
1778454660759683889,-1.0863682083988548,0.9693683414654799,7.914568025545582,0.1177831355092939,-0.15081894575719906,0.05846989348028816
1778454660780844614,0.7987099829275076,-1.0658620799473117,8.672713452630926,0.04531106539718561,0.136410434658899,-0.056271869453557805
1778454660800625877,0.1637617261238772,0.6023441025316605,9.796969016866138,-0.05436359735342805,-0.016442228738416904,0.042380139438465435
1778454660823175844,-0.48447199565247334,0.15549964550637269,9.457686666179185,-0.03561494327927022,0.03353145648470198,0.03194907008084308
1778454660843505736,-1.015150152980723,-0.22965467823050675,8.560152228307087,-0.006912458314832223,-0.033486459714924026,-0.07202073887585038
1778454660863958258,1.0799795011997104,-1.0068653072403029,7.075230642251269,-0.01052583528185173,0.10266285732541489,0.08976310155315524
1778454660884444613,0.12016640585473268,0.5410611571871125,8.594104174686944,-0.11415475961901504,0.07982358781689533,-0.013729468936196016
1778454660904811765,-0.8000119650614131,0.5997926671756928,9.634629648072128,0.02976672674661111,-0.21190546957700063,-0.02552407677193895
1778454660925284657,2.204384829438512,0.009312936695313911,8.347705345761714,0.007609226477151849,0.07736921855627832,0.027381216179139165
1778454660945806012,2.197232853885899,0.6795845709534463,10.087060574164353,0.09303491213140555,0.13668314235452309,-0.07467963890818549
1778454660966150553,-1.274327238130482,-1.2283530693017832,8.023871553123067,-0.02757006625835886,-0.09614105278456422,-0.08722419290689475
1778454660986728149,-0.35904114280866384,-0.6672641550006071,8.364472076489792,-0.10426910565264091,-0.1442057841383143,0.15241769462279542
1778454661007238226,-1.569046011410291,0.6670068804284353,11.990163114076202,0.08880794284923178,0.1591815272435125,-0.03997758464001699
1778454661027628267,-0.7077850444409315,0.11532735621034923,7.873142823755848,0.1641434437653933,-0.011533490217182852,-0.08292904670081494
1778454661048032770,-0.6596638546598713,-0.06828673716800904,8.470358658593653,0.07762692732864311,-0.027691421182911607,-0.01645654589243716
1778454661068530088,0.23935318138290643,0.015459503312122924,8.66736944407547,0.028266834420678483,0.08227795707751237,-0.12049453177303665
1778454661088902907,0.16230275498193755,-0.1591838347185433,10.644852580785143,0.082126604306441,-0.059461867723120884,-0.00997973812136445
1778454661109664206,-0.8171938972756625,-0.3649288207827945,7.432016807399359,-0.09015648240409302,-0.1131171068371653,-0.028046622956462
1778454661129720525,1.5164718208349013,-0.2514148489071648,10.298075795594409,0.09569381216374066,-0.11298075298935326,-0.07358880812568903
1778454661150169528,1.1413283581972453,0.35473752352313165,7.022125821513618,0.047492726962178516,0.21010968940131577,-0.031659999923481515
1778454661171325161,0.01085871686201173,0.7437051214253865,8.41785722950884,-0.2908011694595349,0.021123256333804796,0.017836446832295176
1778454661191494905,-0.5287976377359052,0.1402945308781604,8.469232601113887,-0.03779660484426313,-0.09430027583910144,0.043880031764398066
1778454661211898094,0.019437886898027806,-0.8445812802658956,8.653879846624223,0.17205196693849256,0.12372952681237767,-0.020547161326798867
1778454661232292356,0.07334529530097136,0.7560930099508127,10.816408860568558,-0.12751743670459664,0.09734505726074466,-0.054294738660282976
1778454661252763823,-0.19036900719423291,-0.3252635720314006,8.207604008698762,-0.033433281714277306,-0.026123351933072952,0.010268808278726014
1778454661273271160,-0.0865661797823186,-0.1270731923059779,9.722598438112884,0.037743426843616444,-0.039554205942560566,-0.02811479988036803
1778454661293748052,0.017018977750998754,0.42966680874234303,9.792925208576312,0.028198657496772455,-0.060961760049053515,-0.12117630101209693
1778454661314124537,0.07061981880891474,0.31724663128317127,11.452119776861808,-0.11081409034761965,0.07941452627345916,0.1147840326266677
1778454661334607688,-1.7952941555832602,0.3137874898171003,9.34455048325961,-0.0053443890649935676,-0.11707136842371496,0.08076374759755948
1778454661355550581,0.7081683921768154,-0.34834096842383305,8.496101885591345,0.07899046580676368,0.10538993428165602,-0.007866253480277566
1778454661375885973,0.33346503503252956,0.3792144800937978,11.309703283560388,-0.13685767527972253,-0.08168754491648618,-0.05095406938888758
1778454661396310199,0.5112167724205611,-0.44192161332472996,10.101006326046504,0.053219588570284915,-0.1231391146513515,0.08724055536863219
1778454661417059406,0.4077337765939475,-0.07875998521201094,9.067118644616476,0.08464915049096405,0.12297958064941136,-0.09513271607999405
1778454661437294261,0.1709579098436865,0.610774735730357,11.035426057989627,-0.060022282037628424,-0.0076474055545392265,-0.08613336212439829
1778454661457693968,-1.1698536820783936,-0.8265436903344487,8.261405094240148,-0.04325075875674541,-0.05366682919110846,0.1408957944826766
1778454661478132564,0.5303462428914303,-0.6728025750608906,7.125474751092582,-0.01788894306370281,-0.1671814074946459,0.09405824775923503
1778454661498700882,-1.3639992215960566,-1.3773975864152752,7.332504682434056,-0.00868505833638896,0.08650492635968612,0.05846989348028816
1778454661519045201,2.277723810385211,-0.0933121594224181,11.612383342457388,-0.1540382601040417,-0.01903295184684599,0.024313254603367883
1778454661539553852,-0.6175949197087507,-0.4406203890755783,9.32230915060568,0.08014947351316618,-0.15484138426765476,-0.14210661665124769
1778454661559957467,0.7527955721071756,-0.7970089952957924,9.24766621781693,0.1258961894541113,0.025418402539884595,-0.049658707834673035
1778454661580361174,-0.986153371156736,0.6530595279711597,10.142256553858388,0.029971257518329197,-0.07125647555886382,-0.059680715648859226
1778454661600820214,-0.9600038119647097,1.152130458348772,10.230775266327338,-0.041409981811282644,-0.09484569123034967,-0.023478769054758094
1778454661621370403,0.9151525740221883,-0.7329339685513383,8.305278209078423,0.12051021246553505,-0.024691636531046352,-0.027978446032555976
1778454661641762277,-0.4910268693332641,0.5877393597132432,6.946909022928718,0.17491539774254578,0.053984533656510535,-0.10345030079652952
1778454661662195206,-0.3390191954604236,-0.7934112748069594,9.361451094909857,-0.07065788216696886,0.02869089488737396,0.11962459422399573
1778454661682687376,-0.019406394990416853,-0.8383232642481493,9.367750918694393,-0.027092827791016655,-0.013101559467021507,0.022608831505717172
1778454661703121324,0.45056098492921837,1.0136305462470283,10.6067233814474,-0.0033672582717187392,0.025145694844260477,-0.025728607543657033
1778454661723667272,-0.08276514992481418,-0.30578298335303183,9.833591503066122,0.0651505502538399,0.007624225400411154,-0.00036679185061443175
1778454661744063794,0.3052533224206818,-0.5225819069565647,8.86812923035094,-0.048773089593133714,-0.23256307752052724,0.05751541654560376
1778454661764530834,-0.19191381720586886,-0.5975494324492252,10.881918370506348,0.12671431254098364,0.05882509525383856,-0.12029000100131856
1778454661784983263,-0.024490440128069557,-0.44219193476004426,8.59181169124764,-0.024024866215245376,0.09611787263043614,-0.006843599621687138
1778454661805436248,-1.0550813374688337,0.653975391602619,9.777947007560964,0.034675465267845165,0.09414074183716131,-0.03813680769455422
1778454661825937233,-0.45372693896760835,0.2340978836002197,9.208525289493506,-0.047682258810637264,-0.08789164499193478,0.011018754441692327
1778454661846301459,0.8291776277898252,-1.7947505979806042,8.18189625714189,0.13107763567096947,0.10607170352071629,-0.037386861531587906
1778454661866750110,-1.3501531420250776,-0.9738833561770244,9.835591203327901,0.12105562785678327,-0.04971256760455881,-0.12144900870772105
1778454661887224743,0.3163689430826123,0.023406756981217802,7.201181150000567,-0.06145399743965502,-0.1504098842137629,0.0038601774315593354
1778454661907675080,0.27912064358949473,-0.34111363418914686,9.449696348332173,-0.010457658357945702,-0.09627740663237627,0.002360285105626708
1778454661928108676,0.6731752572679789,0.5036734533328917,9.052340756078328,0.18718724404563092,0.06230211837304601,-0.03643238459690351
1778454661948493772,0.930630429119584,-0.3720267241163096,12.30466478697975,-0.08627039774144939,-0.10582217597922028,0.006178192844364304
1778454661969936146,0.5545413977196043,-0.16565809449086863,8.15380537237256,-0.008480527564670878,0.07034699539395736,-0.07283886196272273
1778454661989515835,0.36275898548520824,-0.3944502110622585,9.732902495520241,0.058946450178391306,0.024191217909576082,0.0382213470801977
1778454662011021190,0.656795664216083,0.25864320175056693,9.730300312147584,0.06378701177571933,-0.2076103233709208,0.09944422474781128
1778454662031023304,0.5485513503561296,-0.7500317485017572,8.180991545884085,0.01572228042196924,0.16647645810145756,0.008905269800605443
1778454662051645363,1.5834405319418696,0.785196120646428,10.01365756455819,0.04272034228875653,0.010351302356652298,0.1228970865714851
1778454662072170867,-0.7499846182782484,-0.06196015986653336,7.875526495208917,-0.0867476362087916,0.008851410030719667,-0.016320192044625103
1778454662092415241,2.159336316027096,0.7188218696023718,8.489511724237529,-0.0031627275000006526,-0.06280253699451628,-0.060567015659637596
1778454662113355929,-0.9000397433691812,-0.3396981644725416,8.181104034686873,0.08908065054485591,0.1051172265860319,-0.032546299934259885
1778454662133342025,-0.09746944331157564,-2.072533679638399,7.99234985770637,-0.058522389711695794,-0.027350536563381465,0.02635856232054874
1778454662154268973,0.5698081850472907,-0.6573287563251873,8.851124078731917,-0.021979558498064516,-0.14461484568175048,-0.06956636961523335
1778454662174387384,2.5192554463064,-2.600257437275827,9.613528451921535,0.035698119126435585,0.13968292700638835,0.021040762255878514
1778454662194842572,-0.74956708886375,-0.6680635734632245,10.887939949274362,-0.08245249000271179,-0.021419144183556983,-0.029001099891146402
1778454662215297039,0.007498058919598233,0.007708012625879668,10.380517704504278,-0.08047535920943696,-0.006283867076418658,0.008428031333263244
1778454662235713542,-0.6980034237800073,-2.3648834070415816,9.337583976878046,-0.18185444505770137,-0.09532292969769188,-0.07911113896207735
1778454662256164546,0.4084171947624937,-2.951406635155078,9.594159520380893,0.02192638049741783,-0.02387351344417401,-0.1742179478109871
1778454662276623364,0.9199798365807689,-2.8017268710189387,9.09083114788467,0.018722065073834494,-0.0036931439679895733,-0.16780931696382043
1778454662297140793,1.0802676036197763,-2.656363221028125,9.025651320018229,-0.03241062785568688,-0.005056682446110145,0.07230980903321195
1778454662317598722,0.6313211251241794,-2.363707616904706,8.968508321509722,0.020153780475861093,0.01239661007383315,0.09719438625891234
1778454662338077929,0.093801594265601,-0.22560776369144786,9.131128191025896,0.03133479599644977,0.021191433257710827,-0.03275083070597797
1778454662358623785,0.3655356991271874,0.19102246539017415,9.320843003270847,0.0012005956299851704,-0.0014433054790906341,-0.032819007629883996
1778454662378960233,0.366924643443854,0.21371207566611733,9.342361465252113,-0.003980850586872996,-1.1590077064034532e-05,-0.00902526118668005
1778454662399836940,0.38961901377910435,0.043707489162220725,9.35291469014593,-0.004730796749839311,-0.00035247469659417663,0.002019400486096566
1778454662419945628,0.36373187192991074,-0.1765087530249068,9.30535474882916,-0.0012537736306318555,0.0016246560966806448,-0.003434753426385714
1778454662440497650,0.31737755181657545,0.008931252647712218,9.324350697796413,-0.004185381358591082,0.0031245484226132755,0.0011331004753181951
1778454662460919913,0.3301163151358397,-0.1418864446289006,9.317897584880848,0.0013369494777972259,0.001420125324962565,-0.0012530918613928017
1778454662481382750,0.3428241449513526,-0.036516390111973385,9.323708739298956,-0.0027536659565644828,-0.001102420859560492,0.002019400486096566
1778454662501849938,0.3359336488266216,-0.09280296120955978,9.323804872695407,0.00304137257544794,-0.0006933593161243187,0.00017862354063379613
1778454662522283590,0.33100755894171574,-0.07365154463227219,9.322460987916829,-0.0009128890111017134,0.001079240705432423,0.0031784081924990503
1778454662542810019,0.3226154038534609,-0.08204135167420562,9.319963865553216,0.0005188263909248845,-0.0013751285551846064,-0.0011167380135807454
1778454662563214208,0.3395744196261449,-0.09041194061508001,9.3274489762532,-0.0013901274784439144,0.00237460225964696,4.2269692821739376e-05
1778454662583685415,0.3359437281677419,-0.08204086538676986,9.328561548255005,-0.0016628351740680287,-0.0011705977834665197,0.0009285697036001098
1778454662604160863,0.32638107749888523,-0.08326270265715852,9.330815794810556,-0.0032309044239066838,0.00012476377074802092,0.0006558620079759958
1778454662624616236,0.3298353504734092,-0.07246327475126224,9.324836225491348,0.000927887934361056,0.002579133031365047,-0.0005031456984264889
1778454662647178518,0.33705776743236016,-0.06647369975272627,9.328522726192316,-0.002685489032658455,0.0027836638030831334,-0.00029861492670840315
1778454662667627169,0.32643107823426754,-0.07968443058404773,9.335598947592025,-0.002003719793598171,-0.0010342439356544608,0.0003831543123518819
1778454662686510635,0.33952860211747016,-0.09159901472206328,9.323856095579206,0.0002461186953007701,0.001965540716210787,0.0014739850948483377
1778454662707829324,0.33437685046460053,-0.06642356889862239,9.30930007011995,0.0005188263909248845,0.004556263824639875,-0.0017303303287350019
1778454662727324290,0.3345483282704743,-0.078417068184014,9.316538785911682,0.0003142956192067996,-0.0023977824137750327,-0.0016621534048289733
1778454662747732479,0.33946700713837197,-0.08680297898807948,9.321440248401755,-0.0007083582393836284,0.00012476377074802092,-0.0006394995462385453
1778454662768062223,0.3251396650493631,-0.0916289947893621,9.324832650410862,-0.0017991890218800842,0.001420125324962565,0.0005195081601639387
1778454662788546578,0.32862549296473376,-0.0927957865654,9.316499014098575,4.1587923582685205e-05,-0.001988720870338863,-0.000844030317956631
1778454662808995897,0.3359269952609113,-0.09160565725127995,9.323800459825096,-0.0017991890218800842,0.0018973637923047626,-0.00029861492670840315
1778454662829446363,0.3320381316572907,-0.08079223480035946,9.308116836212852,-0.0008447120871956856,0.0011474176293384472,0.0009285697036001098
1778454662849890607,0.33206741424424413,-0.06405384903746686,9.316448740965194,-0.003094550576094625,-0.0032840824245534035,0.00017862354063379613
1778454662870350092,0.3248524083023012,-0.080808929809225,9.30920466255273,0.00045064946701885676,0.0012837714771505027,0.0003831543123518819
1778454662890842373,0.3454972549318853,-0.07603322223369402,9.327488748066305,-0.0016628351740680287,0.00012476377074802092,0.0006558620079759958
1778454662911218265,0.338088340147935,-0.07361438992081354,9.314178574488341,-0.002003719793598171,0.0024427791835529913,-0.0015939764809229447
1778454662931659861,0.3418064833969797,-0.08200251490128463,9.319061491727044,-0.0004356505437595141,0.0003974714663721318,0.0005876850840699673
1778454662952158328,0.3308767599814021,-0.07841007091150193,9.311686758765163,-0.0012537736306318555,0.000465648390278163,-9.408415499031781e-05
1778454662972605220,0.34056582839875527,-0.09993700884843043,9.309516356745544,-0.0013219505545378832,-0.004443090130955889,-0.00029861492670840315
1778454662993065909,0.35021441595565805,-0.07959581770031826,9.320381580594114,0.0003142956192067996,0.0021700714879288735,0.00017862354063379613
1778454663013498338,0.3406010071001214,-0.07482772522887543,9.321414664950003,-0.0015946582501619976,-7.976700097006573e-05,-0.0016621534048289733
1778454663033926804,0.3442526146920626,-0.07124281062654797,9.326253453485586,-9.476592422937198e-05,0.0008747099337143363,-0.0009122072418626596
1778454663054340122,0.33711840697505113,-0.08681763719218716,9.32500045144332,-0.0001629428481353997,-0.0021250747181509183,0.0005195081601639387
1778454663074817255,0.33690358199950554,-0.07959971393818621,9.312982995740432,-0.00425355828249711,0.00026111761856007637,0.0014058081709423095
1778454663095397629,0.33127067176493885,-0.08327089570369728,9.336885465056547,-0.0033672582717187392,-0.0008978900878424054,0.00017862354063379613
1778454663115791688,0.3311982399934228,-0.07966875397756112,9.333274932901306,-0.0010492428589137705,0.001420125324962565,0.0016785158665664232
1778454663136203636,0.3369885634511446,-0.07602826176593974,9.320164344218101,-0.0028218428804705105,0.0012155945532444784,0.0003831543123518819
1778454663156678491,0.3394512296679486,-0.08081986914711242,9.322617281898294,-0.0013901274784439144,0.001420125324962565,-0.0013212687852988303
1778454663177135272,0.3381757919385767,-0.07363143967297447,9.320174063728848,-0.0017991890218800842,0.0030563714987072443,0.0017466927904724518
1778454663197612905,0.33936891654042156,-0.06286371972334687,9.323750186691713,-0.0028900198043765417,-0.0004206516205002078,0.0003831543123518819
1778454663218015112,0.33474319254888885,-0.08204307956317541,9.328543003003633,0.0013369494777972259,0.00237460225964696,0.0006558620079759958
1778454663238439801,0.33225885274724887,-0.07963926019769807,9.323700695367862,-0.0011855967067258277,-0.001852367022526804,-0.0010485610896747168
1778454663258944490,0.33827236763393165,-0.07843429530782264,9.324988106602504,-0.0001629428481353997,0.0010110637815263918,0.0009967466275061384
1778454663279547956,0.3319782495658974,-0.0700164991758408,9.308077120380043,-0.0015264813262559698,-0.003215905500647376,0.0007240389318820244
1778454663299972663,0.3359853624497089,-0.08324498924591411,9.330964156821521,-0.0012537736306318555,0.00026111761856007637,-0.0007076764701445738
1778454663323646945,0.32121335039048304,-0.07722025051316983,9.30793669033958,-0.0005038274676655435,0.0025109561074590156,0.001064923551412167
1778454663341958485,0.34063921560667854,-0.08799124886908943,9.319065010827234,-0.0010492428589137705,-1.1590077064034532e-05,0.0015421620187543662
1778454663365735100,0.345606380307363,-0.07366248397015962,9.335873607262391,-0.0008447120871956856,0.0028518407269891577,0.001064923551412167
1778454663382320177,0.3310391138825627,-0.08561776431420631,9.320106920923747,-0.0028218428804705105,0.0006020022380902185,-0.00043496877452046034
1778454663402793791,0.33938298112314014,-0.0748265294548488,9.32019702185053,-0.002685489032658455,0.0008747099337143363,0.000792215855788053
1778454663423324480,0.3381957526357079,-0.07722335154781407,9.320187302339784,-0.002344604413128313,0.001965540716210787,0.0018148697143784802
1778454663443852113,0.33469737504021413,-0.08323015367015874,9.324950122329641,-0.0015946582501619976,-0.0017841900986207762,-0.00036679185061443175
1778454663464204635,0.33710928307033816,-0.08203183130949993,9.326181897810173,-0.002549135184846396,0.0027154868791771022,-9.408415499031781e-05
1778454663484680564,0.3369794395464315,-0.07124245588325251,9.321345790584957,-0.0036399659673428536,-0.0014433054790906341,-9.408415499031781e-05
1778454663505163567,0.332118929882222,-0.07961198059424057,9.31410791258305,-0.0009128890111017134,-0.0005570054683122633,-0.0006394995462385453
1778454663525769219,0.33683362056699206,-0.07958607413645741,9.308186604348023,0.000927887934361056,0.0009428868576203606,-0.0011167380135807454
1778454663546340148,0.33353600336432565,-0.08084798978130114,9.32852004488195,-0.0009810659350077428,-0.0017160131747147485,0.0005876850840699673
1778454663566680040,0.34059017030770333,-0.07602161923672313,9.320219979972212,0.000587003314830914,-0.00014794392487608998,-0.0022757457199832297
1778454663587156951,0.33100166282730326,-0.08202244248893459,9.31889458446471,-0.003571789043436826,-0.0045112670548619165,-0.0010485610896747168
1778454663607589973,0.3332396227125508,-0.06524211891847681,9.314073503390674,0.000587003314830914,0.0022382484118349047,-0.002616630339513372
1778454663628050421,0.3346165768152828,-0.08441040787627763,9.318959045959444,-0.0027536659565644828,0.0046926176724519306,0.0016103389426603948
1778454663648507998,0.3359903031277144,-0.09042199309472881,9.32859243834719,-0.0017991890218800842,0.0011474176293384472,0.000792215855788053
1778454663668914131,0.3308294275701318,-0.06046074138860069,9.315217859254785,-0.001458304402349942,-0.0024659593376810604,0.00017862354063379613
1778454663689363542,0.3334660419318122,-0.0808343499795724,9.323723653489543,-0.0001629428481353997,-1.1590077064034532e-05,0.00017862354063379613
1778454663709849305,0.33459091798884855,-0.06407329033768111,9.324879516404645,-0.0009128890111017134,-0.00035247469659417663,0.0016785158665664232
1778454663730233253,0.3356665507618003,-0.06045870458384284,9.317690235956471,-0.0019355428696921397,0.0031245484226132755,-0.0011167380135807454
1778454663750752589,0.33088341354711237,-0.07960737486978176,9.311691171635475,-0.001458304402349942,0.0021018945640228492,0.00017862354063379613
1778454663771237519,0.32504727258071586,-0.0844349411883864,9.321208879644683,-0.0015264813262559698,0.0012837714771505027,-0.0014576226331108875
1778454663791713596,0.3393879218011455,-0.08200353330366356,9.317825303376202,-0.0033672582717187392,-0.000488828544406239,0.0005195081601639387
1778454663812013525,0.3213458622385017,-0.06648202434340528,9.32108705083589,-0.0010492428589137705,-0.0017841900986207762,0.0004513312362579105
1778454663832409473,0.1148455179766896,-1.5412720455297053,9.50182818305928,-0.04236445874596704,0.0034654330421434176,-0.051158600160605666
1778454663852826569,0.17019014803594532,-0.6748121420802928,9.673392624993761,0.019676542008518892,0.004283556129015757,-0.02184252288101341
1778454663873740684,-0.04136116257034822,-1.149493865231007,9.308591012794444,0.00010976484748871293,0.00694245616135087,-0.12942570880472637
1778454663894074632,0.0153840251290496,-1.1391606737869566,9.500042391121465,-0.0137983276293411,0.0068742792374448455,-0.16474135538804915
1778454663915018746,0.10865259123243301,-0.6810808866159581,9.731206130831032,0.01531321887853307,0.0065333946179146965,-0.17142269393083995
1778454663935515768,0.6700501779553143,-1.3045374103948169,8.731525073828744,0.03351645756144268,0.04089456426655306,-0.1344708011737725
1778454663955834364,0.8957469776638308,-2.3360086665225115,9.086382531112346,-0.012093904531690389,0.03728118729953355,-0.06499851571352945
1778454663976641497,-0.15145824141075387,-1.7745250258619023,10.083574209087883,0.06630955796024238,0.004283556129015757,0.07585500907632543
1778454663997602056,0.7954975187752639,-2.015780949780355,9.246719388095364,-0.033978697105525535,-0.11502606070653412,0.08001380143459316
1778454664019164560,0.6276361540905541,-1.247852979215676,8.560433781198416,-0.056613435842327,-0.024009867291986068,0.03283537009162145
1778454664039535248,0.27762622374500157,-1.2583810995550742,9.494933760166656,0.0519924039399764,0.011714840834772866,0.07374152443523854
1778454664061175807,0.48090821419980856,-0.39648580754694884,9.685584289374388,-0.01952518923744749,0.06318841838382439,0.029017462352883848
1778454664086227367,0.7925630012192599,-0.16545890701539562,9.908952186460331,-0.031183443225378367,-0.14481937645346857,0.025744970005394482
1778454664101360018,1.2151938672595533,-0.5737806574082107,8.11633290524961,0.1471673897127922,-0.02435075191151621,0.09330830159626873
1778454664122027743,0.16064273926757164,0.040327172676810186,8.711618505436315,-0.0645219590154263,0.03387234110423213,0.026154031548830652
1778454664142363487,-0.867655588277738,-0.017492680824689022,6.488916277699944,0.08376285048018568,-0.006897459391572915,-0.008752553491055937
1778454664163147268,-0.14280048619259023,-0.6794454640784553,11.915152134200804,-0.1288127982588112,-0.2255408543582063,0.11007982487715173
1778454664183437290,-2.7120216694694546,-3.0407897084118076,10.73308476522973,0.013813326552600442,0.3271012908240607,-0.11722203942554728
1778454664203855312,-0.33525209006909457,0.06257981440619026,7.307254986930218,0.06153717328682039,-0.026736944248227208,-0.09526906992780611
1778454664224345519,1.0288193169897086,-0.6600770011838556,10.94416616342736,-0.10358733641358063,-0.008260997869693483,-0.051704015551853895
1778454664244795930,0.8096892120732643,-0.462601555733886,9.159828146656936,-0.03493317404020994,0.0794827031973652,-0.07747489278833267
1778454664265203785,0.704668074662384,1.0117871825388185,10.581885452124146,-0.08347514386130223,-0.08264202185117057,0.014018539093557582
1778454664285775696,1.5306378212862413,0.45443635706550106,7.582834834014272,-0.04590965878908052,-0.012692497923585337,-0.03602332305346734
1778454664306230607,-0.9118818186336853,-0.6705148954654252,9.54996012592765,0.005086680292628794,-0.05653025999516166,0.04074389326472075
1778454664326692314,0.31820140799636,0.40368913821152147,9.44761917204732,-0.0298199047472578,-0.07896046796024503,-0.054771977127625174
1778454664347061447,-0.03005082103563106,-0.8689980932386221,9.202260333524896,-0.10406457488092283,-0.013237913314833566,-0.14497004745530087
1778454664367521598,-1.1495939154524322,1.7181968523589364,10.613024930516875,0.01797211891086818,-0.09668646817581245,0.02451778537508597
1778454664388003083,1.1804748365125983,-0.4501877969505632,8.416254078566782,-0.17776382962333964,0.10402639580353545,-0.23244104082673545
1778454664408477827,-0.39132532960265376,-0.34758691427109273,7.093277005074072,-0.025933820084614173,0.12052521138879435,0.007064492855142674
1778454664428923423,-1.4166375039938461,1.6018681584614738,12.588560784712804,-0.016389050737770184,-0.03594082897554105,-0.19105764801577615
1778454664449269223,1.5218240228623945,-0.6876417311761712,8.358846905198769,-0.05306823579921352,-0.0049885055222041175,-0.16133250919274772
1778454664469767986,1.9820314116686857,-0.9114558371868955,9.050089396507339,0.07912681965457574,0.22633579729095055,-0.02191069980491944
1778454664490223804,0.7198036910406458,-0.179344165944764,9.276102089502208,-0.09152002088221359,-0.0221690903465233,0.061265147360435326
1778454664510706029,0.7595042521455309,-2.20538129558403,6.869594975538362,-0.09915583635968878,-0.018555713379503787,-0.07849754664692309
1778454664531204107,1.4425919657488808,-0.3663282479475571,7.737877099876862,0.06733221181883281,0.16797635042739018,0.02908563927678988
1778454664551600481,-0.9714978086122589,2.1456539722599417,10.723330682446878,-0.13583502142113213,-0.2300405313360042,-0.007320838089029337
1778454664572085836,2.095182795127495,-0.308769900155861,8.970546699399907,0.18691453635000682,0.12495671144268619,0.026494916168360794
1778454664592607932,0.5401394531090556,-0.14860266739383518,10.961146780786892,0.07674062731786474,0.2662874746998833,0.06331045507761619
1778454664613012120,1.858532183206764,0.08650809265925258,10.424424743313342,0.05996910403698173,-0.10868560678327346,0.035494270123956555
1778454664633490864,1.0784780127395281,-1.1027256612145782,7.100727636183637,0.1691885361344394,0.028009125648313676,-0.056476400225275884
1778454664653865812,0.496036019073549,-1.2785586982966515,8.743128103410362,0.1694612438300635,0.10061754960823402,-0.021706169033201352
1778454664674349390,1.1987388941444779,-0.44057787133484066,10.085252602423601,-0.007048812162644278,-0.20270158484968676,-0.038818576933614506
1778454664694858874,1.4226301001203059,-1.438547692741081,7.5280392549384745,-0.06240847437433941,0.08084624167548576,-0.0036392841981038
1778454664715393378,-0.49343656643268086,-0.12530504970446868,7.171219420652312,0.12439629712817867,0.04328075660326406,-0.027637561413025834
1778454664735799474,0.5489916107009872,-1.127524602053932,9.551404289428845,-0.11326845960823669,-0.12198010694494901,0.00454194667061962
1778454664756209792,0.7971719494128146,-1.3051921909612554,9.877161758303131,0.07074105801413424,-0.07930135257977518,0.14355469451501174
1778454664776617129,0.33795603616652925,0.746104655270394,8.214309735195755,-0.025320227769459913,-0.05918916002749677,0.07735490140225805
1778454664797111465,2.1950141888900436,-0.5003829803406296,11.13664084419843,-0.07474849760133058,0.022759502507549483,0.01954086992994589
1778454664817825413,-0.24646917249438569,0.7730636157981885,10.950467890526348,0.12889597410597653,0.03912196424499632,0.1016258863128042
1778454664838183009,0.3994297545983133,0.7207731943512117,7.06928354263721,0.03903878839783098,0.16265855036271995,-0.06820283113711278
1778454664858718161,0.3398747575748894,-1.2255102042795771,8.095561187041069,-0.07229412834071355,-0.09695917587143657,-0.006979953469499195
1778454664879033683,2.5031274555890897,0.0903726840691389,11.170445063290131,0.034607288343939134,0.20820073553194698,0.010200631354819986
1778454664899494593,-0.43530825501429127,0.8182041700141545,10.116608066509228,0.009586357270426674,-0.13909251484536217,0.028744754657259737
1778454664920090578,0.2748536466045354,-0.1611609208057449,8.071543862446736,-0.13822121375784313,-0.016237697966698817,-0.056476400225275884
1778454664940528248,1.7325297773965491,-1.2340531459353061,11.986889905488459,0.07796781194817326,-0.012965205619209452,0.015177546799960067
1778454664961112770,-1.1001181071553086,1.3878747156338376,9.765018596728167,-0.0017991890218800842,0.177112058230798,-0.04672710010671381
1778454664981545496,0.4144602008647975,0.7315153825645004,9.175795593299524,-0.0879748208391001,-0.06750674474403225,-0.07931566973379543
1778454665001925999,1.538569604699121,-0.9123454298363429,11.15315417052321,0.01476780348728484,-0.01889659799903393,-0.02088804594632901
1778454665022401817,-0.8595911257149639,-0.42400940445743507,7.5478593550098,-0.0965651132512597,-0.10923102217452169,-0.00677542269778111
1778454665043409932,1.8404534185215449,-1.182104469127749,6.892207032437225,0.01210890345494973,0.14152370395185113,-0.05974889257276525
1778454665063499454,1.2674883730529818,-0.5467661058870905,8.750018289209098,0.09808000450045166,0.04389434891841832,-0.05606733868183972
1778454665083883179,-0.3399826001957664,2.460504652675075,13.654668437678902,-0.14135735225752044,-0.05755291385375209,-0.07692947739708443
1778454665104298923,-0.7114741415468452,-0.050405337627088986,8.46349953048953,0.17130202077552625,0.11234398052007091,0.009791569811383814
1778454665124810241,1.8483313926719094,-0.01723892789274556,9.43801559553763,0.03624353451768382,0.08800481868561874,-0.0435909616070365
1778454665145173948,3.0817103163768316,0.17095145156279995,13.510792195307491,0.10612488152136303,0.05282552595010805,0.014495777560899781
1778454665165697341,0.14033495323076436,-0.8052777196566844,9.222646344814493,0.10871560462979211,0.023373094822703736,0.11328414030073507
1778454665186333048,-2.1708874398584106,1.554191349949049,7.430562166922837,-0.05047751269078443,-0.0080564670979754,0.017086500669328864
1778454665209353051,0.06560341175592041,0.46003296847744163,10.090872914578101,-0.012775673770750673,0.08677763405531025,0.07667313216319777
1778454665228790610,-1.8900439951631338,-1.3146891236736662,14.336019928591623,-0.02102508156338012,0.07075605693739354,0.07128715517462152
1778454665249169743,-0.18430491226416504,1.6089147408278506,8.860083485368026,-0.11197309805402213,0.20158757391306223,-0.0557946309862156
1778454665269652987,1.1624701164349809,0.09895243647880952,7.717487366081593,-0.04447794338705392,-0.1377289763672416,-0.00950249965402225
1778454665290050935,1.7264539790577498,-1.0008286414830159,12.069873518887835,-0.041409981811282644,0.13354700385484577,0.07333246289180237
1778454665310490605,0.767073052427943,0.16802783355063305,10.92155550135269,-0.07917999765522243,0.02473663330082431,0.02035899301681823
1778454665331060238,-1.0461820820519576,1.4922950302141387,10.128717267421669,-0.05320458964702557,-0.15647763044139945,-0.005275530371848483
1778454665351401019,-1.4471305426555132,0.2168279764211813,9.148879113544346,0.003927672586226309,-0.05414406765845066,-0.035955146129561306
1778454665371915597,-0.9424654099815414,-0.26699083007547036,7.850512451447713,0.16646145917819827,-0.0767106294713461,0.10721639407309853
1778454665392267248,-0.9345877246635967,-0.6731762930364881,10.461917230791846,0.002018718716857512,-0.21967763890228786,0.11123883258355421
1778454665412769937,-1.0795404933570478,-1.311685469633014,10.487150734308434,0.032425626778946226,0.12038885754098227,-0.10024598537294618
1778454665433206181,1.4501142264194804,0.25683219980960365,3.794045477917403,0.09160319672937896,-0.026941475019945295,0.12480604044085389
1778454665453612480,-0.6095965974654426,0.951433687942864,11.138422054955324,0.007404695705433763,-0.19220233856815838,-0.23796337166312376
1778454665474061002,-0.05888366351927948,-1.4385681873131222,9.479592594445444,-0.05143198962546883,0.06380201069897865,-0.044272730846096786
1778454665494528820,-0.9033629153831421,-0.3947607590541882,8.591245715890702,0.1237827048130244,0.052348287482765855,-0.031932707619105626
1778454665515641824,-0.5356865208548307,-0.7588969230015,9.304340842532827,-0.15124300622389453,0.057393379851811956,-0.16119615534493567
1778454665535501697,0.3051431616535719,-0.7574356582288508,9.348499062542865,0.07714968886130091,0.03400869495204418,0.02254065458181114
1778454665555913942,-0.12505288513276774,1.2552317107539042,10.733623002799732,0.11157903543384531,0.011987548530396977,0.14485005606922627
1778454665576390963,0.869085038152324,-0.36553521687394813,7.918424013478417,-0.04652325110423478,0.03175885646314524,-0.13194825498924945
1778454665596860356,0.9825510337311795,-0.9387629688231962,9.14623142701429,0.1397361050070351,0.14902316558151427,0.04578898563376686
1778454665617406841,2.67431071366532,0.566235780608564,9.012311231681142,0.15439414364683118,0.020305133246932457,0.02813116234210548
1778454665637761529,-0.6106720647152081,0.22469287746356054,10.295856781572054,0.05615119629824414,0.15331831178759406,-0.07529323122333975
1778454665658170199,0.7803311291877548,0.4399055932498283,7.980087820556581,-0.03350145863818334,0.009055940802437754,-0.004593761132788199
1778454665678611388,1.956503970624791,1.2810613449703172,9.361885964767945,0.008290995716212134,0.15768163491757986,-0.021706169033201352
1778454665699076724,-1.389368699668444,-1.003669431299638,10.592743638787727,0.09078507364250661,0.10164020346682445,0.08090010144537153
1778454665719660209,1.4566046474564338,0.19672423348359397,10.971669208609569,0.03828884223486467,0.08493685710984747,-0.03275083070597797
1778454665740054620,1.3769374467921462,-0.41239999894637447,9.145636263758483,-0.05559078198373657,0.013078379312893434,0.032085423928655134
1778454665760451086,-0.058924054627861544,0.9577061307780379,8.899130994801242,-0.04365982030018158,-0.08816435268755889,-0.01645654589243716
1778454665780950497,0.8726419127903599,0.9562746108244873,7.508521178384902,-0.11135950573886787,0.1402965193215426,0.004473769746713592
1778454665801628778,0.8577905485093259,1.0753145054785096,10.241161971491769,-0.04468247415877201,-0.0781423448733727,0.03283537009162145
1778454665822024856,0.12943322047029102,0.8240212408616874,12.63203744878959,-0.03016078936678794,-0.06048452158171132,-0.04843152320436452
1778454665842430618,0.42462588534694523,-0.8206982935548585,10.193340433516187,-0.06084040512450076,0.12454764989925002,-0.0557946309862156
1778454665862896418,-0.6427591068528831,-0.70866943816568,6.752625231710003,-0.08313425924177208,-0.1293432147268001,0.08758143998816233
1778454665883408940,1.2745728887937051,1.6682309241707933,8.34294875886278,0.021244611258357547,0.006806102313538814,0.033858023950211875
1778454665903890165,-0.5416367477225776,-1.0374706495536377,12.497696771535946,-0.12608572130257,0.10320827271666311,-0.0036392841981038
1778454665924243520,-0.6103471858618239,-0.3377152715370355,10.59998780396186,0.09569381216374066,0.007624225400411154,-0.11954005483835224
1778454665944649913,1.1090046950247638,2.0054735108798827,10.040294919944472,-0.0382056663876993,-0.25383427777920814,0.04831153181828991
1778454665965088601,0.9976305431172893,-0.023228272074195866,8.879429372540827,-0.05047751269078443,0.15672715798289547,-0.08238363130956672
1778454665985629605,0.2713835032850608,-1.0737024271970108,8.971489019739332,-0.1204952135422757,0.014850979334450176,0.007405377474672818
1778454666006141645,1.116838581477228,-1.6279875739598972,12.006365773001354,0.07155918110100658,-0.028236836574159836,-0.015229361262128644
1778454666026624722,0.2261905806862188,0.4909355686328751,8.190723563829494,0.030039434442235224,0.06612002611178361,-0.07024813885429364
1778454666047013466,-3.721251516602825,0.1185776129814361,12.681762513260392,-0.06956705138447242,-0.121911930021043,0.007269023626860761
1778454666067499118,0.37994017730675544,-1.3379197788265882,8.908182955056093,-0.019047950770105293,0.049962095146054854,-0.014615768946974387
1778454666087936417,-1.0145069944238512,-0.6112915850074648,8.872029137467829,0.08935335824048002,-0.12000297615167418,0.022267946886187027
1778454666108385847,1.236666955798033,-0.4952649217838198,7.889806025666895,0.11826037397663611,-0.017873944140443503,0.01858639299526149
1778454666128896257,-0.5976072201482456,-1.2131502487143677,8.17813277172177,-0.018093473835420898,-0.1358200224978728,0.024176900755555827
1778454666149295798,-1.1525356762265135,-0.09291431035167508,10.468448367176109,0.0924213198162513,0.10014031114089181,-0.10085957768810044
1778454666169705468,0.5880766968388399,-0.3444358122659156,9.975967596091003,0.06699132719930267,0.07266501080676235,-0.037114153835963795
1778454666190189582,0.559198685217659,-0.09786258262018666,9.981826591113776,-0.02388851236743332,0.050234802841678965,-0.041954715433291816
1778454666210646030,0.028870489050496217,-0.7988455654359511,8.577136802536192,0.09617105063108286,-0.008533705565317597,-0.007934430404183594
1778454666231148422,0.18215042188587224,1.2781806933653097,7.113070556848556,-0.07733922070975965,-0.095595637393316,0.0022239312578146513
1778454666251618592,0.13687135439684464,-0.8921179303640756,9.858277520335427,-0.0015264813262559698,0.05316641056963819,-0.022183407500543553
1778454666272034688,0.038818896964467914,0.4322978531852431,9.724920165269937,0.05301505779856683,-0.06962022938511914,0.03317625471115159
1778454666292511673,1.6102190652994754,-0.5662411000633596,11.5881854910703,-0.30041411573028487,0.030531671832836733,-0.021569815185389297
1778454666312927158,2.151767237713437,1.1210183909191203,9.769480455794884,0.05137881162482214,0.1254339499100284,-0.10174587769887881
1778454666333332587,0.7154888601795616,0.2764375345801056,8.575485382970246,0.01892659584555258,-0.18306663076475055,0.14410010990625996
1778454666353735776,-0.2271499133418674,-0.008947907872288663,8.52118533882152,-0.00970771219497939,0.21597290485723425,-0.05858988486636277
1778454666374206316,0.20044314176305142,0.25183618430180105,9.298891681877532,-0.11326845960823669,0.05030297976558499,-0.002412099567795287
1778454666394807023,1.3849955112279324,-0.16517231865195753,10.61581716809987,0.05471948089621754,-0.034100052030078286,0.025131377690240226
1778454666415082637,2.0027499988844584,-0.08722288450355892,8.476806445944868,-0.13951657531205763,0.09570881108699997,0.030517354678816475
1778454666435591622,-0.48176186570256796,0.002961267236659626,6.291007699041741,0.003859495662320281,-0.05823468309281238,-0.10454113157902598
1778454666455996292,-1.3931436587721941,-0.21882556454476998,10.79485743738555,-0.1479705138764052,-0.027350536563381465,-0.035682438433937196
1778454666476534036,1.2475747517483557,-1.0343692763916659,9.258564673018565,-0.027433712410546797,0.08752758021827656,-0.04147747696594962
1778454666497236873,-0.013951222732153268,0.27121628431639594,9.914097323077408,0.12037385861772298,-0.017737590292631444,0.03658510090645301
1778454666517575006,1.0777742053122359,-3.5958485844167845,4.298469663997751,0.05901462710229734,0.1518184194616614,0.060106139654032845
1778454666538024287,1.0863902608496199,-1.5528899101373688,10.851165775295712,-0.07058970524306284,0.06482466455756908,-0.042500130824540044
1778454666558432235,0.21560323420091385,-1.5096926604591283,10.662525996530407,-0.014616450716213442,-0.07077923709152162,-0.04952235398686098
1778454666578886738,0.4697162358419259,0.05180672420666671,9.086787560393342,0.005495741836064966,-0.05584849075610138,-0.02770573833693186
1778454666599313316,-1.5998913391830543,1.0251190738387104,9.843716770453401,0.1111017969665031,-0.04671278295269356,0.09514907854173149
1778454666619766541,1.2982106421219817,-0.1752149839931998,6.550528353919561,-0.13924386761643354,0.1854978198712395,-0.10563196236152243
1778454666641019045,0.18769926532008332,-0.1403321940558706,9.099904310193264,0.1710974900038082,-0.05284870610423612,-0.14537910899873704
1778454666660635900,0.6639496941259456,0.23473129702014622,9.306116341961252,-0.11933620583587322,-0.11625324533684261,-0.024160538293818378
1778454666681548533,0.5944933483911139,-0.3124641837088317,9.687037187332738,-0.0065715736953020805,-0.024282574987610182,0.0217225314949388
1778454666702016888,-0.3893163913263519,1.683401316787992,10.30481592917648,0.035561765278623536,-0.060893583125147484,-0.055112861747155316
1778454666722411613,1.3204453555623936,-1.3260771337187114,6.653317688850369,0.035561765278623536,0.15999965033038485,-0.09506453915608802
1778454666742926432,-1.2944306800712055,4.917843119174788,10.777892020391464,0.009790888042144761,0.03271333339782965,0.07810484756522437
1778454666763375990,-0.16354774214750717,4.736500793451068,11.713115301380954,-0.014002858401059186,-0.003079551652835317,0.08717237844472615
1778454666783870364,0.12782198432247996,2.8432699893010724,8.671050896313714,0.09828453527216975,-0.04221310597489568,0.14389557913454187
1778454666804263405,0.3729515106795154,2.630287702220151,7.950322608159005,0.01892659584555258,-0.025850644237448837,0.1057165017471659
1778454666824716426,1.6375253736671218,2.0180720479830847,8.919133401062822,-0.023343096976185092,0.015191863953980318,0.1451909406887564
1778454666845094337,0.6761246085121394,2.7953415840996527,9.461324522580773,-0.0405918587244103,-0.0007615362400303499,0.0860815476622297
1778454666865571266,-0.27467976174142217,0.7855033689378985,9.101413986280445,0.0059048033795011355,0.010555833128370384,0.004064708203277421
1778454666886066418,0.3420389067153673,-0.10765115941735459,9.078195543159604,-0.00841235064076485,0.023509448670515798,0.05172037801359134
1778454666906446143,0.35557116424924073,-0.4538089334924629,9.13479627095484,-0.004458089054215197,-0.0023977824137750327,0.02485866999461611
1778454666926958573,0.2544733782651113,-0.3573053636530028,9.23478579918169,-0.0031627275000006526,0.004079025357297671,0.005291892833585934
1778454666947491946,0.2749643339069969,0.04839888660107494,9.311565010797127,0.002359603336387654,-0.0032840824245534035,-0.0007758533940506024
1778454666967894746,0.31101308335318134,-0.09171012411314378,9.34379567296404,-0.0001629428481353997,0.00237460225964696,0.0015421620187543662
1778454666988377509,0.2820243694830198,-0.10727706654803221,9.325421486523682,-0.0053443890649935676,0.0033972561182373864,-0.00016226107889634597
1778454667008772086,0.2795829808808331,-0.15032987819200302,9.306357693782555,-0.0017310120979740565,0.0027154868791771022,0.0009967466275061384
1778454667029196182,0.2939122338426563,-0.11440805897976619,9.314841535626346,-0.004321735206403138,-0.0012387747073725475,0.0024284620295327367
1778454667049636241,0.27735529832181505,-0.13123200241925154,9.325435562924444,-0.002549135184846396,0.002579133031365047,-0.0005713226223325175
1778454667070162855,0.28910021001123354,-0.10006290798775885,9.319510791569524,-0.0009810659350077428,-0.001852367022526804,0.001337631247036281
1778454667090573359,0.27830678570016343,-0.13357324690292285,9.307476466194915,-0.001458304402349942,0.0034654330421434176,0.00011044661672776797
1778454667111046343,0.2701764265176455,-0.10732989786597746,9.33602791464289,-0.004117204434685055,-1.1590077064034532e-05,-0.0011167380135807454
1778454667131427106,0.28673069371437454,-0.11203355602250409,9.317119634073702,-0.002276427489222285,0.0012837714771505027,-0.0007758533940506024
1778454667151822313,0.2796556106374586,-0.12881591639771978,9.319468338446052,-0.0005720043915715713,0.0013519484010565339,0.0021557543339086227
1778454667172237631,0.2867398176190876,-0.11681936190519138,9.31593818770685,-0.0007083582393836284,0.0014883022488685893,0.002360285105626708
1778454667192666523,0.2819768390866402,-0.11444384054555046,9.319452474505045,-0.0007765351632896562,-0.00014794392487608998,-0.0012530918613928017
1778454667213126138,0.2758475452587693,-0.11682223974068037,9.309775791204006,-0.0005720043915715713,5.6586846841989724e-05,-0.0005031456984264889
1778454667233542826,0.27345655336218366,-0.10606457227070154,9.314495376260862,-0.000640181315477599,-0.00021612084878212118,0.000792215855788053
1778454667254038570,0.2712895103458567,-0.10731063393741092,9.330050970653753,-0.0012537736306318555,-0.0005570054683122633,-0.0013212687852988303
1778454667274433407,0.2737379139948328,-0.1252555351075011,9.326556960666874,-0.0015946582501619976,5.6586846841989724e-05,0.0017466927904724518
1778454667294941040,0.28092535023752707,-0.11925914020810072,9.327845265671636,-0.0037081428912488813,0.0015564791727746205,-0.00029861492670840315
1778454667315223858,0.28314657721594405,-0.11204360850215295,9.318263096167692,0.0010642417821731132,0.0008065330098083051,0.00017862354063379613
1778454667335702861,0.29167694228152086,-0.10966078095421189,9.327976869971472,-0.002276427489222285,-0.00035247469659417663,-0.0009803841657686882
1778454667356143161,0.2782111654412157,-0.11322248956259753,9.308600545247709,0.0007233571626429694,0.000465648390278163,-0.002889338035137486
1778454667376634368,0.2808137545230466,-0.11804137654722774,9.320646265712714,0.0005188263909248845,0.000465648390278163,0.0005876850840699673
1778454667397079408,0.2711587113855429,-0.11206916021664065,9.319276741502087,-0.0007765351632896562,0.0012837714771505027,0.0021557543339086227
1778454667417593245,0.28567749197755654,-0.1228285555755893,9.323136293895647,0.0005188263909248845,-0.004579443978767944,0.0019512235621905374
1778454667438060322,0.2821732182676503,-0.13720625555459637,9.324332710433385,-0.0024809582609403684,-0.0008297131639363811,-0.001184914937486774
1778454667458479807,0.2820135326906018,-0.1084709605558799,9.324226801545892,-0.0004356505437595141,-0.0006933593161243187,-0.0005031456984264889
1778454667479122181,0.28184034199702324,-0.1024571611610231,9.314611954409518,-0.002276427489222285,-0.0004206516205002078,0.0012694543231302523
1778454667499404666,0.2853795964231862,-0.08808628108288041,9.315813733567987,-0.0020718967175041986,0.0030563714987072443,0.003928354355465364
1778454667519804132,0.2843737270976384,-0.11683061015886687,9.318299292900312,-0.001867365945786112,0.0021018945640228492,-0.0011167380135807454
1778454667540264543,0.28789206539026313,-0.11441571991136174,9.313549711521393,-0.0028900198043765417,0.0017610099444927071,0.0012012773992242237
1778454667560781787,0.2855409948879396,-0.110841876191062,9.31829577380012,-0.0024809582609403684,0.0006701791619962497,4.2269692821739376e-05
1778454667581295068,0.27972234427967146,-0.11567285246009892,9.329012579657432,0.0008597110104550266,-0.0021250747181509183,0.0008603927796940812
1778454667601559738,0.2795341335669672,-0.11324414503921731,9.31701277543579,0.0003142956192067996,0.001420125324962565,-0.003911991893727913
1778454667621965297,0.28293003935269345,-0.11080538513868682,9.303869509120162,-0.0010492428589137705,0.0010110637815263918,-0.0017303303287350019
1778454667642399615,0.28463950824497364,-0.10492235963427987,9.341038023311121,-0.0002992966959474569,-0.00028429777268815237,0.0022921081817206795
1778454667662855137,0.29167694228152086,-0.10966078095421189,9.327976869971472,-0.0017310120979740565,0.0007383560859022739,0.0009285697036001098
1778454667683317788,0.29018819447919897,-0.11439083185595753,9.306392214935522,-0.0004356505437595141,-0.0006933593161243187,-0.0015939764809229447
1778454667703704125,0.2782695326300134,-0.10486182155723167,9.315764242244136,-0.0045262659781212244,0.001420125324962565,0.001337631247036281
1778454667724195721,0.2902357248755786,-0.1072240578584393,9.31236122695416,-0.0005038274676655435,0.0008747099337143363,-0.0019348611004530868
1778454667744642779,0.2855858569602072,-0.1252027037895559,9.315950532547665,-0.0017310120979740565,0.001079240705432423,-0.0010485610896747168
1778454667765100875,0.2856567738291277,-0.10966844188580743,9.326685045866519,-0.0032309044239066838,0.00019294069465405211,0.0016103389426603948
1778454667785503768,0.27603328563247087,-0.11566244523715463,9.32296145466281,-0.0033672582717187392,0.005578917683230301,0.0003831543123518819
1778454667805982771,0.28930838142106885,-0.10608352728347997,9.3315238344021,-0.0029581967282825694,-0.0011705977834665197,0.0003831543123518819
1778454667826518367,0.2783377811748219,-0.1108551612494953,9.318184502291897,-0.0024127813370343407,0.0010110637815263918,-0.0022757457199832297
1778454667846857889,0.2822665661727046,-0.12885240745009494,9.333894603126012,0.0012005956299851704,0.0007383560859022739,0.0006558620079759958
1778454667867252392,0.27483103712591295,-0.12164435930409506,9.320566778066798,-0.000640181315477599,0.00032929454246610756,-0.00023043800280237456
1778454667887721006,0.27734960019251187,-0.11448679675549453,9.331369271980579,-0.0004356505437595141,0.002579133031365047,-0.0011167380135807454
1778454667908197454,0.27956246071751356,-0.1120536609818018,9.319406558261681,0.0010642417821731132,0.004147202281203702,-0.0011167380135807454
1778454667928565902,0.27592929892010787,-0.1000940838290843,9.32170498950065,-0.0010492428589137705,-0.001988720870338863,0.0019512235621905374
1778454667948977294,0.28789377827796814,-0.1084360200208268,9.315925842866037,-0.0016628351740680287,0.0016246560966806448,0.0020875774100025946
1778454667969437853,0.2796982003558328,-0.11447213855138691,9.327809068939017,-0.003571789043436826,-0.0013751285551846064,0.0011331004753181951
1778454667989926393,0.28550943994709277,-0.09887565650912783,9.320649840793202,0.0012687725538911981,-0.0009660670117484366,-0.0009122072418626596
1778454668010297230,0.2688559287308968,-0.110896744313765,9.326429825217645,-0.0024127813370343407,5.6586846841989724e-05,0.002360285105626708
1778454668030732548,0.2868548391089779,-0.10607772578499453,9.327889450355054,-0.000640181315477599,-0.0005570054683122633,0.0021557543339086227
1778454668051234422,0.27819861576109284,-0.1203960834609801,9.305029728925279,-0.00023111977204142917,0.0016246560966806448,0.002769346649062879
1778454668071659518,0.27487856752229256,-0.11447758530657687,9.326535790085433,-0.0028900198043765417,0.00237460225964696,-0.0016621534048289733
1778454668092129299,0.2880686818592516,-0.10847011952514868,9.327916821347051,-0.0012537736306318555,-0.0006251823922182945,-0.0007076764701445738
1778454668112513635,0.2806013998865037,-0.11441195521763411,9.307442950772659,-0.0016628351740680287,-1.1590077064034532e-05,-0.00029861492670840315
1778454668132980453,0.2820218991440171,-0.10368856462362486,9.326607345760847,-2.658900032334252e-05,0.0009428868576203606,-0.0011167380135807454
1778454668153374901,0.2890484963881462,-0.10962087995140457,9.312351507443413,-0.0002992966959474569,0.0031245484226132755,-0.0017303303287350019
1778454668173834553,0.28920001349688895,-0.1180224673619567,9.319576984624206,-0.0027536659565644828,0.0005338253141841942,-0.002889338035137486
1778454668194280482,0.2759709332020749,-0.1012982076882285,9.324107598067165,-0.002003719793598171,-0.0006251823922182945,-0.001525799557016916
1778454668214722337,0.28209433091553326,-0.10729070634976096,9.330217877916088,-0.005003504445463422,0.0010110637815263918,-0.002412099567795287
1778454668235196840,0.27946341468315605,-0.10366230342254629,9.315778374625193,-0.0029581967282825694,0.0006020022380902185,0.000792215855788053
1778454668255576158,0.2783353108358192,-0.10726665932508794,9.319370361529062,-0.0024127813370343407,0.0018291868683987314,-0.0010485610896747168
1778454668276077199,0.2784843576055591,-0.11207974481123267,9.327781697947023,-0.0038444967390609402,0.0015564791727746205,-0.00043496877452046034
1778454668296507424,0.29281911071157607,-0.11801923478317222,9.32083171822642,-0.001458304402349942,0.0010110637815263918,0.001337631247036281
1778454668316904798,0.2760100971450393,-0.09891382962296541,9.327696065870846,-0.0012537736306318555,5.6586846841989724e-05,-2.5907231084289217e-05
1778454668337379894,0.27837200443978083,-0.10129377933541744,9.324144688569907,-0.0009810659350077428,0.001079240705432423,-0.0009122072418626596
1778454668357807138,0.2736038872442186,-0.1168573576473812,9.32053058133418,-0.0024127813370343407,0.0016246560966806448,0.0009967466275061384
1778454668378324697,0.2842229674401936,-0.11799722456325698,9.307511825137707,-0.00036747361985348635,0.0015564791727746205,-0.000844030317956631
1778454668398791219,0.27850925898069556,-0.12284866053488702,9.32542321808363,-0.0013219505545378832,0.0012837714771505027,0.0008603927796940812
1778454668419210926,0.29541162045228675,-0.13360021759059235,9.32812076313183,-0.002276427489222285,-0.001102420859560492,0.003314762040311107
1778454668439677873,0.28209090514012336,-0.11925010613083081,9.325465615226804,-0.0008447120871956856,-0.00021612084878212118,-0.0005713226223325175
1778454668460065080,0.27962501113301885,-0.10130179501030845,9.327760527365582,-0.0028218428804705105,0.0008065330098083051,0.0007240389318820244
1778454668480531695,0.28694133546321254,-0.1216426772426327,9.327946817669112,-0.002549135184846396,5.6586846841989724e-05,-0.00029861492670840315
1778454668500971105,0.279643258942445,-0.11087340677568286,9.325397634631878,-0.0027536659565644828,0.0030563714987072443,-0.00023043800280237456
1778454668521525257,0.2807546298829512,-0.11683384273765135,9.317044559298099,-0.00036747361985348635,-0.0021932516420569495,-0.000844030317956631
1778454668541989094,0.28942224948944273,-0.1360058963891798,9.328036862615601,-0.002003719793598171,0.001079240705432423,0.00011044661672776797
1778454668562393801,0.28578833024073924,-0.11447811742152006,9.333897284436377,0.0007915340865489989,0.0008065330098083051,-0.0026848072634194004
1778454668582898415,0.26882513124134766,-0.10849872644677316,9.32522190162892,0.000927887934361056,0.0009428868576203606,-0.0011167380135807454
1778454668603331122,0.29646577762551196,-0.10725731633202995,9.32804222523633,-2.658900032334252e-05,-0.00035247469659417663,-0.0019348611004530868
1778454668623813514,0.28787951571014025,-0.12158931380974428,9.30997889519896,-0.0015946582501619976,-0.0008297131639363811,0.0012694543231302523
1778454668644225166,0.28782800007216225,-0.10603118225297054,9.312319723581107,-0.0009810659350077428,-0.0017160131747147485,-0.004184699589352027
1778454668664680299,0.2833781350983202,-0.10969673989164386,9.335041640300489,-0.0005720043915715713,0.001420125324962565,-0.0017985072526410305
1778454668685161339,0.28078048669449485,-0.11205485675582844,9.320624201361154,-0.002208250565316254,0.0003974714663721318,0.0002468004645398247
1778454668705597009,0.28324068257229607,-0.11325796221259377,9.324262998278511,-0.0007083582393836284,0.00019294069465405211,0.0026329928012508224
1778454668726099012,0.28297414397366316,-0.11559801092223845,9.305086258449512,0.0003142956192067996,0.00012476377074802092,-0.0024802764917013147
1778454668746601293,0.2950585854994192,-0.12037531484259892,9.30888665598877,-0.0004356505437595141,-0.0036249670440835456,0.0022921081817206795
1778454668766940389,0.2843320928156714,-0.11562648629972261,9.315896684333797,-0.0024127813370343407,0.0006020022380902185,-0.0023439226438892583
1778454668787436429,0.2762789080975656,-0.1252783863581475,9.336186833954427,-0.004117204434685055,0.0007383560859022739,-0.002071214948265144
1778454668807850118,0.2722210370270739,-0.10605996654624272,9.312078635313288,-0.0011174197828198,0.0011474176293384472,-0.00016226107889634597
1778454668828339158,0.2905587197901949,-0.12761914455438306,9.326825419926685,-0.0007083582393836284,0.0021018945640228492,0.0015421620187543662
1778454668849208532,0.27572778107598295,-0.09527076849164301,9.309696359538385,-0.0024809582609403684,0.0021018945640228492,-0.00029861492670840315
1778454668869186239,0.2854385230781722,-0.11440991841287626,9.309915327474345,-0.0008447120871956856,-0.0008297131639363811,-0.0018666841765470582
1778454668889664927,-0.5793089804487255,0.6614561785813451,9.153497071683882,0.024653457453658975,0.0068742792374448455,0.009996100583101901
1778454668910065690,-0.3506745310918966,0.21208911831159144,9.435574372465982,-0.016593581509488267,0.009533179269779951,0.05165220108968531
1778454668930484193,-2.16349148145322,-0.813365936987151,8.856198833845067,0.0768769811656768,-0.049576213756746756,0.027722100798669307
1778454668950897530,-0.329417010033741,0.35997134367872313,7.984804060874928,-0.06493102055886248,0.003874494585579591,0.03358531625458776
1778454668971423200,0.6700307489092168,2.138489658630668,8.877374208279436,-0.06861257444978801,0.08336878786000881,0.08676331690129
1778454668991921851,0.7672256191573956,3.513185087712473,10.959866230091212,-0.1681508833525896,0.17240785048128202,0.0090416236484175
1778454669012314966,-3.7079387087014566,-2.0654150936661053,9.39308816469916,0.1027160353260616,-0.24735747000813543,-0.002616630339513372
1778454669032746025,-1.9810383223925663,3.8621812244782148,11.03482062705363,-0.3320482084226821,0.3952782147300892,-0.231418386968145
1778454669053123398,0.1314802095903033,3.3229960977830273,12.563132529562125,0.14587202815857764,0.0991176572823014,-0.008684376567149907
1778454669073615883,-1.2805968179476217,0.04180315245810229,7.249562957494919,-0.028865427812573397,-0.010919897902028596,-0.12029000100131856
1778454669093972831,-1.358467213011986,2.5334696780208494,10.507360496960205,-0.07761192840538378,0.04157633350561334,-0.24750814100996774
1778454669114369093,-0.6512501205105236,1.932999557471873,12.439754737707965,-0.03513770481192802,-0.04146315981192936,-0.14899248596575657
1778454669134829430,1.1217146820384174,3.1381397412291183,8.374856007690905,-0.1097232595651232,-0.04364482137692227,-0.26366607197569647
1778454669155345526,-2.224835347575036,0.8149886046768546,8.391441645563885,0.13107763567096947,-0.004715797826580003,-0.3812712657135956
1778454669175757585,-0.42066558983060554,-0.9930128219182166,10.437443962623902,0.14778098202794643,-0.11598053764121852,-0.22146455607786486
1778454669196120458,1.5317692657250803,1.9845586689243644,6.34376327945119,0.28222587597063464,-0.1120944529785749,-0.05702181561652411
1778454669216555999,-2.8421424758869756,-3.2928986580030895,15.052511653128287,-0.16324214483135557,0.020509664018650543,-0.1581963706930704
1778454669236974206,0.9631097658571363,-3.580614830944863,11.427196042647225,0.015108688106814983,-0.018828421075127902,-0.14128849356437534
1778454669257405246,2.741658547537506,0.27799666558421793,6.029339599620318,0.11307892775977793,0.06427924916632083,0.006246369768270333
1778454669277868175,2.6202207647282947,-0.45999553968558704,9.44314659161528,0.053492296265909026,-0.11079909142436034,-0.04325007698750636
1778454669298219734,-2.823860291755827,-2.361154426791145,10.810429290688583,0.05826468093933102,-0.012760674847491365,-0.05756723100777234
1778454669318715552,2.3622240885588233,4.243149013918494,10.89437429497725,-0.2682346076466394,0.26621929777597725,-0.18287641714705272
1778454669339243185,-0.9432838212291945,1.2695063062499117,6.891910589861679,0.03610718066987176,-0.04596283678972724,-0.021637992109295325
1778454669359546244,2.6205580617648936,-1.1099655198627487,9.385550797286985,-0.038819258702853555,-0.2503572546600007,0.03569880089567464
1778454669380053673,-2.1837740677850213,0.13215520684576165,9.798346956677063,0.16318896683070888,-0.07302907558042056,0.022063416114468944
1778454669402030176,-1.534554590283332,0.11862507656159849,11.184668713848682,-0.08217978230708768,-0.05789379847328223,0.048379708742195944
1778454669422367495,-1.0512475235625078,-1.2414391177697652,10.643181090743376,0.24268326010513813,-0.08925518347005534,0.08662696305347793
1778454669442737090,-1.3795424020292004,1.031525809984927,7.340376266736578,-0.17374139111288395,-0.009420005576095968,0.07967291681506303
1778454669463182001,2.5301210630428916,0.2387026404704647,7.065584767524731,-0.03295604324693511,0.08991377255498756,0.10230765555186448
1778454669483714801,2.135231784963362,0.04389266200941194,11.68761033758499,0.12705519716051378,-0.11659412995637278,0.044084562536116145
1778454669504108508,-0.9469694498889374,0.7118507796564386,10.959043672811172,0.07619521192661652,0.014850979334450176,0.11771564035462692
1778454669524559085,0.6591878421658282,-1.627467951972215,8.605445269651934,-0.08565680542629514,0.027327356409253392,0.11642027880041238
1778454669545327570,0.838709771032521,1.8568089673428545,6.178865356509731,0.1569848667552603,0.12488853451878015,0.0635831627732403
1778454669565742332,1.7282282467950398,2.1635345466473064,8.773756035893554,-0.0575679127770114,0.1462960886252731,-0.12935753188082036
1778454669586237688,0.6402577390149283,1.1554455969768231,13.464722458006323,0.22529814450910085,-0.013646974858269736,0.14894067150358797
1778454669606679506,3.7993682033889367,-1.5152954547902242,4.546429065455136,0.2677041911786506,-0.15484138426765476,0.20723194144324233
1778454669627101176,-1.6262007279842856,0.3437551565083162,8.192596686353344,-0.09411074399064268,0.31742016762940467,-0.0816336851466004
1778454669647488957,0.7586900667165393,-1.4237722393801462,6.532299301234053,0.12289640480224603,-0.4053915796223095,0.05540193190451688
1778454669667969867,4.718038452662673,1.5766806776843807,8.299390014714307,0.08301290431721936,0.021191433257710827,-0.13269820115221576
1778454669691165112,-0.6558410888404819,-1.5697715858254213,15.167609633776769,0.20627678273931888,0.015805456269134578,-0.02784209218474392
1778454669709690096,-0.558535817811886,0.20488901193344172,5.1346352175309224,0.006109334151219222,-0.19970180019782152,-0.058794415638080855
1778454669730143692,1.5881571258716063,-0.7595299206291823,2.999028898185694,0.006518395694655392,-0.18620276926442786,-0.06213508490947625
1778454669750607844,0.45106217964597706,1.6043455322659117,10.452355135931434,-0.1647420371572882,0.46215977708190314,-0.22466887150144818
1778454669771324514,-0.8812463261917174,-0.1083404991843166,13.10049951907288,0.1127380431402478,-0.04937168298502867,-0.23291827929407763
1778454669791711072,-1.6697313713857898,1.3984949931892434,11.946413001218444,-0.06411289747199013,-0.07466532175416524,-0.1517195629219977
1778454669812147039,1.7819048558683996,1.2582955226952326,7.585023034424814,0.11328345853149602,-0.3833704332006623,-0.17578601706082575
1778454669832609468,-6.690254117640242,-0.24637706178074792,6.481276514117684,-0.009094119879825134,0.037690248842969724,-0.02095622287023504
1778454669852992527,-0.7740784235720769,-0.6027170713225183,10.630779445510461,0.14709921278888616,-0.09566381431722201,0.077218547554446
1778454669874111030,3.0273419686225624,1.6077975798037472,7.19181839543661,0.012177080378855757,-0.05080339838705526,-0.006843599621687138
1778454669893945367,4.91332530530441,0.6416500267293157,9.239651016310132,0.10762477384729566,-0.2042014771756194,-0.07427057736474932
1778454669914513296,4.111381103662432,2.778452686767355,5.093243452636658,-0.2322371918242564,0.23690322049638501,-0.2366680101089092
1778454669934884669,3.921498953512066,-0.5704892073240948,15.838954087453013,-0.021775027726346437,0.10211744193416664,-0.11879010867538593
1778454669955390488,2.4493219627879106,-0.03337026494960066,6.277693858792614,0.052060580863882426,0.031145264147990993,-0.0811564466792582
1778454669975861732,0.511489875352616,0.6646721568876028,6.666017722388173,-0.02470663545430566,0.10934419586820568,-0.001525799557016916
1778454669996272716,-1.3842658609646745,-1.1052752919850324,6.785750945594938,-0.09192908242564976,0.0187370639970938,0.08376353224942473
1778454670016769923,-4.282548688775461,3.0991535345924635,9.224156497225446,0.02301721127991429,0.23608509740951267,-0.18342183253830094
1778454670037186093,-1.0728897904552543,-1.7422899581497557,12.428486716470236,-0.14592520615922433,-0.027418713487287492,-0.0421592462050099
1778454670057882967,-1.6113203489893733,-2.352555166897259,14.867945734455287,-0.07093058986259299,0.018532533225375715,0.017836446832295176
1778454670078161563,0.6403438605626398,2.1129596604249246,7.324541545237451,-0.15710622167981303,0.19415628920730513,-0.13031200881550475
1778454670098585307,0.45393776750919634,-0.10510178235156142,9.097897893517963,0.12221463556318575,-0.18408928462334098,-0.003298399578573657
1778454670119058810,-3.3597796639148823,-1.8647310870084346,11.451316801668062,-0.07836187456835009,-0.18647547696005198,-0.09138298526516248
1778454670139766350,1.9237510844659702,0.6076278714801726,6.6125229623365405,0.002700487955917796,-0.33141961718426854,-0.12083541639256679
1778454670160401835,2.627346324623651,0.5343265022078949,14.67370484843101,0.18718724404563092,0.11527558824803014,0.02997193928756825
1778454670180770727,-3.740751928354338,-2.3584187919574853,9.25457324575886,0.010881718824641217,-0.1073220683051529,0.005291892833585934
1778454670201183675,4.44562087648794,-1.8675430521880447,2.5532652105418205,-0.13474419063863563,-0.000488828544406239,0.011632346756846584
1778454670221661345,-0.5833701356676884,-0.7420709826463823,9.250795492228535,-0.13378971370395126,0.1981787277177608,0.08137733991271373
1778454670242163348,4.8533986436926915,3.1211366739969884,11.74731134334046,0.06630955796024238,0.3663030220700271,-0.03990940771611096
1778454670262659555,0.7810366123940612,-2.0315959026352077,8.90728811525602,0.006313864922937307,-0.09811818357783905,-0.022865176739603837
1778454670283130892,-2.532964476601079,-0.21269112234023713,10.827570668111594,-0.1625603755922953,0.16988530429675897,0.06399222431667648
1778454670303607747,0.3811514730997938,0.23841725724570423,9.50433245698298,0.06051451942822996,-0.1442057841383143,0.11389773261588933
1778454670324036528,0.44800424582403797,0.0823518801717133,7.608202830537205,0.09964807375029032,-0.08352832186194895,-0.0182291459139939
1778454670344443365,1.4157045219118702,-0.42421100301359294,13.28458822088052,0.13046404335581518,-0.41336827971931484,0.02622220847273668
1778454670364981109,6.2930276659380615,2.361309046198866,8.36406293848439,0.013676972704788385,0.08582315712062585,-0.20994265593774603
1778454670385368723,0.9918973832230823,-1.3707795223697896,13.249078091789125,0.13694085112688792,0.006737925389632783,-0.06683929265899222
1778454670405910430,-3.112043439755465,-2.475339757431377,9.523654372952095,0.15718939752697836,-0.1310476378244508,-0.010797861208236791
1778454670426266155,0.8898443847226548,-1.4308817780300305,3.256790807162878,-0.13160805213895832,-0.06416607547263685,0.03685780860207713
1778454670446803270,-1.8502590950879096,-1.2262886130715753,3.5901364216587153,-0.264825761451338,-0.05598484460391343,0.10953440948590351
1778454670467386569,0.8949593500144034,5.5721855683895365,13.254954781430227,-0.1016102056203058,0.4926348620678979,-0.13263002422830972
1778454670487717980,-2.466989220442349,-0.3268296625147303,12.676375471278421,-0.032274274007874824,0.1495685809727625,0.03876676247144593
1778454670508550317,6.271864305996041,-0.16513950811733316,10.899933166337199,-0.044887004930490096,0.16170407342803556,0.09010398617268538
1778454670528963561,2.861674984890567,0.8696130700134241,8.558564882057262,0.08076306582832042,-0.07664245254744007,0.013541300626215383
1778454670549413971,-4.375549472361245,-1.894104332159064,11.005350026684438,0.04933350390764129,-0.3082394630562189,-0.08667877751564651
1778454670569845493,2.5611933146730963,2.377927461883612,6.793426021520129,-0.1987623221863964,0.655373179431588,-0.27477891057237913
1778454670590847145,3.5603452448467965,-1.795612215220393,16.950283537771163,0.22727527530237568,-0.1197984453799561,-0.09472365453655787
1778454670611121778,-3.8326271269638124,-3.4727423468388814,6.564625621088058,0.17252920540583477,-0.4992030269170047,-0.014070353555726159
1778454670631413873,3.1071294796445743,-2.4756551723458844,3.2996132259733617,-0.13883480607299736,-0.28451389353692097,0.011086931365598357
1778454670651837562,-2.7338933551095623,-2.808117560976826,8.496118698544954,-0.11729089811869235,0.07593750315425171,0.10578467867107194
1778454670672230510,-1.8756021991025709,3.8203646317502877,12.324128185863412,-0.2843925386123682,0.3724389452215696,-0.11899463944710402
1778454670692642791,1.7800177373851902,-0.2495616473146537,11.910952093669303,0.04790178850561469,-0.07739239871040637,-0.11381319323024586
1778454670713152516,-3.1694101245053385,0.3954801101505225,12.931454630662511,-0.2314872456612901,0.18863395837091682,0.021518000723220715
1778454670733568760,0.4925911618739567,0.16235598129329526,9.380452860261126,0.04040232687595156,-0.060893583125147484,0.10776180946434677
1778454670754103949,1.3619707322285055,0.37164412573458655,5.449032708585124,0.009790888042144761,-0.19574753861127187,0.030517354678816475
1778454670774475304,-2.3907555905552047,-2.003430913298825,10.355489747039213,0.0962392275549889,-0.12675249161837102,-0.03690962306424571
1778454670795018789,-0.4411061325954556,2.4700894330183227,11.08401002513392,-0.054227243505616,0.38443808382903066,-0.17128634008302787
1778454670815480662,0.5728897409386785,-0.4384998975875021,11.451813109584995,0.21957128290099442,-0.21729144656557686,0.0036556466598412496
1778454670835918462,-1.9745843023598093,-1.1869490831744043,9.4059239998526,0.0539013578093452,-0.31730699393572065,0.026017677701018597
1778454670856401280,2.7859047270091986,-1.1971702157647155,8.591207845524313,-0.1814453835142652,0.13831938852826778,-0.054840154051531205
1778454670876808690,-3.067130268182793,2.757944960279655,6.262714411053551,-0.25896254599541957,0.0728013646545744,0.01756373913667106
1778454670897258879,-2.528292090630257,2.488164564211233,5.083986897019568,-0.14776598310468708,0.02125961018161686,-0.10726820853526711
1778454670917764549,0.866169613446169,1.5729029193455037,11.251300339744903,-0.010798542977475845,0.11684365749786879,-0.02279699981569781
1778454670938197885,4.244258243344089,-0.2755647064193312,11.329340871522575,-0.12233599048773848,0.064688310709757,0.06317410122980413
1778454670958672278,-2.7699591111401975,0.728240013634569,11.5577923621112,-0.047750435734543295,0.09127731103310813,0.05737906269779171
1778454670979773818,-0.46213376318074884,-0.945577039047806,4.314282740666077,0.10469316611933643,-0.1639770920710626,0.02254065458181114
1778454670999610766,0.9568070993076782,-3.025856548059984,11.698431508681304,0.11014732003181871,-0.0480081445069081,0.005564600529210048
1778454671020058065,4.8379483198358315,2.605245014373935,8.35028837057513,-0.04509153570220818,0.08868658792467904,-0.11708568557773522
1778454671040550476,1.8247895747706593,0.13676183282494114,12.0816839031377,0.13203211260565384,-0.10104979130579828,0.012382292919812897
1778454671060975998,-2.3886039029519504,-2.8752521548782486,10.42099976897367,0.1725973823297408,-0.14495573030128062,-0.02497866138069072
1778454671082023538,-0.5135462503556022,-1.1610843536276927,8.447779055244617,0.01210890345494973,0.13654678850671104,0.008087146713733102
1778454671102177282,-3.046326665788297,0.8612605853260205,5.0794400138556615,-0.22071529168413762,0.07341495696972866,0.07660495523929174
1778454671122580230,-2.3748218513578894,0.6894269056288276,3.6518577657294014,-0.3663412011474145,0.1051172265860319,-0.046522569334995725
1778454671143056900,2.3274112322875413,1.0864377362404365,12.33778405065709,0.009518180346520647,0.18358886600187072,-0.034864315347064856
1778454671163440884,-0.6517014057172111,-2.460096232708826,10.419973658163988,-0.0012537736306318555,-0.016033167194980734,-0.12342613950099587
1778454671183883962,0.38430565782208526,-1.3770284536163937,9.604902877525948,0.048583557744674974,-0.018214828759973645,0.04831153181828991
1778454671204434650,2.6732847128401054,-1.2217866485714588,9.584572694468978,0.10189791223918926,-0.004647620902673975,-0.053953854040752834
1778454671224883042,2.371671753740619,-1.4399320512638596,10.302383605074617,-0.021775027726346437,-0.06580232164638153,-0.011684161219015162
1778454671245264360,4.078894526772742,-1.6530363613294994,10.16889311565583,-0.03650124329004859,-0.004579443978767944,0.022199769962281
1778454671265784327,3.158289157724795,-1.7303447452772174,10.634470373546376,-0.038819258702853555,-0.06709768320059609,0.03563062397176862
1778454671286301552,3.061310005832802,-2.0434861234922215,9.544375805039879,-0.0007083582393836284,0.023441271746609767,0.01408671601746361
1778454671306745574,1.4298913991123137,-1.7279354396647384,8.658477196592461,-0.003094550576094625,-0.005602097837358374,0.03597150859129876
1778454671327222910,1.2807748222090385,-1.7200254511821083,8.724476727420745,0.006041157227313193,-0.004034028587519719,0.016063846810738434
1778454671347706895,1.502369078657091,-1.825489462394739,8.488517865264509,0.007950111096681992,-0.003215905500647376,0.04019847787347253
1778454671368182806,1.910568164493345,-1.8534148276065203,9.308922320224648,-0.0020718967175041986,0.005101679215888104,0.021518000723220715
1778454671388704068,0.45062550384087086,-0.9813506076466445,9.033867363584589,0.03310739601800651,-0.017260351825289247,0.02083623148416043
1778454671409074331,0.12778360361875155,-0.004592340715875498,9.322668187501401,0.01524504195462704,-0.005261213217828232,0.04285737790580763
1778454671429525408,0.08694127613568006,0.16540631274539547,9.302244001052212,0.005495741836064966,-0.004443090130955889,0.005700954377022105
1778454671449952356,0.3720417688541736,0.18758364654148757,9.27180450161784,0.003177726423259997,0.0013519484010565339,-0.013797645860102044
1778454671470480285,0.2562822967170608,-0.7726577384859994,9.61393574820486,0.011358957291983416,-0.004238559359237802,0.09985328629124746
1778454671490871788,0.5262822772525029,0.07056153308971247,9.681007786463145,-0.0036399659673428536,-0.00028429777268815237,-0.021637992109295325
1778454671511286625,0.09112059679489551,-0.038257099975359476,9.347397899887788,-0.0037081428912488813,0.003601786889955473,0.0002468004645398247
1778454671531703036,0.11632300638152185,-0.25444983138344857,9.183129121906427,-0.0017991890218800842,0.0003974714663721318,0.0035874697359352214
1778454671552179205,0.2789147580005761,-0.07724318748044917,9.288102040971987,-0.0017991890218800842,0.000465648390278163,-0.002412099567795287
1778454671572668579,0.23176383142213772,-0.16480996240060866,9.31406252310819,-0.0031627275000006526,0.0010110637815263918,0.0016785158665664232
1778454671593044045,0.1978277500524531,-0.11338106923306604,9.310955306950186,-0.002208250565316254,-0.0012387747073725475,-0.0017985072526410305
1778454671613548882,0.21574128300867654,-0.16236570991738078,9.286233358593412,0.0002461186953007701,0.0018291868683987314,0.0014058081709423095
1778454671633990052,0.22317605460417048,-0.16000555624843843,9.303123174234432,-0.0019355428696921397,0.0018291868683987314,-0.00016226107889634597
1778454671654419666,0.22676853755601625,-0.15521310783653453,9.304360256355396,0.0001779417713947424,0.0018973637923047626,-0.0031620457307615997
1778454671674861021,0.2196577163115457,-0.16242044649594353,9.307872755613353,-0.0021400736414102263,0.0011474176293384472,0.0018148697143784802
1778454671695274654,0.24114930615581734,-0.13484942018107135,9.310503269817042,-0.0013219505545378832,-0.0006933593161243187,-0.002957514959043515
1778454671715740380,0.2136109335963112,-0.15763889159441966,9.306563280027147,0.0012687725538911981,-0.00348861319627149,-0.0005031456984264889
1778454671736245327,0.2186195345938534,-0.16963035407505353,9.316274372520565,-0.0005720043915715713,-0.0008978900878424054,0.0014739850948483377
1778454671756674127,0.21705265689071215,-0.15401305758690592,9.29701289438551,-0.0012537736306318555,-0.0008978900878424054,0.0003149773884458533
1778454671777118001,0.22334848784645125,-0.15645115382835292,9.316300011952613,-0.0005720043915715713,5.6586846841989724e-05,0.002769346649062879
1778454671797620263,0.23400577654898355,-0.17075454438444274,9.300931601633376,-0.0015264813262559698,-0.0005570054683122633,0.0024966389534387652
1778454671818016988,0.22810481281318842,-0.15762937122971402,9.312781312284104,-0.0029581967282825694,0.001420125324962565,4.2269692821739376e-05
1778454671838515140,0.2062544898867459,-0.15523028913283574,9.296850399993486,-0.0005720043915715713,-0.001102420859560492,-0.00016226107889634597
1778454671858911476,0.22097821409829446,-0.1588536000481559,9.3174708450386,-0.0024127813370343407,-0.0022614285659629772,-0.0005031456984264889
1778454671879499461,0.23414151618730275,-0.17317302195402776,9.30933411231071,-0.001458304402349942,-1.1590077064034532e-05,-0.001525799557016916
1778454671899929594,0.21731576971393526,-0.16363240865833104,9.311437371525228,-0.0017310120979740565,-0.0016478362508087208,0.00017862354063379613
1778454671920379449,0.22206715400266694,-0.15763362221087737,9.310290390331046,-0.0009810659350077428,-0.0024659593376810604,0.0009967466275061384
1778454671940828749,0.22228197897821264,-0.1648515454648784,9.322307846033935,-0.0002992966959474569,-0.001102420859560492,0.0009967466275061384
1778454671961245863,0.21981512953470092,-0.16245113604983324,9.318664636246266,-0.0016628351740680287,0.003601786889955473,0.0022921081817206795
1778454671981667311,0.2135027636572406,-0.1444617281524769,9.30411654275751,-9.476592422937198e-05,-0.002329605489869005,0.0005195081601639387
1778454672002098666,0.19955431333264287,-0.15773366071993009,9.330322693972732,0.0016096571734213402,-0.0013751285551846064,-0.0012530918613928017
1778454672022575373,0.21981588698599872,-0.1720193378647755,9.31510264566446,-9.476592422937198e-05,0.0006701791619962497,-0.0014576226331108875
1778454672043083839,0.22105140332110837,-0.1720239435892343,9.317519386612032,-0.002276427489222285,0.00019294069465405211,0.00017862354063379613
1778454672063499842,0.2161502148113391,-0.163641442735601,9.31381702197006,-0.0011855967067258277,0.0005338253141841942,-0.004593761132788199
1778454672083912679,0.22568549376605637,-0.14806218781715066,9.315107114515069,-0.003980850586872996,-0.000488828544406239,-0.001525799557016916
1778454672104356478,0.21728154644897638,-0.1731937905724089,9.305477185247216,-0.0013901274784439144,0.001079240705432423,0.0009967466275061384
1778454672124795852,0.21608101083012346,-0.17319600474881447,9.305458639995846,-0.0031627275000006526,-0.0014433054790906341,4.2269692821739376e-05
1778454672145216429,0.22105805688681876,-0.17322124754751417,9.317523799482345,-0.000640181315477599,-0.0010342439356544608,0.00017862354063379613
1778454672165661914,0.21133133942909668,-0.17321509130573323,9.308981752534669,-0.0027536659565644828,-0.0017160131747147485,-0.0026848072634194004
1778454672186214954,0.217279274095083,-0.14448918512758216,9.316163156992639,-0.002685489032658455,-0.0009660670117484366,-0.002412099567795287
1778454672206658087,0.2242366673579966,-0.15997606246857535,9.29354893670099,0.0016778340973273697,0.00019294069465405211,-0.002071214948265144
1778454672227155702,0.2209607237401661,-0.15885019009772372,9.316271747190498,-0.001458304402349942,-0.000488828544406239,0.0003149773884458533
1778454672247605649,0.2241859091713165,-0.15398613272674386,9.292327774501329,-0.0019355428696921397,-0.00021612084878212118,0.0009967466275061384
1778454672267988171,0.21713935123005615,-0.14446190552412463,9.306570374207825,-0.00023111977204142917,-0.0028750208811172337,0.0012694543231302523
1778454672288515804,0.22449236916421153,-0.1588299077667783,9.311530991552205,0.0013369494777972259,0.0014883022488685893,0.002701169725156851
1778454672308908492,0.21143723701427394,-0.15768764930284923,9.322114461549727,-0.0028900198043765417,-0.0007615362400303499,-9.408415499031781e-05
1778454672329374199,0.22318860428429335,-0.15283196235005583,9.306693990556862,-0.002276427489222285,-0.0004206516205002078,-9.408415499031781e-05
1778454672349786499,0.21972616284146354,-0.14329768266778778,9.319793128169373,-0.0008447120871956856,0.001965540716210787,0.00017862354063379613
1778454672370289928,0.23750092635417672,-0.15159103852274844,9.30091663146249,-0.0032990813478127115,-0.0006933593161243187,0.0011331004753181951
1778454672390666783,0.2245106169736377,-0.16840151953215277,9.309168098818496,-0.00466261982593328,0.0006701791619962497,0.0003149773884458533
1778454672411101675,0.21728154644897638,-0.1731937905724089,9.305477185247216,-0.0024809582609403684,-0.0007615362400303499,-0.002207568796077201
1778454672431555752,0.21488884166468572,-0.16841582299296498,9.30782063895943,-0.003980850586872996,0.0006701791619962497,-0.001389445709204859
1778454672452012015,0.22240269859740616,-0.1708551150084386,9.328325399626006,-0.0013219505545378832,-0.0009660670117484366,-0.001525799557016916
1778454672472817000,0.22445738844795485,-0.15882308786591393,9.309132795856,-0.002685489032658455,-0.001579659326902693,0.0022921081817206795
1778454672492816558,0.21260279191687018,-0.1576786152255793,9.319734811104896,-0.0027536659565644828,0.0012155945532444784,-0.0022757457199832297
1778454672513304858,0.22913387062616766,-0.14563365776791679,9.305561141743743,-0.0011855967067258277,-0.0017160131747147485,-0.001184914937486774
1778454672533785380,0.21602702485314282,-0.15404937126763338,9.308985327615156,-0.0009128890111017134,-7.976700097006573e-05,0.003042054344686993
1778454672554205402,0.210160843848495,-0.16604712153418846,9.313733121453833,-0.0010492428589137705,0.00012476377074802092,-9.408415499031781e-05
1778454672574666071,0.22476631877985268,-0.16725536483035577,9.327150153669708,-0.001458304402349942,0.0008065330098083051,0.0026329928012508224
1778454672595083038,0.20987928523073643,-0.17197226221780829,9.292171424539564,-0.002003719793598171,-0.0013069516312785787,0.0009285697036001098
1778454672615529096,0.22577274757158874,-0.173195341089731,9.31160249124732,-0.0016628351740680287,0.0017610099444927071,0.000792215855788053
1778454672635961803,0.22321693143483975,-0.15164147829264035,9.309087773382753,-0.0019355428696921397,0.001079240705432423,-0.0005713226223325175
1778454672656559751,0.23305600205834007,-0.16243360001023655,9.321266829707545,-0.0004356505437595141,-0.0017160131747147485,0.0002468004645398247
1778454672676904162,0.22338251312630084,-0.17200587543469445,9.312760085722367,-0.0011174197828198,0.0012155945532444784,0.00017862354063379613
1778454672697341906,0.20757080444678708,-0.1540546406511757,9.305258217311257,-0.0024809582609403684,5.6586846841989724e-05,0.00011044661672776797
1778454672717742483,0.2160635204719951,-0.17319259479838228,9.304259542147745,-0.0005038274676655435,-0.0028750208811172337,-0.0005031456984264889
1778454672738189708,0.22094152049433283,-0.16482648003782646,9.312696517997754,-0.001867365945786112,-0.0005570054683122633,-0.00043496877452046034
1778454672758696008,0.21718345585102591,-0.14925453130767624,9.307787123537176,-0.0013219505545378832,-0.00035247469659417663,4.2269692821739376e-05
1778454672779128808,0.21125739275498498,-0.1504765459497126,9.312495201543044,-0.002276427489222285,0.0015564791727746205,0.0009285697036001098
1778454672799749570,0.21494720885348342,-0.16005515498759917,9.314984335955856,-0.0013219505545378832,-0.0009660670117484366,-0.0009803841657686882
1778454672820213333,0.21472648776352513,-0.16120812959026057,9.299400476800848,-0.002208250565316254,-0.001102420859560492,0.0014058081709423095
1778454672840641095,0.2123687636954912,-0.15643698191168098,9.304142126209262,0.0003824725431128273,-0.00014794392487608998,-0.0021393918721711726
1778454672861089395,0.22218369039515287,-0.16602838972056513,9.31511767181564,-0.001458304402349942,-0.005124859370016173,0.0009967466275061384
1778454672881537120,0.22329697220847342,-0.1408930222715792,9.318640840334757,-0.0020718967175041986,0.0009428868576203606,-9.408415499031781e-05
1778454672902045920,0.22210631794563132,-0.15524924414561425,9.313878858134727,-0.0026173121087524273,-1.1590077064034532e-05,0.0018830466382845088
1778454672922580441,0.21142145954385047,-0.15170453946188214,9.323291495046268,-0.0029581967282825694,-0.001988720870338863,-0.0022757457199832297
1778454672942925815,0.21354344250280052,-0.1612137537170983,9.300581029397577,-0.0021400736414102263,0.0010110637815263918,0.0017466927904724518
1778454672963365985,0.21835299599522043,-0.1719704027846982,9.297097632691562,0.0001779417713947424,-0.0019205439464328351,0.0015421620187543662
1778454672983984599,0.21859786100901743,-0.17201814209074887,9.313885002564986,-0.0013901274784439144,-0.0004206516205002078,0.0004513312362579105
1778454673004457195,0.22949013336933569,-0.17201526425525981,9.32004739906783,-9.476592422937198e-05,-0.0017160131747147485,-0.001525799557016916
1778454673024883383,0.2291329151897605,-0.16118155947339394,9.299623019817295,-0.002003719793598171,0.00032929454246610756,0.0003831543123518819
1778454673045320294,0.21723915471571145,-0.16242146489832243,9.306636567262508,-0.0020718967175041986,0.000465648390278163,-0.0010485610896747168
1778454673065841149,0.22203388617411515,-0.1516471024194781,9.310268325979484,-0.0004356505437595141,-0.0009660670117484366,0.0003831543123518819
1778454673086424726,0.2198508677022554,-0.17202615776563987,9.317500841360662,-0.0008447120871956856,-0.003556790120177518,0.0012012773992242237
1778454673106751656,0.21830566358395023,-0.15402107326179695,9.300628733181187,-0.004049027510779023,-0.0021250747181509183,0.002019400486096566
1778454673127224029,0.20899281860689603,-0.16246765368705102,9.317298631135829,-0.0011855967067258277,-0.000488828544406239,0.00017862354063379613
1778454673147746607,0.2235100842963141,-0.1540906454161151,9.328282164693006,0.0022232494885755967,-0.002670490109399147,-0.003980168817633942
1778454673168197925,0.21730664580922218,-0.15884660277564383,9.312618817892082,-0.002344604413128313,-0.0017160131747147485,0.0011331004753181951
1778454673188605113,0.21612778377520528,-0.15646102893635405,9.31498964259629,-0.0036399659673428536,-0.0004206516205002078,0.0003149773884458533
1778454673209074561,0.22452069631475793,-0.15763942370936285,9.313924774378094,-0.002003719793598171,-0.001102420859560492,0.001064923551412167
1778454673229491619,0.21852638467390842,-0.15286809865913556,9.316212592336194,-0.0007765351632896562,-0.0025341362615870916,0.0015421620187543662
1778454673249926197,0.2247322935000031,-0.15170064322401425,9.330690079899954,-0.0026173121087524273,0.0008065330098083051,0.0018830466382845088
1778454673270340441,0.21730569037281502,-0.17439450448112095,9.30668069596563,-0.0015264813262559698,-7.976700097006573e-05,0.0005195081601639387
1778454673290732259,0.20880632078189673,-0.1540592463756345,9.307674958258831,-0.001458304402349942,0.00026111761856007637,0.0022921081817206795
1778454673311316966,0.21243701224029968,-0.16243032160394466,9.306562386257026,-0.0016628351740680287,-0.001579659326902693,0.0007240389318820244
1778454673331755450,0.21138305305218394,-0.16365711934208757,9.316141036660781,-0.0007083582393836284,0.0021018945640228492,0.002564815877344794
1778454673352153898,0.2111366731357914,-0.1444729764061524,9.306477647950972,-0.0005038274676655435,-0.0022614285659629772,0.0003831543123518819
1778454673372636327,0.2293578195064264,-0.15763738690460502,9.31639715107978,-0.0016628351740680287,-0.00028429777268815237,-0.001525799557016916
1778454673392964367,0.2207966569513006,-0.15762219658555415,9.30547545368727,-0.0024809582609403684,-0.0007615362400303499,0.0022239312578146513
1778454673413501000,0.214951392080191,-0.15766395702147162,9.316174608063333,-0.0011174197828198,-0.0015114824029966618,-0.00043496877452046034
1778454673433874652,0.2197510642166001,-0.15406659839144207,9.31743464830598,-0.001867365945786112,0.0031245484226132755,-0.0009803841657686882
1778454673454305229,0.22574955908415714,-0.1564467254755418,9.316337102455355,0.0012005956299851704,0.0012837714771505027,-0.000844030317956631
1778454673474753010,0.21736234467390772,-0.17201353636629,9.311468261617414,-0.0011855967067258277,-0.0008978900878424054,0.0012012773992242237
1778454673495245976,0.20907019105641764,-0.17324679926200187,9.318537444816739,-0.0017310120979740565,-0.0008978900878424054,-0.0006394995462385453
1778454673515678831,0.2029743630422078,-0.1564956147281117,9.318382938375516,-0.0008447120871956856,0.00298819457480122,-0.001525799557016916
1778454673536122371,0.2234633113512323,-0.17082562122857553,9.318751162092562,-0.0024127813370343407,-0.0006933593161243187,-0.00029861492670840315
1778454673556583912,0.2245897023108642,-0.17320096521656875,9.312783043844052,-0.002276427489222285,-0.0008297131639363811,0.0014058081709423095
1778454673577000174,0.20415569541522752,-0.16246969049180884,9.314826254434145,-0.0024809582609403684,0.002920017650895189,-0.0014576226331108875
1778454673597519363,0.22086661838381397,-0.1576358363872829,9.310271845079676,-0.002276427489222285,0.0006020022380902185,0.0014058081709423095
1778454673618325736,0.22224205758395052,-0.15766772171519927,9.322281368812062,-0.0005720043915715713,-0.0011705977834665197,0.00017862354063379613
1778454673638540313,0.13175524335604064,-0.4569846712695106,9.259622059184668,-0.011821196836066274,-0.0017841900986207762,0.024313254603367883
1778454673658937002,1.3810379675247026,0.49984090888428584,10.018749722048112,-0.009298650651543217,-0.008260997869693483,0.0026329928012508224
1778454673679332894,0.6368742290017181,-1.5417159742301894,9.165837291746424,0.012177080378855757,-0.006147513228606599,0.017427385288859006
1778454673699712305,-0.012493970689042316,-1.6294932910095297,10.119965338534039,-0.023683981595715234,-0.020123782629342443,-0.025183192152408808
1778454673720132456,1.753523434176974,-1.649482594867309,9.069594609271494,0.12337364326958823,-0.02850954426978395,-0.054226561736376945
1778454673740606200,0.5314087251852261,-1.6716021524247364,8.880555758243881,-0.06240847437433941,0.003533609966049449,-0.005480061143566568
1778454673761058999,-0.4424788486374184,-1.7414915866904417,9.646185513849954,-0.009639535271073363,-0.10179973746876458,0.02813116234210548
1778454673781586521,2.1639406393939717,0.39829554955466223,7.119292033639951,-0.2985733387848221,0.20806438168413494,0.13987314062408618
1778454673801946617,0.03208098627094838,0.5907023462159608,7.510034000826793,-0.0664309128847951,-0.11257169144591708,0.21316333382306682
1778454673822561120,0.7665222431554299,-4.19903125061618,7.339622853842754,0.04756090388608455,-0.20283793869749883,0.2823629115876858
1778454673842915568,-2.955530056227198,-3.6678373795400687,7.952724991359964,-0.2099433377069851,0.06100675681883146,0.36894760494834195
1778454673863326997,3.040118274804312,-0.6945118212736292,10.082255597993061,-0.3231170313909924,-0.014124213325611937,0.40228612073838993
1778454673883903704,2.3160873703966347,-2.8615139814512234,10.39895077286502,0.17989231318768584,-0.056598436919067685,0.17607508721818732
1778454673904349337,1.9835047186315518,0.36010128540521896,3.2061056199241817,-0.28186999242784516,0.4194810227167293,0.3073156657372922
1778454673924835396,4.055579920956912,0.4416251138028358,15.373441278361403,0.09692099679404918,0.25115219759274493,0.1923011951078221
1778454673945277140,2.8224328661692053,-0.4902904080001734,10.953291457531435,0.22632079836769126,-0.25990202400684465,0.24663820346092682
1778454673965763828,2.498765735786309,-1.6024982511976746,5.2890898251512635,-0.029615373975539712,0.11854808059551952,0.261364419024629
1778454673986288516,0.4855868236043165,0.18544202348524114,7.59043030401269,0.23586556771453526,0.03782660269078179,0.12391974043007552
1778454674006786038,-2.8041969491094556,-2.6014419678438294,8.609374495567831,0.06290071176494097,-0.14802369187705192,0.3262688505831681
1778454674027291060,0.9415859635026192,-2.7377668530902497,10.597845609340576,0.06883210414476544,-0.008192820945787455,0.21664035694227426
1778454674047737841,5.00097692130424,-1.1974129144188677,8.464799464641386,-0.0932244439798643,-0.06252982929889217,0.1030576017148308
1778454674068180492,3.5031208830756686,-0.732323119142936,10.211826166875712,0.19420946720795185,-0.24422133150845812,0.01585931603902035
1778454674088811884,-2.098673962154107,-0.5377798849107414,12.996916438569897,-0.023956689291339345,0.3519858680497611,0.10053505553030774
1778454674109155499,1.2895060445903503,-0.3960650181160457,10.070910493300893,-0.20448918379450282,0.24453903597386017,0.021586177647126743
1778454674129623557,1.3788088503235607,0.9761104741861875,5.103056989821396,0.06719585797102076,-0.30189900913295825,-0.1689683246702229
1778454674149985838,3.225396195737475,1.6024384807428589,14.19238320047152,0.005495741836064966,0.2237450741825215,0.0020875774100025946
1778454674170529619,0.1302443086013607,-2.0588812634724865,7.974241152627514,-0.010866719901381876,0.006260686922290586,-0.0928828775910951
1778454674191420141,4.065548905867341,0.6272349548642171,9.949486879818247,0.022812680508196202,0.11766178058474114,-0.0538856771168468
1778454674211660144,-3.51282485167046,0.030595243432171626,7.1827381705201665,0.02069919586710932,-0.1137988760762256,-0.11926734714272813
1778454674232043240,3.8973816979740117,-0.8926066027385429,12.085051491178506,0.004882149520910709,-0.11250351452201104,-0.02177434595710738
1778454674252501447,2.2495992111201537,1.6209971941460177,16.260777256676686,0.2976338607733971,-0.26276545481089786,-0.03527337689050102
1778454674272927135,2.2408359548975243,1.0028227465925075,5.540663309129706,0.02928948827926891,0.12107062678004257,-0.11865375482757387
1778454674293584046,-0.11472800533504122,-0.20326459419009982,4.54835076865358,0.05826468093933102,-0.13445648401975224,-0.08013379282066778
1778454674313934197,-0.859376794180266,-1.3940566096276366,5.960526765783678,0.000927887934361056,-0.11782131458668127,-0.07290703888662875
1778454674334444534,2.8480500463708553,1.0655020756955713,19.971569393148698,-0.2682346076466394,0.1740440966550267,-0.04515903085687516
1778454674354902278,0.8465934297884462,0.18641192128624323,14.161917112693024,0.1974137826315352,-0.11475335301091,-0.13406173963033632
1778454674375335059,-2.33027880673725,-2.1591231119388428,3.7383256894140633,0.02963037289879905,0.04703048741809563,-0.03759139230330599
1778454674395910192,-1.412473693993227,-0.7429518556185105,3.174377936619399,-0.061522174363561055,0.16354485037349833,-0.13276637807612177
1778454674416283491,-0.13342937774268487,1.3181267108363683,10.923878771259002,-0.2099433377069851,-0.022850859585583583,-0.08654242366783445
1778454674436776069,-2.4844879526640713,1.4670040516664833,12.15295823188926,-0.04284169721330924,0.09809500342371097,-0.13406173963033632
1778454674457176220,3.408543943143982,-0.14235605634401127,6.085515074357898,0.07749057348083106,-0.39243796408016407,-0.13228913960877958
1778454674477592464,2.27892194891816,0.4071544482313882,6.611540586614698,0.37862804637375896,-0.04569012909410313,-0.11838104713194976
1778454674498122560,-9.673368303218291,-2.9503950121135945,10.95005681389607,-0.2085797992288645,-0.2372672852700432,0.09174023234643007
1778454674518531859,2.384001954044865,0.19851209977704337,9.70805779922421,-0.15812887553840344,0.07436943390441306,-0.06070336950744966
1778454674538975214,2.1564676067336035,1.6931669396352989,8.578268727358584,-0.23441885338924934,0.09386803414153719,-0.03159182299957548
1778454674559436847,6.803173913791469,3.3330387494673968,11.369083408155927,-0.03445593557286773,0.17199878893784587,-0.12199442409896927
1778454674580004813,0.7719678577511904,2.5514970567107733,13.970030103597816,0.11689683549851553,-0.010238128662968311,0.008973446724511473
1778454674600458668,0.23768349664577068,-3.5062332734182857,6.7283497348140555,0.18336933630689334,-0.3149889785229157,0.03938035478660018
1778454674620970931,-1.4197349317824346,-1.32365271154091,5.2574994401270265,-0.16910536028727402,0.09652693417387231,-0.10440477773121393
1778454674641311360,-0.6823580332271888,-0.843896904416474,13.37475563438725,0.019540188160706837,0.08739122637046451,0.012586823691530984
1778454674661791511,0.44960748406360407,0.47164267006061805,6.300117591641977,0.01660858043274761,-0.10323145287079119,-0.08224727746175466
1778454674682227996,0.21404703719169962,-2.577835298506962,5.292058160954368,0.06624138103633637,-0.535814035054542,-0.1385614166081342
1778454674702660647,0.9277091175821329,-1.4498725779305761,15.733514902007338,0.08124030429566263,-0.23433567754208398,0.06228780121902576
1778454674723094002,3.444264013419412,-1.562839024913747,12.531216196669877,0.04012961918032744,0.011237602367430669,-0.03125093838004534
1778454674744004728,-4.603582757054646,-3.11037344940165,4.533800619665454,-0.0800662976660008,0.13634225773499295,0.03167636238521896
1778454674764548453,-1.6275073564348201,-1.7180688240176876,9.465947561479673,-0.31895823903272463,0.11793448828036526,-0.01543389203384673
1778454674784844827,-0.188818678981331,1.8821142540218887,11.70142128439283,-0.078157343796632,0.13491054233296634,-0.014752122794786443
1778454674805286238,1.3055345858835175,0.21990025519696715,5.719639036095523,0.02649423439912174,0.03891743347327823,-0.043113723139694304
1778454674825667815,3.7347394981864808,-0.6480269939766443,13.948212946312259,0.2443876832027888,-0.22110935430431447,0.07960473989115699
1778454674846267911,0.25767994756810453,-2.888488499731724,7.180785998812338,-0.13665314450800448,0.014578271638826065,0.019745400701663973
1778454674866652988,-3.262326007797098,-0.49197431431968996,7.537345796550707,0.10442045842371231,0.0043517330529217885,0.027449393103045193
1778454674887200028,-2.0587203237441964,-1.2645890335417909,9.286220527116269,0.016404049661029527,-0.14720556879017957,0.023358777668683484
1778454674907656735,4.27648473716508,-0.09021901869368776,7.679978000934418,0.01879024199774052,-0.07541526791713155,-0.08374716978768729
1778454674928168294,1.3395041076790142,3.1049689682349793,15.483719293842693,0.14382672044139677,0.010283125432746267,0.030176470059286333
1778454674948644779,-0.04637984362039893,0.23470400990386703,7.180428777115545,0.09548928139202258,-0.07793781410165461,-0.0337734845645684
1778454674969057930,2.0410955875979604,1.8476620924235772,6.402477510487111,-0.3049819696319888,0.19708789693526435,-0.06438492339837519
1778454674989506618,0.9138900010219649,4.494083388622654,9.698646915256296,-0.046591428028140806,0.008237817715565414,0.0965807939437581
1778454675009960881,3.467157793808164,1.26174273661537,8.74393516167497,0.11021549695572473,-0.3142390323599494,0.03910764709097607
1778454675030512199,-2.657373235905123,-0.5881280220787496,15.986700478074578,-0.014207389172777272,-0.06593867549419359,-0.07092990809335392
1778454675050927350,-0.0683375079503108,0.17596461862224172,9.275829990830566,-0.00698063523873825,-0.07514256022150745,-0.07092990809335392
1778454675071889761,1.48427912417919,-1.6427832277587273,7.810249966161739,0.05417406550496931,0.05814332601477828,-0.08770143137423694
1778454675092054875,-1.0688555634808572,-2.4910073445885517,7.150463002929615,-0.033092397094747164,0.04655324895075343,-0.109381693176354
1778454675112395786,-1.9950079980726576,0.7060585608177359,10.202000169851779,-0.07638474377507526,0.019009771692717913,-0.1615370399644658
1778454675132814437,-1.6256131656776478,0.4885185005811317,12.818312794470804,-0.009844066042791446,-0.003215905500647376,-0.03834133846627231
1778454675153239514,5.14825816300892,-0.002432518999182398,10.621840195789012,0.30929211476132795,-0.19738378478501656,-0.10869992393729372
1778454675173703795,2.98629112727767,-3.244314657240558,8.637638393666414,0.18391475169814153,-0.04916715221331058,-0.12594868568551892
1778454675194174058,-4.648737819929093,-2.3615385757914185,6.824939574179928,-0.01836618153104501,0.15999965033038485,-0.0921329314281288
1778454675214593487,1.9546972154019657,-3.4084091455950394,6.313368503796451,0.15173524361449608,0.07409672620878893,-0.09656443148202064
1778454675235075286,-4.2607370404441305,-2.254925033963442,6.227547915071322,-0.5125807029258456,-0.11475335301091,-0.013252230468853819
1778454675255541364,0.23139290641382412,-0.8828601606680344,14.619001583041609,0.2079812058369696,0.11725271904130496,-0.1330390857717459
1778454675275941126,-0.09280437499223322,-1.3893858919226827,6.9230171675860275,0.0740135503616236,-0.37921164084239456,-0.02225158442444958
1778454675296390166,1.5921726282521136,0.10281941133536443,6.23638436397316,-0.12492671359616754,-0.20065627713250592,-0.09070121602610219
1778454675316827058,-1.3354967973368064,-1.5182955755094092,10.553470194147355,0.32476827648799644,-0.03594082897554105,0.008018969789827074
1778454675337254987,4.787875182184897,0.24676554760316732,6.576565071499969,-0.16426479868994598,0.27467323634032476,-0.16699119387694808
1778454675357727231,1.4891409377506704,0.6482005780539999,13.045696048219648,-0.07856640534006817,0.26962814397127866,-0.1007914007641944
1778454675378362012,2.4430892467788805,-0.8076254112387773,6.134129231656623,0.33785824587795393,-0.08332379109023086,-0.10910898548072989
1778454675398800108,2.8877953216939103,-1.7273285651625006,6.487173681609599,0.06651408873196046,0.07150600310035987,-0.0524539617148202
1778454675419646056,-0.9242962157050328,0.15763729523089415,9.257872615395318,-0.12656295976991222,-0.25028907773609466,0.01899545453869766
1778454675439986596,2.2811166756091863,1.5037596126861297,8.741518142901956,-0.34247927778030446,0.0450533566248208,0.09392189391142299
1778454675460442747,0.8366853732370932,2.0445480947881416,7.511240835075452,-0.1734005064933538,0.3481679603110235,-0.06561210802868371
1778454675480892658,-3.718351393560704,5.335039628854516,9.41423975850774,-0.10215562101155404,-0.09402756814347733,-0.16024167841025125
1778454675501322050,-0.2637551510654947,0.8134220694603436,7.308054663777013,-0.03581947405098831,0.03087255645236687,-0.08599700827658623
1778454675521847887,-2.3095352522179664,2.3600111584571963,10.246331044993488,-0.08245249000271179,-0.05768926770156414,-0.18362636331001903
1778454675542363353,-3.3696895456983342,1.0611719480171045,11.134933115491771,0.09828453527216975,0.17683935053517388,-0.13194825498924945
1778454675562755282,-2.8044520105685353,-0.5645487851836469,10.596866779285703,0.025948819007873512,-0.013715151782175763,-0.04781793088921027
1778454675583274415,-1.2679608494604908,0.11296092287583875,6.6608837821236,-0.08667945928488556,-0.006829282467666887,-0.07815666202739295
1778454675603641714,-1.1016616734397857,1.4208964498699566,8.271152038379388,0.050969750081385976,-0.026736944248227208,-0.007866253480277566
1778454675624115514,-2.549241924535953,1.6223068230604574,10.980155934960901,0.07183188879663069,-0.03021396736743466,-0.04604533086765353
1778454675644531480,-0.8279610460102171,2.838230233601131,9.797570394096272,-0.056272551222796854,0.005169856139794128,-0.15165138599809166
1778454675664910427,-2.1469727561669596,1.7614583724506179,9.067767294635727,-0.02211591234587658,-0.017737590292631444,-0.07065720039772981
1778454675685431857,-1.7746106685931249,1.5638203383681621,9.34156908528329,-0.010389481434039675,0.01151031006305478,-0.0553173925188734
1778454675705851600,-0.7046637687259106,0.8206430226606856,9.5070349208002,0.010404480357299017,0.0009428868576203606,-0.04461361546562693
1778454675726392493,0.3494065096919955,0.06982626637800454,9.403748275920831,-0.022524973889312745,-0.003011374728929289,0.01183687752856467
1778454675746722107,0.5020681476831713,-0.3631210031671357,9.338134761456647,0.0134724419330703,-0.0013751285551846064,0.006314546692176361
1778454675767229703,0.17510743345298427,-0.39593452770830734,9.292440273746829,-0.0031627275000006526,0.0015564791727746205,0.0004513312362579105
1778454675787663465,0.2117648386075842,0.04341389055852091,9.338179014462069,0.0006551802387369417,-0.002806843957211206,0.0003831543123518819
1778454675808049987,0.34653807048455,-0.1573283289551918,9.285838943815351,-0.002208250565316254,-0.0021250747181509183,0.0016103389426603948
1778454675828539101,0.30278403261001274,-0.05803522071899614,9.286004144378198,0.001132418706079141,0.00237460225964696,-0.002071214948265144
1778454675848956827,0.29987459457244015,-0.15744537138889803,9.295907559644814,-0.0027536659565644828,0.001692833020586676,0.0005876850840699673
1778454675869522645,0.3128010366199877,-0.10713424920068315,9.295926216856778,0.0017460110212333974,-7.976700097006573e-05,-0.0037074611220098285
1778454675889849388,0.31436201820871634,-0.13112244354549316,9.31162129153971,0.0003142956192067996,0.002306425335740936,-0.0010485610896747168
1778454675910241632,0.3032066330251749,-0.12150597030955707,9.291034417897151,-9.476592422937198e-05,-0.0009660670117484366,-0.0007758533940506024
1778454675930707413,0.3152844209852206,-0.1250859702716377,9.294830402566099,-0.0019355428696921397,0.0014883022488685893,0.0002468004645398247
1778454675951130139,0.3045803593376065,-0.12751755552800834,9.300667810284898,-0.002276427489222285,-0.001988720870338863,0.0003831543123518819
1778454675971675827,0.30693903884204754,-0.11674080150111074,9.301864282802931,-0.0010492428589137705,0.0009428868576203606,0.0009967466275061384
1778454675992056719,0.31065945444498566,-0.15383353192640853,9.296061228296212,0.0009960648582670838,0.0008065330098083051,-0.0035029303502917427
1778454676012507445,0.31162540237627123,-0.11790537910074306,9.293549191742013,-0.0007083582393836284,-0.0013069516312785787,4.2269692821739376e-05
1778454676032960726,0.31199517023596934,-0.1215654899842264,9.317544387314982,0.00010976484748871293,-1.1590077064034532e-05,-0.00029861492670840315
1778454676053452784,0.3056877450365145,-0.11075308593568473,9.300624575351897,-0.002344604413128313,0.0005338253141841942,0.0015421620187543662
1778454676073957676,0.31303562430755505,-0.14306018784994312,9.298456798662345,-0.0007083582393836284,0.0005338253141841942,0.0008603927796940812
1778454676094369494,0.3058383067088499,-0.13470257505171404,9.301911930606241,-0.0009128890111017134,0.00019294069465405211,-0.0009803841657686882
1778454676114708220,0.3069664105561868,-0.13109821914917236,9.29831994370237,-0.00023111977204142917,-0.0024659593376810604,4.2269692821739376e-05
1778454676135157649,0.31903850038692916,-0.11793301344749599,9.308049637427454,4.1587923582685205e-05,0.0008747099337143363,-0.0028211611112314576
1778454676155589800,0.299834673178178,-0.15026154763921892,9.295881082422941,-0.002344604413128313,0.0006701791619962497,-0.00043496877452046034
1778454676176083211,0.3055909713560503,-0.13106633382125601,9.286310419969983,-0.002344604413128313,-0.00028429777268815237,-0.0009803841657686882
1778454676196511751,0.3149338563713556,-0.11544956944805163,9.274410436185873,-0.0007083582393836284,0.0006701791619962497,0.0016103389426603948
1778454676216905643,0.3225758439402777,-0.13465793678030757,9.297375172733023,-0.0013219505545378832,-0.00028429777268815237,0.0004513312362579105
1778454676237350294,0.29944514260645816,-0.11789342136047667,9.28137276074729,-2.658900032334252e-05,-0.0012387747073725475,0.002701169725156851
1778454676257805742,0.3056392592037277,-0.13346776163868013,9.288717441406813,-0.001867365945786112,-0.001102420859560492,0.001064923551412167
1778454676278274579,0.3103798067000413,-0.12866286919907413,9.286375775234841,-0.00036747361985348635,0.00237460225964696,-0.00029861492670840315
1778454676298678322,0.30080878957776946,-0.13466710240171778,9.286249477575437,-0.0015946582501619976,-0.0012387747073725475,0.0005195081601639387
1778454676319081511,0.3069122265940968,-0.13706768918841067,9.292346518813426,-0.0028900198043765417,-0.00028429777268815237,-0.0012530918613928017
1778454676339611236,0.31882024963597366,-0.12267448997456476,9.291279919035281,-0.0021400736414102263,0.00026111761856007637,0.0011331004753181951
1778454676360000962,0.3020635091587125,-0.12869541818607394,9.292241447715758,-0.0015946582501619976,0.0010110637815263918,0.0014739850948483377
1778454676380478854,0.29707829463371127,-0.10833646779920986,9.287295856522562,-0.0015264813262559698,-0.0004206516205002078,0.0016103389426603948
1778454676400863449,0.3081061086472393,-0.13586817105372528,9.292360651194484,-0.0002992966959474569,-0.0006251823922182945,0.0014739850948483377
1778454676421385990,0.31883279931609654,-0.11550089607618219,9.294850735357713,-0.0019355428696921397,-0.001988720870338863,0.002701169725156851
1778454676441818456,0.30186446165359027,-0.12746060477303997,9.279046958516327,-0.0009128890111017134,0.000465648390278163,0.0012694543231302523
1778454676462243977,0.31071212350447996,-0.12872765825728574,9.309158634348773,-0.0017991890218800842,0.0015564791727746205,-0.0014576226331108875
1778454676482728295,0.3116993490503829,-0.14064392445676366,9.290035742733641,-9.476592422937198e-05,-0.00021612084878212118,-0.000844030317956631
1778454676503188799,0.3082327243808455,-0.1335008427406231,9.301944608238673,-0.0008447120871956856,0.0006701791619962497,0.0003831543123518819
1778454676523708950,0.3057875485221698,-0.1287126453098826,9.30069076840658,-0.0012537736306318555,-0.0017160131747147485,-0.00023043800280237456
1778454676544105768,0.31771533427606835,-0.1430274614912956,9.290137294731117,-0.002276427489222285,-0.0011705977834665197,0.0004513312362579105
1778454676564551030,0.3165199373203301,-0.12509057599609652,9.297247143513674,0.0007233571626429694,-0.0013069516312785787,0.0003149773884458533
1778454676585023534,0.3046503207701199,-0.12753119532973708,9.305464201677303,-0.000640181315477599,0.0014883022488685893,-0.0016621534048289733
1778454676605501981,0.31760716433699776,-0.12985029804935289,9.28769055746148,-0.0015946582501619976,-0.001102420859560492,0.002769346649062879
1778454676625968984,0.3129666183114488,-0.12749864634273722,9.299598529196388,-0.001867365945786112,0.0015564791727746205,0.0011331004753181951
1778454676646429932,0.30928915390796397,-0.13586254692688754,9.291180098597751,4.1587923582685205e-05,-0.0020568977942448906,-0.0005713226223325175
1778454676666897546,0.31655320514888197,-0.13107709578749577,9.297269207865234,-0.0020718967175041986,-0.0008978900878424054,0.0031102312685930217
1778454676687453790,0.3081785404187555,-0.1394703127798614,9.295971183349724,4.1587923582685205e-05,-0.0021250747181509183,-0.0005713226223325175
1778454676707894997,0.30571929997736125,-0.12271930561761896,9.298270508358813,-0.0017310120979740565,-0.0015114824029966618,-0.0013212687852988303
1778454676728333630,0.2997858258643121,-0.11317581448643324,9.306536164076174,-0.003571789043436826,0.0005338253141841942,0.0022921081817206795
1778454676748734429,0.3033423726634942,-0.12392444787914209,9.299436928574487,-0.005208035217181509,0.0027154868791771022,0.00017862354063379613
1778454676769086988,0.31289342908863493,-0.11432830280165884,9.299549987622953,-0.0027536659565644828,-0.000488828544406239,-0.0015939764809229447
1778454676789639473,0.3202323824400718,-0.1167334953128106,9.308063769808513,-0.001867365945786112,-0.0009660670117484366,0.0012694543231302523
1778454676810046550,0.31056897284915275,-0.11554367491447862,9.304313701382933,-0.0011174197828198,0.0016246560966806448,0.0017466927904724518
1778454676830484998,0.31208584981691156,-0.13473924347573696,9.318792026736517,-0.0008447120871956856,-0.0009660670117484366,0.0015421620187543662
1778454676850973056,0.3179069707641825,-0.13349676913110745,9.306889361642043,-0.002208250565316254,0.0036699638138615043,-0.0019348611004530868
1778454676871452411,0.3084850004116505,-0.14431408781989585,9.315174400400599,-0.0028900198043765417,-0.000488828544406239,-0.001525799557016916
1778454676891956433,0.31099101379812655,-0.1443301191696779,9.322406077991948,-0.0015946582501619976,-0.0012387747073725475,-0.000844030317956631
1778454676912354899,0.31551159765577985,-0.15024640314767554,9.300918562083165,-0.0007083582393836284,-0.00348861319627149,-0.0011167380135807454
1778454676932842162,0.29513253217353086,-0.14311386019861955,9.305373206980397,0.0010642417821731132,-0.0004206516205002078,0.0011331004753181951
1778454676953246720,0.30103616423343804,-0.13471143175733627,9.30183774960076,-0.002003719793598171,5.6586846841989724e-05,0.002564815877344794
1778454676973741650,0.30830858192777144,-0.12514358468568945,9.310307403083197,-0.0013219505545378832,0.001420125324962565,-0.0011167380135807454
1778454676994206505,0.30957146997702023,-0.13950560805820994,9.309179804930212,-0.0033672582717187392,-0.002329605489869005,0.000792215855788053
1778454677014618897,0.31340196639184337,-0.15867969851449626,9.317699731546032,-0.0029581967282825694,-0.0008297131639363811,-0.0006394995462385453
1778454677035052844,0.3070097577258587,-0.1263226431177817,9.303098683613529,-0.0007083582393836284,-0.00035247469659417663,-0.0010485610896747168
1778454677055528088,0.3096872489182084,-0.13833217375295542,9.31756907699661,-9.476592422937198e-05,-0.001102420859560492,0.0007240389318820244
1778454677075983684,0.307030673859397,-0.11436665328714415,9.309050044150915,-0.0019355428696921397,0.00026111761856007637,0.0008603927796940812
1778454677096451391,0.3025847941271532,-0.14075711648010936,9.32346212046952,-0.0012537736306318555,-7.976700097006573e-05,-0.002071214948265144
1778454677116824153,0.31294418727531503,-0.12031823254349036,9.30077114982262,-0.0015946582501619976,0.0016246560966806448,0.0017466927904724518
1778454677137337379,0.3034756419628105,-0.12275442352431978,9.309025298488988,-0.0013219505545378832,-0.0017841900986207762,0.0014739850948483377
1778454677157806993,0.32405128461117894,-0.1275332779620023,9.31895100202835,-0.0002992966959474569,-0.00014794392487608998,-0.0020030380243591154
1778454677178239089,0.32040708803624585,-0.14188369833755185,9.310554635781273,-2.658900032334252e-05,-0.0017841900986207762,-0.0007758533940506024
1778454677198673740,0.31193775848357885,-0.11437825628411508,9.316318812245008,-0.002003719793598171,-0.0014433054790906341,-0.00029861492670840315
1778454677219100558,0.30698218802661015,-0.13708132899013942,9.297142910205832,-0.0005720043915715713,0.001420125324962565,-0.002889338035137486
1778454677239582691,0.3042773251201213,-0.11071438070690404,9.286216855923305,-0.0011855967067258277,0.0031927253465193067,4.2269692821739376e-05
1778454677260056249,0.2949686633697748,-0.11676976316603063,9.304077025985428,0.0006551802387369417,0.0008747099337143363,-0.00043496877452046034
1778454677280534327,0.3095823067694383,-0.13831171405036227,9.310374489908,-0.0017310120979740565,0.0005338253141841942,0.0019512235621905374
1778454677300995404,0.29382553950331225,-0.12395921104254745,9.305284055804032,-0.0010492428589137705,-0.004102205511425747,0.0006558620079759958
1778454677321484851,0.3263382897954017,-0.12272258402391087,9.312974951809336,-0.0017310120979740565,-0.0008297131639363811,-2.5907231084289217e-05
1778454677342027540,0.29860182516718037,-0.12872934031874814,9.301778594746459,-0.00023111977204142917,-0.0011705977834665197,-0.002752984187325429
1778454677362374599,0.30604572066738744,-0.13115499253249296,9.317486964020626,-0.002685489032658455,-0.0027386670333051748,0.0020875774100025946
1778454677382905509,0.30346384973398544,-0.13949621923764458,9.30189249158475,-0.0038444967390609402,0.0028518407269891577,-0.001184914937486774
1778454677403365623,0.3193848817740864,-0.12996061223720956,9.327279331700202,-0.0013219505545378832,-0.00028429777268815237,-0.00023043800280237456
1778454677423877849,0.3107530003351493,-0.1203635803014877,9.315123233497095,-0.0015264813262559698,0.0006020022380902185,-0.0006394995462385453
1778454677444315796,0.30603583931137657,-0.11680098483486351,9.322230400969286,-0.002685489032658455,-0.0016478362508087208,0.0009967466275061384
1778454677464749596,0.3120267251768162,-0.13353170966616051,9.315190320321902,-0.0024809582609403684,-0.0013751285551846064,-0.002616630339513372
1778454677485197525,0.31792617401001577,-0.12752047919100476,9.310464590834785,-0.0024127813370343407,0.00026111761856007637,0.00011044661672776797
1778454677505608047,0.3133188958130185,-0.13115534727578843,9.322394626921255,-0.0011174197828198,-0.000488828544406239,0.0006558620079759958
1778454677526129309,0.3023425974374683,-0.11918177557804671,9.31498900386719,-0.0016628351740680287,-0.00021612084878212118,0.000792215855788053
1778454677546579405,0.3132721228679367,-0.14789032308824882,9.312863624320816,0.0002461186953007701,0.0008065330098083051,0.0009967466275061384
1778454677567059019,0.3096532236383589,-0.1227774521466139,9.321109003226857,-0.003776319815154909,-0.002670490109399147,0.0003149773884458533
1778454677587603985,0.31434528530188577,-0.1406872354100032,9.306860203109803,-0.0007083582393836284,-0.0009660670117484366,0.0009967466275061384
1778454677608039785,0.31794366436814414,-0.12752388914143695,9.311663688682886,-0.0010492428589137705,-0.0024659593376810604,-9.408415499031781e-05
1778454677628561529,0.3144777971499044,-0.1299490092402386,9.32001056360611,-0.0010492428589137705,-0.0017841900986207762,-0.0010485610896747168
1778454677648920791,0.311797835618552,-0.11435097668065755,9.306726029460194,-0.0001629428481353997,0.00019294069465405211,0.0019512235621905374
1778454677669411868,0.3106330381672535,-0.12392821257286976,9.305543689323219,-0.0024809582609403684,0.0016246560966806448,0.0018830466382845088
1778454677689823797,0.30351138013036505,-0.13232944524012638,9.307861503603384,-0.0005038274676655435,-0.0021932516420569495,-0.0009803841657686882
1778454677710250060,0.29373410247107223,-0.10121725573609458,9.307598406964301,-0.0032309044239066838,-0.00021612084878212118,-0.0014576226331108875
1778454677730682007,0.31084120957708883,-0.1299488318685909,9.317556732155795,-0.0008447120871956856,0.0006020022380902185,-0.00016226107889634597
1778454677751129622,0.30829356190864576,-0.12872867665966461,9.30792244599793,-0.0008447120871956856,0.0006701791619962497,0.0003149773884458533
1778454677771715569,0.31556940537838907,-0.10720142980694802,9.321144362169651,-0.001458304402349942,0.00032929454246610756,-0.0005713226223325175
1778454677792271980,0.3011721018568666,-0.11201380580650189,9.31974037278635,-0.001867365945786112,0.0013519484010565339,-0.0007758533940506024
1778454677812674761,0.31682145663521977,-0.12275734718731623,9.318822079038878,-0.002549135184846396,-0.001102420859560492,0.0003831543123518819
1778454677833128505,0.3227940946912333,-0.12991646025323883,9.314144891125197,-0.0024127813370343407,-0.004034028587519719,0.0005876850840699673
1778454677853569915,0.3131723193822814,-0.12993076371405102,9.312797431266132,-0.002549135184846396,0.00298819457480122,0.0024284620295327367
1778454677874088307,0.3168014959380887,-0.11916543531247664,9.318808840427941,-0.002003719793598171,-0.0008978900878424054,0.0018148697143784802
1778454677894483236,0.3024298512430007,-0.14431492885062702,9.31148438059944,-0.0009128890111017134,-0.001102420859560492,0.001337631247036281
1778454677914926332,0.30610655819518773,-0.12638282645153448,9.323464801779883,-0.0037081428912488813,-0.00028429777268815237,-0.0023439226438892583
1778454677935389483,0.31061307747012246,-0.12033630069803017,9.305530450712283,-0.002344604413128313,-7.976700097006573e-05,0.0003831543123518819
1778454677955802283,0.31331224224730814,-0.12995804331750854,9.322390214050943,0.00045064946701885676,-0.00348861319627149,-0.0005713226223325175
1778454677976272582,0.3169054826504517,-0.13473379672054692,9.3200653055901,-0.003571789043436826,-7.976700097006573e-05,0.0019512235621905374
1778454677996708456,0.3193797431109716,-0.1478997119088142,9.320150937666275,-0.0001629428481353997,-0.00014794392487608998,-0.0014576226331108875
1778454678017129866,0.2962325068554307,-0.11558388483307394,9.308887549758891,-0.0032990813478127115,-0.0006933593161243187,0.0007240389318820244
1778454678037600184,0.3275604989990907,-0.12033258183181,9.315382867016284,-0.0013219505545378832,-0.0036931439679895733,-0.0007758533940506024
1778454678058071947,0.322904932954416,-0.12156602209916956,9.324905881665925,-0.0028900198043765417,-0.001579659326902693,0.0006558620079759958
1778454678078450635,0.3192957170957397,-0.1359232623755835,9.318907711115052,-0.0037081428912488813,0.0009428868576203606,-9.408415499031781e-05
1778454678098922583,0.31083455601137855,-0.12875152791031108,9.317552319285484,-0.00036747361985348635,0.0008747099337143363,-0.000844030317956631
1778454678119488141,0.31119842775666406,-0.14078253665045679,9.337981111406332,-0.0005720043915715713,0.0015564791727746205,0.0021557543339086227
1778454678140124089,0.3156408817134979,-0.12635147323856133,9.318816772398442,-0.0008447120871956856,-0.0020568977942448906,-0.0009803841657686882
1778454678160587981,0.30972147218316737,-0.12877079183887752,9.32352926327462,-0.003571789043436826,-0.0008978900878424054,-0.00016226107889634597
1778454678181126947,0.32051621341172365,-0.1395129600740175,9.318939494977359,-0.0027536659565644828,0.000465648390278163,4.2269692821739376e-05
1778454678201556784,0.31435213685270547,-0.11676843584786367,9.316364728488374,-0.0032990813478127115,-0.0010342439356544608,0.0012694543231302523
1778454678222018176,0.2939462591225057,-0.1299627805861077,9.311301609396098,-0.003435435195624767,0.001079240705432423,0.0026329928012508224
1778454678242501734,0.3013344557580272,-0.11922149920920636,9.328160534944935,-0.0017310120979740565,-0.0013069516312785787,-0.0018666841765470582
1778454678262925978,0.3060656813645185,-0.1347469044073325,9.317500202631562,-0.0001629428481353997,-0.00028429777268815237,0.0011331004753181951
1778454678283385796,0.3096015100152716,-0.13233542411025961,9.313949719100746,-0.002344604413128313,-0.0006251823922182945,0.0012012773992242237
1778454678303835355,0.30720043877756575,-0.13233985246307073,9.313912628598006,-0.003094550576094625,-0.001988720870338863,0.0003149773884458533
1778454678324245025,0.30968991724232053,-0.1168045721569434,9.325883330267704,-0.002549135184846396,0.0012837714771505027,-0.00029861492670840315
1778454678344678361,0.31578670069293735,-0.11800785498535646,9.331975958635374,-0.0005720043915715713,-0.003147728576741348,-0.00029861492670840315
1778454678365119568,0.3072787666634944,-0.12757109633254443,9.321089564205366,-0.002208250565316254,-0.001102420859560492,0.0021557543339086227
1778454678385492071,0.3072422710446422,-0.1084278728017955,9.325815349672778,-0.0017991890218800842,-0.0006933593161243187,0.0014739850948483377
1778454678405934574,0.5258918372581822,-0.2099513910956267,9.383506537311957,0.005223034140440851,-0.0032840824245534035,0.004269238974995506
1778454678426956355,1.763630482067524,0.47256707652940616,8.093469125093918,0.07980858889363603,-0.007579228630633199,0.010677869822162185
1778454678447174858,1.156630817119424,1.2552410713898272,9.071492432626245,0.058060150167612935,0.009942240813216124,0.13319180208129539
1778454678467525362,1.4471159357429286,1.6145729649879426,8.796562960731855,0.01115442652026533,0.03625853344094312,0.12685134815803475
1778454678487982143,2.105878572134415,1.9318645078468488,9.64477206664003,-0.05831785893997771,-0.08911882962224328,0.20845912607355085
1778454678508413942,-0.9252226837632204,1.2895205260703482,10.77508033719077,0.09480751215296229,0.18767948143623242,0.13980496370018017
1778454678528897241,3.223212942691395,0.04619641736558816,8.265014812643312,-0.08279337462224194,0.005101679215888104,0.21459504922509343
1778454678549403930,0.8948767251020889,0.13063842223981054,5.2628594607708585,-0.05640890507060892,0.04478064892919669,0.13489622517894612
1778454678569722692,2.410034901242808,1.1192503916713434,8.053178200314422,0.02444892668194089,0.05153016439589351,0.21520864154024769
1778454678590236640,1.5585442447633073,1.7440054424033604,9.243778339482226,0.11178356620556339,0.10518540350993794,0.20648199528027603
1778454678610698217,-1.2311150086800835,2.8336325583706246,10.299654231463238,-0.08422509002426853,-0.17658982299367784,0.35456227400416995
1778454678631226628,3.673142056389303,2.356391082250275,10.85549047517002,0.21425348283632423,0.14615973477746105,0.2439793034285917
1778454678651546945,1.422548959878109,-1.6758723324191176,5.9500526033164105,-0.12397223666148315,0.14738691940776957,0.11410226338760741
1778454678672084023,0.22005692464143065,0.9227377633392795,9.168506455034608,-0.25793989213682916,-0.11011732218530007,0.16366688706729013
1778454678692500674,1.3151843269346915,2.31982945253431,12.447173070189962,0.16830223612366102,0.021600494801147,0.06446946278401867
1778454678713001381,2.188948783880142,0.2151104280212796,12.555766397213247,-0.009980419890603505,-0.1009134374579862,0.06971908592478286
1778454678733420254,5.30409323005859,-0.38958851615040474,4.20119111263074,-0.20128486837091947,-0.19642930785033214,0.1863016258040916
1778454678753963295,3.998753963524933,1.1226435112347886,16.673223762347018,-0.09895130558797069,0.03298604109345376,0.12780582509271915
1778454678774258927,-4.278027249120826,1.6345647508860839,14.747645297518915,0.1287596202581645,0.14411442706028021,0.016063846810738434
1778454678794755597,0.30519507622681286,-2.876236674525611,3.3620507335082137,0.12023750476991092,0.1517502425377554,0.08792232460769248
1778454678815183748,2.3666993501675857,-0.3636187698834607,7.402094552792016,-0.3034820773060562,-0.15525044581109093,0.15105415614467485
1778454678835636270,0.44264594285331804,-0.43480049759440537,11.328706646419146,0.18391475169814153,0.056847964460563734,0.017427385288859006
1778454678856321662,1.182746451410555,-2.002974242301737,10.045074774925759,0.011358957291983416,0.14656879632089723,0.036039685515204783
1778454678876713536,0.5087719001264908,-2.0522590868952677,8.4188335157357,0.1357136664965794,0.004010848433391646,0.07169621671805769
1778454678897193335,2.891286907134554,-0.42388936864080445,7.054370417016496,0.18950525945843588,0.11650277287833866,0.030653708526628534
1778454678917609079,-0.40641258121581175,1.1726292085158305,7.208651725676239,-0.08470232849161073,-0.09143684503504826,0.1683710948168061
1778454678938032730,1.8593798043078518,1.529730665010857,12.345738688112908,-0.04209175105034293,0.10661711891196451,0.01088240059388027
1778454678958596252,4.5033007545979595,-2.3562480155471195,12.67032031281933,-0.011207604520912018,0.20424647394539733,0.020427169940724257
1778454678978978237,-3.8025767972806417,0.5979817238721257,6.6223651787215845,-0.05020480499516032,-0.06027999080999323,0.1427365714281394
1778454678999414221,-1.9707178065055864,-0.1669174582513451,6.51436585417098,-0.15560632935388036,0.32123807536814225,0.15514477157903658
1778454679019804891,4.294016929124867,-1.6358209675109001,6.816671716899116,0.2777261989928368,0.16354485037349833,0.1745751948922547
1778454679040307413,0.08106490109702011,2.1265415136302193,8.898285651891838,-0.090088305480187,-0.3032625476110788,0.20634564143246398
1778454679060767619,0.15572114106927407,0.3582431327767765,8.905804904916977,0.014154211172130584,0.2553109899510127,0.0334489624067757
1778454679081228141,-3.3720438595640054,1.0761607294176943,9.249106347744245,-0.07829369764444406,-0.06696132935278402,0.05458380881764453
1778454679101647311,0.45944951754123275,-0.4356972030592515,5.397231578685007,-0.13406242139957536,0.16361302729740435,0.16012168702417665
1778454679122098073,-1.3656511361893386,0.740061459928524,13.785272257620635,-0.028183658573513112,-0.1252525992924384,-0.053408438649504605
1778454679142567947,-4.455123626364726,2.0741953275890994,13.303548704979827,0.04878808851639306,-0.009624536347814055,0.16625761017571922
1778454679163130524,3.0503592491795235,-0.004242130156154766,11.540086040691502,0.022403618964760032,-0.12170739924932492,0.07449147059820486
1778454679183571194,1.7865462437610469,-1.417177327294601,12.000372044187548,0.03726618837627425,-0.0009660670117484366,0.1030576017148308
1778454679204014475,5.135603098634141,-0.047155292053920494,7.841752993116674,-0.48476451797218595,-0.3757346177231871,0.20839094914964482
1778454679224555978,-0.8437571488180914,3.8024267649041286,9.242400345735781,-0.35406935484432933,-0.1590001766259225,0.14287292527595144
1778454679244980537,-1.6710728226126288,2.9407207162899716,7.741390670387679,0.04012961918032744,0.028622717963467936,0.11321596337682904
1778454679265376429,-3.1668661864078507,1.9225816064300967,8.575496064541857,0.17975595933987382,-0.03900879055131234,0.14723624840593727
1778454679285818876,-1.407014832949703,0.07497899507028083,16.461584054940754,0.10169338146747117,-0.026805121172133236,0.12303344041929715
1778454679306733250,-2.827759192741195,-1.3820168242230892,12.148318637417386,0.1287596202581645,-0.18688453850348816,0.0016785158665664232
1778454679326825253,-1.413688923577094,0.5988931929102679,8.293265278013763,-0.1231541135746108,-0.32801077098896714,0.11676116341994253
1778454679347224163,-0.2369646738350952,1.7586416253664467,5.467282276759344,0.003927672586226309,-0.22008670044572404,0.08021833220631125
1778454679367744907,-1.483018314520045,0.7581575623343217,12.409551003891446,0.037198011452368215,0.01703264089944309,0.001337631247036281
1778454679388306947,5.733465882270599,-2.6332654156413913,6.544002723444763,-0.014616450716213442,0.18392975062140085,0.0786502629564726
1778454679408685914,-1.0012779411418908,-1.5545217559473206,6.293380911236967,0.07224095034006686,0.045598772016069024,-0.03288718455379003
1778454679429143639,2.3912000575084105,0.5197210826954728,8.34635741702906,-0.19508076829547089,0.06782444920943431,0.01224593907200084
1778454679449931383,5.342274426323152,1.9680773273623478,11.254316031700158,-0.2451908073664018,-0.021487321107463014,-0.0024802764917013147
1778454679469917608,-3.3873009101155582,1.746684745768144,6.725348293312411,-0.007935112173422649,0.1814753813607838,-0.03643238459690351
1778454679490423519,-1.1025484695456431,1.3105495298053462,7.921481499426867,0.22679803683503347,0.16620375040583343,0.021586177647126743
1778454679510866429,2.9574009230189575,-2.3627932257969757,11.848042379083644,-0.1757866988300648,-0.006692928619854828,0.1747797256639728
1778454679531311858,0.5107436999467273,-2.3298515230151815,9.190701484974497,-0.05197740501671706,-0.01432874409733002,0.018450039147449433
1778454679551828880,-0.12182017470310554,0.6484037238545233,8.996376452212635,-0.02354762774790318,-0.04814449835472016,-0.0011167380135807454
1778454679572305605,0.6038720644485013,0.6013027472749028,8.78118485418617,-0.19289910673047794,-0.0934821527522291,0.06999179362040697
1778454679592698701,1.062128991839778,3.0267436939987262,9.185934106971859,-0.12438129820491932,-0.1326838839981955,0.1645531870780685
1778454679613100982,-7.347284730466746,-0.22825449263655004,10.162209677853316,0.41094390830521643,0.21631378947676438,-0.028046622956462
1778454679633539226,0.4226346270625396,0.3516008371143529,5.556867405071645,0.30990570707648224,0.2039055893258672,0.0006558620079759958
1778454679654044044,2.9498596510180897,-4.423238633751652,10.552230806615455,0.18071043627455818,0.29778521354446846,0.028676577733353706
1778454679674513343,-1.1289914193587947,-0.12169023415735838,11.33206280821846,-0.051500166549374865,-0.18872531544895094,0.14150938679783087
1778454679694940254,1.698371269824681,-0.09960309262166339,8.835388134898855,-0.15696986783200095,-0.11502606070653412,0.044629977927364374
1778454679715374683,-2.3459532790359394,2.249030742926297,10.093918202933875,0.12766878947566804,-0.24094883916096876,0.03263083931990336
1778454679735820223,1.1294301341448838,0.17276769751113435,9.926127594247905,0.007677403401057877,-0.06402972162482479,-0.030228284521454915
1778454679756404522,3.7557929980518643,-0.8357396354282897,11.368164749276202,-0.016593581509488267,0.41177703031534807,-0.022047053652731494
1778454679776722118,0.5201364837034389,-1.1892014470299184,11.831327035481168,0.07394537343771758,0.13818303468045573,0.07019632439212506
1778454679797103991,1.1684998278904462,-0.31692798519137044,9.951271674860646,-0.04781861265844932,-0.02878225196540806,0.021858885342750857
1778454679817564254,-3.4539328159329457,2.1020574858082797,4.675462798333977,-0.23905488421485926,-0.1941794693614332,-0.0797247312772316
1778454679838040053,-7.879344445330343,3.9939957504934758,14.205169352421372,0.0716273580249126,0.21631378947676438,0.1432819868193876
1778454679858873927,3.8893102687895245,-0.7861378072530928,8.358625614457226,0.20020903651168237,-0.05441677535407478,0.015518431419490209
1778454679879220356,3.4037585026717805,-0.7616194720644927,7.005962839689835,-0.02013878155260175,-0.03709983668194354,0.07537777060898322
1778454679899649026,2.0384185566224806,-0.7602628189767704,6.469367259965414,0.04108409611501184,0.12188874986691492,0.03113094699397073
1778454679919985621,-0.8208659072435133,0.1032792928034742,3.2380175915676586,-0.06322659746121176,0.03223609493048744,-0.02954651528239463
1778454679940432513,0.45969744638044685,0.39364755598732865,8.03404117681811,0.044629296158125324,0.2732415209382982,-0.09492818530827596
1778454679961684294,5.098906526278392,-1.9275670820268045,10.544090524566771,0.01708581890008981,0.011101248519618606,-0.15069690906340727
1778454679981398131,-0.5459545600486362,0.4276681271319363,10.118701604298378,0.14587202815857764,0.07689198008893611,-0.02184252288101341
1778454680001875078,-1.9556917097003848,1.9475282651983112,7.355747718931375,-0.10365551333748665,-0.23379026215083576,-0.04181836158547976
1778454680022320989,-1.21975340795064,0.23683752189276525,4.414603030583814,-0.11135950573886787,-0.10814019139202524,-0.015979307425094957
1778454680042822881,-1.1750743198399882,1.0484243965886626,9.929319857625982,-0.06663544365651318,0.10504904966212586,-0.19446649421107756
1778454680063175736,-3.9563599570278543,2.201904503828249,10.01885018742723,0.3731738924612767,0.6678495565063912,0.09153570157471198
1778454680083692054,1.1439996918396698,0.2643092222479146,8.077450069610736,0.2199803444444306,0.05330276441745025,-0.052794846334350345
1778454680104043427,1.0424155267131467,-0.5968282439894841,8.52374055851176,-0.0834069669373962,-0.0017841900986207762,0.025881323853206538
1778454680124543504,5.894825225152216,-4.524542143941738,9.407683762650482,-0.10842789801090866,0.1888384891426349,-0.08572430058096212
1778454680144988526,-0.08020788780702987,1.9654244671968077,4.441575749180564,0.0266305882469338,-0.07725604486259433,0.10414843249732725
1778454680165440529,1.209119795823203,-0.45225766437284115,8.321997805591645,0.13891798192016275,0.4175038919234545,-0.10065504691638236
1778454680186262995,-0.9505361331555178,-1.8730594078456482,14.26863214385104,0.0013369494777972259,0.19783784309823066,-0.04495450008515707
1778454680206686832,2.263270870602491,-1.5424173184119094,10.896888482053019,-0.018093473835420898,0.010828540823994495,-0.04413637699828473
1778454680227150131,1.3699455872031858,-1.6495228377128344,4.2444294908688,-0.20769349921808616,-0.03416822895398432,-0.2628479488888241
1778454680247596005,-0.6610228000226037,-3.4245938122247286,11.063468951753842,-0.03302422017084113,0.04655324895075343,-0.25173511029214146
1778454680268083026,-1.4913893455739553,-3.9574387975611622,11.783831816060303,0.02485798822537706,-0.01562410565154456,-0.30675388788430646
1778454680288592678,-1.439956309195712,-3.4919115012746134,9.393712024065671,0.029562195974893027,-0.11298075298935326,-0.34881904993432605
1778454680309020588,-0.7538530575460155,-2.2147269619969525,7.0440455323456606,-0.07945270535084654,0.028281833343937787,-0.3257070727301824
1778454680329499851,-0.1511695377227411,-3.186415060146203,7.675446032960861,-0.00698063523873825,0.011033071595712582,-0.25234870260729575
1778454680349979168,-2.3318191954412457,-1.7653385468927016,10.453846326708573,-0.024842989302117716,0.12025250369317023,-0.24205398709748546
1778454680370456023,-2.5315953758773806,-2.234017139366376,8.840039562331034,-0.0038444967390609402,-0.007374697858915116,-0.3045722263193136
1778454680390935730,-1.8143936847962827,-2.791044190914729,9.826566468363433,-0.015911812270427983,-0.016374051814510876,-0.32270728807831717
1778454680411396104,-0.17064697067237114,-0.9481236444271111,10.39679002357904,0.012927026541822071,-0.0583028600167184,-0.14783347825935408
1778454680431899255,0.0802336381183282,-0.5126031551706683,8.997684323148372,-0.0029581967282825694,0.0017610099444927071,-0.06690746958289824
1778454680452343295,0.49416360029756334,-0.7143726286103473,9.486731315260915,0.0006551802387369417,-0.009147297880471854,-0.030705522988797113
1778454680472857483,0.3048730012367764,-0.10293101272695715,9.494791900898058,0.010609011129017102,-0.006147513228606599,0.000792215855788053
1778454680493247709,0.4557770479263211,0.06964380517774665,9.537262476081246,-0.013184735314186843,0.007896933096035272,0.010268808278726014
1778454680513707786,0.11530245297851663,0.1784673146734886,9.358979599121074,0.0027686648798238254,-0.001988720870338863,-0.005548238067472597
1778454680534250530,0.13364332904279838,0.03371881702937879,9.327416093300668,-0.003503612119530798,-0.001579659326902693,0.0034511158881231642
1778454680554637274,0.1889323943092139,-0.034364277370138085,9.306936947205681,-0.002003719793598171,-0.0017160131747147485,0.004746477442337705
1778454680575136351,0.12723227861205952,0.00029917363020953713,9.286677600577104,-0.002549135184846396,-1.1590077064034532e-05,-0.0016621534048289733
1778454680595559928,0.13746239470987529,-0.061997477996013406,9.306240997413928,-0.003435435195624767,-0.001988720870338863,-0.004730114980600254
1778454680616040524,0.14926300526397931,-0.04399531715516691,9.29916566978434,-0.0011174197828198,-0.0017841900986207762,0.001064923551412167
1778454680636572157,0.14962269378255724,-0.058417523861440224,9.318404189797713,-0.003503612119530798,-0.0028750208811172337,0.0017466927904724518
1778454680657015512,0.13354273361670557,-0.04878603767810097,9.28934945021296,-0.0028900198043765417,-0.001988720870338863,-0.0007758533940506024
1778454680677496811,0.13972545395536864,-0.03086996662879049,9.308561548984752,-0.0013219505545378832,0.000465648390278163,0.0003831543123518819
1778454680697895684,0.1431837121714908,-0.04279544427718607,9.29427213926477,-0.0001629428481353997,-0.0024659593376810604,-0.00016226107889634597
1778454680718289021,0.13598735000919285,-0.018889929773479808,9.303665393135113,-0.0015264813262559698,0.00012476377074802092,-0.0006394995462385453
1778454680738778191,0.13113576626458714,-0.057161363887574534,9.2857459562581,-0.0010492428589137705,0.0010110637815263918,-0.001525799557016916
1778454680759502398,0.1409575445150684,-0.04283397213431911,9.306226027243044,-0.006162512151865907,0.0014883022488685893,0.00017862354063379613
1778454680779649864,0.15033692514922617,-0.04636043129186357,9.289600257991523,-0.0019355428696921397,-0.0016478362508087208,-0.0018666841765470582
1778454680800233756,0.14328200075455058,-0.04161860002149931,9.301462313483068,-0.00425355828249711,-0.0006251823922182945,0.0003831543123518819
1778454680820826536,0.15532556544963724,-0.05475998189765785,9.299298111874004,-0.0027536659565644828,-0.00028429777268815237,0.0005195081601639387
1778454680841112688,0.13605217277859147,-0.03684266924681323,9.301333390493594,-0.0015946582501619976,0.000465648390278163,-0.004184699589352027
1778454680861520098,0.14683950299013962,-0.036819331708731085,9.300301199907828,0.00010976484748871293,0.0005338253141841942,-0.002889338035137486
1778454680881998694,0.13119584634108963,-0.04282099599167377,9.295285784599166,-0.0027536659565644828,0.0016246560966806448,0.002769346649062879
1778454680902416382,0.13597137455366,-0.03802292345293218,9.295342314123397,-0.002003719793598171,-0.001579659326902693,0.0006558620079759958
1778454680922983756,0.13226235520932836,-0.03442060435514832,9.289277950517844,-0.002003719793598171,-7.976700097006573e-05,0.0004513312362579105
1778454680943415018,0.14667125297456643,-0.03798253616268904,9.288314634297125,-0.003912673662966968,0.00032929454246610756,-0.001389445709204859
1778454680963894336,0.14664292582402014,-0.03917302022010455,9.285920851471234,-0.002685489032658455,-0.002329605489869005,0.0005195081601639387
1778454680984439450,0.14557318916548093,-0.03441670811728037,9.296676535371526,-0.005208035217181509,-0.0006251823922182945,0.0014739850948483377
1778454681004865139,0.13340719196349574,-0.021251456588096573,9.29044705204388,-0.0007083582393836284,-0.0012387747073725475,-9.408415499031781e-05
1778454681025332068,0.13698198657210378,-0.04157170174617991,9.280984923808488,-0.004458089054215197,-0.0011705977834665197,-0.001525799557016916
1778454681045804756,0.13963210605031431,-0.039223814733291895,9.298999656292127,-0.0015264813262559698,0.002033717640116818,0.0006558620079759958
1778454681066329018,0.13733768984908343,-0.033269002898161315,9.308533284222637,-9.476592422937198e-05,0.0012837714771505027,0.0012012773992242237
1778454681086830762,0.13946632637374387,-0.043975521111657256,9.285827231444259,-0.003435435195624767,-0.000488828544406239,0.0016103389426603948
1778454681107234580,0.14579638059444186,-0.03685223543902638,9.311074535289372,-0.0045262659781212244,0.0008065330098083051,0.0011331004753181951
1778454681127737046,0.14059690056008337,-0.04395966713352295,9.281049385303222,-0.002208250565316254,0.0008747099337143363,0.0029738774207809645
1778454681148105383,0.14190998732982393,-0.029627314912513247,9.294205052439965,-0.002549135184846396,-0.0011705977834665197,-0.0007076764701445738
1778454681168527626,0.14295633751582218,-0.042751114921567634,9.27868386723945,-0.0011855967067258277,-0.0010342439356544608,-0.0005713226223325175
1778454681188975296,0.14074937310523308,-0.03681335283859788,9.294212984410466,-0.0016628351740680287,0.0009428868576203606,-0.0016621534048289733
1778454681209418170,0.13609038128514864,-0.050006192887027234,9.298983736370825,-0.0021400736414102263,-7.976700097006573e-05,-0.0005031456984264889
1778454681229910210,0.14671611504683404,-0.05234336376118298,9.285969393044669,0.0003142956192067996,-0.0006933593161243187,-0.0038438149698218848
1778454681250276305,0.14925141102026354,-0.03562100934807233,9.301532975388358,-0.001867365945786112,-0.0020568977942448906,0.0003831543123518819
1778454681270965790,0.13943971211090242,-0.039186305278537836,9.28580957996301,-0.0004356505437595141,0.0011474176293384472,-0.0012530918613928017
1778454681291229108,0.1431455036649336,-0.029631920636972064,9.296621793387537,-0.0027536659565644828,-0.0012387747073725475,-0.0005031456984264889
1778454681311744222,0.1445850081831709,-0.03804834362327958,9.309861305060213,-0.000640181315477599,0.002647309955271078,-2.5907231084289217e-05
1778454681332196725,0.1431945489639088,-0.04160155026933837,9.295466824242558,-0.0013901274784439144,0.0018291868683987314,0.0002468004645398247
1778454681352603895,0.13838061425967182,-0.05835220268828545,9.288259836332838,-0.000640181315477599,-0.0025341362615870916,0.0008603927796940812
1778454681373070565,0.13477577961281248,-0.045202141478152436,9.292952050397698,-0.0026173121087524273,-0.00014794392487608998,0.0002468004645398247
1778454681393527198,0.12639788709238545,-0.04043865473116848,9.296401875701159,-0.00023111977204142917,-0.001852367022526804,0.0009285697036001098
1778454681413948015,0.14210807939853906,-0.046410030031024285,9.301461419712947,-0.0015946582501619976,-0.0006933593161243187,-0.004252876513258057
1778454681434421370,0.14322534645345789,-0.04399956813633027,9.296674747831283,-0.0005038274676655435,-0.0020568977942448906,-0.0018666841765470582
1778454681454902003,0.14812502006063163,-0.03324566536007917,9.307501093636871,-0.00023111977204142917,-7.976700097006573e-05,-0.001525799557016916
1778454681475386006,0.15159411506917178,-0.04397724900062705,9.294406368894675,-0.002685489032658455,-0.002329605489869005,0.0012012773992242237
1778454681495835528,0.1468720133673936,-0.03323764968518811,9.303885254841196,-0.002276427489222285,0.0006020022380902185,0.004405592822807563
1778454681516413864,0.13954883748638017,-0.036815567015003436,9.294194439159096,-2.658900032334252e-05,0.0015564791727746205,0.0018148697143784802
1778454681536865275,0.24666336614749287,-0.14527087570393774,9.190744472347918,-0.010321304510133647,0.0025109561074590156,-0.010320622740894592
1778454681557220537,0.4020353882114679,-0.8229682196776732,9.301080923998887,-0.0048671505976513665,0.017578056290691313,0.012041408300282755
1778454681578457096,-0.6332175640634095,-1.9523547401931003,9.985659231638772,-0.08586133619801323,0.02153231787724097,-0.04209106928110387
1778454681598172488,0.9634122247019984,0.07851721754669044,9.699722759221174,0.04817449620123881,0.012942025465081379,-0.11217694705650116
1778454681618643602,-0.6325938613169615,-2.128333263384764,8.726347502601387,0.011358957291983416,0.00019294069465405211,-0.12103994716428487
1778454681639099568,0.6772062742948141,-1.4936909944180092,9.563095564074997,0.02063101894320329,0.010760363900088464,-0.03200088454301166
1778454681659874460,0.21688969277792877,-2.705019790959836,9.557944677481286,-0.08367967463302031,-0.018351182607785704,-0.014752122794786443
1778454681680599223,0.7731564264600221,-2.30147988724389,10.32393869978905,0.016881288128371724,0.04069003349483497,0.0217225314949388
1778454681700684892,-0.41353064707904846,-1.9086402218846226,10.33415573568581,0.007063811085903621,0.04900761821137046,0.04394820868830409
1778454681722377970,1.1123334675618726,-1.7541661693981647,10.496243120776565,0.04831085004905086,0.028759071811279992,0.005700954377022105
1778454681741751473,-1.283978524452256,-0.9711469472282437,10.177067561397719,-0.22276059940131843,0.10184473423854254,-0.10917716240463592
1778454681762430642,1.0222941155701062,-1.484994596996556,10.514262539772625,0.13325929723596236,-0.04991709837627689,0.008768915952793386
1778454681782814220,0.11005939431687187,-1.1304327463504769,6.939605854508806,0.12276005095443399,0.07416490313269497,-0.00813896117590168
1778454681803186963,0.2335398191675058,-2.2495304485281173,9.389927000401197,0.03794795761533453,0.08875476484858508,-0.08981491601532382
1778454681823637059,0.4281308540743811,-2.022688898534794,8.908995095479186,0.08055853505660233,-0.040099621333808795,-0.08626971597221034
1778454681844607044,-0.06398640241390399,-2.527001744918454,5.752718735149226,0.006450218770749364,0.14636426554917914,-0.15451481680214488
1778454681865004454,-2.3712313122096944,0.6725139120996726,5.374671687629845,0.08219478123034703,-0.16431797669059273,-0.0577035848555844
1778454681885459717,0.01504120070896342,-1.241538424737216,14.298064361796287,0.01565410349806321,-0.08734622960068654,-0.08647424674392842
1778454681905882220,-7.105542179600119,-2.021935646930367,15.366869061639637,-0.05531807428811246,0.011442133139148748,-0.006230007306532882
1778454681926398445,0.5176104017766975,0.03266684641410211,5.776468832933873,-0.07133965140602916,-0.2635835778977702,0.10939805563809145
1778454681946840078,-1.673144130677116,0.9352288503087685,8.159771653167233,0.12098745093287724,0.014782802410544145,0.09630808624813397
1778454681967284451,0.5485531369030755,-1.85124484013125,9.742216753741143,-0.034524112496773764,0.08159618783845207,0.08696784767300807
1778454681987716177,-0.4364835685681051,0.9989990679512049,15.952970652467066,-0.05545442813592451,0.15904517339570043,0.032971723939433505
1778454682008166031,1.4436964284530618,0.12535596037289543,4.127690230039972,-0.1154501211732296,-0.09423209891519542,0.14403193298235392
1778454682028674460,-0.6895996076039222,2.004102849417587,3.0797552719896513,0.026698765170839828,-0.07827869872118476,0.05226579340483957
1778454682049305908,1.5681513754073777,0.36311999481919893,15.64217957071916,-0.20496642226184503,0.02691829486581722,-0.09629172378639653
1778454682069616819,1.5508861380279777,1.2611137608939371,15.20830547712999,0.0905123659468825,-0.1585229381585803,0.007609908246390903
1778454682089953081,0.6574336254031706,-0.6666866039169839,3.4110894064158432,-0.09029283625190508,-0.10323145287079119,0.17955211033739477
1778454682110460417,-1.3897677154055694,0.6465149941758559,7.152191388966091,-0.17360503726507193,-0.15579586120233915,0.056424585763107306
1778454682130942272,0.9189954570779729,1.9534032683768048,13.45536828506893,-0.04161451258300073,-0.1408651148669189,-0.055385569442779434
1778454682151873979,4.303209385060186,-2.3099905772772362,7.687182907661594,0.15139435899496595,-0.3299197248583359,0.030585531602722506
1778454682171861278,-4.490376404949209,-0.03155024842190868,3.580999379541909,-0.18519511432909674,0.02500934099644842,-0.08531523903752594
1778454682192270356,-0.018876807188683925,1.773725483851693,12.450100864550718,-0.1511066523760825,-0.27019673951665496,-0.1354252781084569
1778454682212791970,1.7734954099147626,-2.8230416976922017,10.820801682866527,0.37576461556970575,0.3137386137384791,-0.22003284067583825
1778454682233913028,-4.600452018788832,1.5838445714917624,7.180718334420198,-0.03731936637692093,-0.3056487399477898,-0.05409020788856489
1778454682253604328,-1.0219500435738593,1.9191075239667252,12.447262872937014,-0.11633642118400796,0.22435866649767572,-0.2925049107879465
1778454682274311775,-0.8545347697859398,-0.40510634385103683,8.890542557331207,0.27077215275442185,0.23294895890983536,-0.2340091100765741
1778454682294663556,-4.364448684568697,-0.12362149727711008,3.6216390078377385,0.15793934368994467,0.07873275703439889,-0.09104210064563234
1778454682315077800,1.924563647165267,0.5703766213188521,12.914841516627455,-0.22303330709694258,0.23922123590918998,-0.24266757941263972
1778454682335837618,-0.9415585454202787,-0.04636626224280632,15.245223694462775,0.11376069699883821,-0.12763879162914937,-0.106995500839643
1778454682356033362,2.1774808470154543,0.13237118271741571,10.08992399396909,-0.06363565900464793,-0.08523274495959965,-0.05177219247575992
1778454682376651624,0.004787269605569772,-0.16091493863493467,2.3873825662416284,-0.08020265151381285,0.11786631135645922,0.0018830466382845088
1778454682396968146,1.6275824454229486,0.5173534929736388,7.834658931747861,-0.1444253138332917,0.06346112607944848,0.07953656296725096
1778454682417535204,2.065943959160431,0.9606205400928529,13.868679771553841,0.035698119126435585,-0.049439859908934694,0.08662696305347793
1778454682441480393,-2.103777891477606,1.7974982416459893,4.4672520722119655,-0.07958905919865861,-0.06737039089622018,-0.09970056998169795
1778454682460802303,-0.29900281793301486,1.5235606382309599,5.569069072855163,0.1479173358757585,-0.0343727597257024,-0.2371452485762514
1778454682481808696,3.82440956268248,-1.348293341702674,10.199827721130074,-0.19358087596953827,0.24508445136510842,-0.24703090254262552
1778454682501765032,1.8328223909633612,4.150131886408946,12.501331875021059,-0.18799036820924392,-0.3214657862939884,-0.10740456238307917
1778454682522254109,3.700506811935165,-0.38361980443980026,8.156454321635863,0.21432165976023027,0.3155112137600358,-0.09424641606921567
1778454682542633279,-0.08673490829222043,-1.0384853140023387,6.895473860685909,0.15643945136401205,0.09598151878262409,-0.04918146936733084
1778454682563155319,2.3418616076036742,1.7330834060574742,7.725036031310511,-0.2535083920829373,-0.05755291385375209,-0.1639232323011768
1778454682584058785,-0.786336165340481,0.9926053213506338,12.945753556164927,-0.029751727823351767,-0.09839089127346315,-0.1631732861382105
1778454682604417510,-0.7971313810149852,0.5022061030576546,12.349143238655069,0.13482736648580101,0.023645802518327853,-0.07788395433176884
1778454682624903939,1.2148137934176084,-0.3197977246382875,4.726361963680274,-0.08211160538318166,-0.0968228220236245,-0.07338427735397095
1778454682645344461,0.10087769209608646,0.7746766468002149,6.864273491003036,-0.21478389930431313,-0.16861312289667252,-0.11251783167603131
1778454682665842686,1.1147066374153232,3.1032245319735834,16.777369653719767,0.0548558347440296,-0.03832702131225205,-0.07788395433176884
1778454682686287967,0.48142295763563325,-0.016669982480057466,11.676655973148552,0.12882779718207052,0.26485575929785665,-0.056544577149181915
1778454682706723192,-0.9971773261401716,1.3636001818879628,6.194227320051271,-0.09199725934955578,-0.18170309228662998,-0.188330571059535
1778454682727247233,1.5503185354927491,-0.7430300264477845,8.06937335264986,0.0859445120451786,0.2152229586942679,-0.2931866800270068
1778454682747723458,-2.5045078033055828,2.107567441674171,8.384864169261789,-0.1872404220462776,-0.4865221190704834,-0.2770969259851841
1778454682768043016,-0.0780278487508397,0.17838498313487577,10.094462355078038,-0.006844281390926191,0.2802637441006191,-0.40458777368945736
1778454682788559038,-2.2253638133277858,-1.6275827993606802,8.832998542021851,0.02847136519239657,0.1567953349068015,-0.3914296273755939
1778454682808969115,0.4470939296427081,0.15371471392466823,4.854253184616524,0.007677403401057877,-0.11400340684794369,-0.2574619719002479
1778454682829422359,0.9649779721966235,-1.771228477789573,10.92080552983936,-0.004458089054215197,0.12986544996392024,-0.16985462468100126
1778454682849833140,-1.0555520838622603,-1.3162744310092085,14.603070812078217,-0.007048812162644278,-0.1661587536360555,-0.1569691860627619
1778454682871263717,2.3696610415881456,0.6319456605036742,4.274443891813676,-0.1458570292353183,-0.21320083113121516,-0.19085311724405807
1778454682890926294,-2.1946510417230183,1.305682901504975,10.565991443940087,-0.06124946666793693,-0.03737254437756765,-0.17619507860426192
1778454682911367686,1.6172029203062064,-0.5047308013512368,11.019833555822354,0.08485368126268214,-0.050394336843619096,-0.03288718455379003
1778454682931816041,0.2707261825899815,-0.2605698757016202,8.080229634613877,0.16905218228662733,0.04416705661404243,0.009927923659195871
1778454682952301766,-0.8556606618556549,0.3818346990329135,8.780997774060527,-0.024433927758681542,-0.037236190529755596,0.06542393971870307
1778454682972731344,-4.475400480207558,-1.4578830680785133,12.884376592916196,0.19720925185981708,0.13041086535516846,-0.020206276707268725
1778454682993191013,6.633601140420648,-3.1060580317075996,8.337458529836843,0.14171323580030992,0.020032425551308346,0.06569664741432718
1778454683013610128,-5.63518821101796,-0.0680780039664744,13.881641883404741,-0.04604601263689258,-0.0508715753109613,-0.03431889995581663
1778454683034089445,-2.7301566296737785,-0.7947267525694748,10.748695451229207,0.12889597410597653,-0.1336383609328799,0.06194691659949562
1778454683054579745,3.349308889575286,-0.15787436342224023,7.698260871390884,-0.17040072184148858,-0.045553775246291076,0.05908348579544242
1778454683075001841,0.22084414771471775,0.1388757191315783,6.537543202321516,-0.13072175212818,0.16115865803678733,-0.00718448424121728
1778454683095433677,-0.008271755990845647,1.086109754233421,13.000598610570675,-0.20544366072918718,0.10334462656447516,-0.044204553922190755
1778454683115856032,1.789702104990213,0.386893752507056,10.427074970180634,0.275885422047374,-0.14577385338815296,0.14784984072109153
1778454683136374294,-0.7536792166177452,-1.0628872116020907,4.113593749287705,-0.1157228288688537,-0.3449186481176622,0.20055060290045154
1778454683156851131,-2.954837835737055,0.6814463758243083,10.219623455189998,-0.06943069753666035,0.08875476484858508,0.18173377190238768
1778454683177236523,-4.441823166273657,1.2959855255896502,10.380247559367888,0.11935120475913255,-0.36359912526791405,0.1157385095613521
1778454683197726952,3.9869900473550035,-1.1114452401489898,5.795841520368739,0.1388498049962567,-0.29330871672079867,0.07605953984804352
1778454683218270843,0.6965768039060927,0.12155759378573489,7.878040159375052,-0.1867631835789354,0.06639273380740773,-0.04672710010671381
1778454683238738569,5.395641168792825,-1.146849245667265,9.044949151399948,-0.1735368603411659,-0.04759908296347193,-0.12574415491380084
1778454683259225405,4.413946783878537,-4.255229581163446,8.04475195770446,0.12439629712817867,0.2651284669934808,-0.2520078179877656
1778454683279659779,3.948901736225778,-1.9769433402267285,7.385599936184345,-0.2310781841178539,-0.40116461034013573,0.020427169940724257
1778454683300162134,2.498784920194857,-1.3514157655446113,9.99833149192668,0.009450003422614619,0.18931572760997709,-0.21641946370881873
1778454683321398766,1.1046159476190278,3.6493456227599306,15.467340323703207,0.1837783978503295,-0.0846191526444454,-0.14660629362904556
1778454683341748881,-1.5151394055285714,-0.6262098136256836,5.398571046748399,-0.15322013701716936,-0.2431986776498677,-0.10140499307934867
1778454683362072847,2.75063853548736,-1.5279825383829366,7.858178744902778,0.05144698854872817,0.2212225279979984,-0.14681082440076365
1778454683382547572,-3.376931639558871,-0.4815067663761624,15.492073965769102,-0.005003504445463422,0.07586932623034567,-0.18430813254907932
1778454683402939705,-1.205219563736965,-0.003957438048059869,6.556778531103895,-0.08129348229630931,-0.21170093880528254,0.003928354355465364
1778454683423496263,-0.29958215048368697,-0.8437549261383692,3.1523786624994115,-0.09949672097921892,-0.09430027583910144,0.05826536270857008
1778454683443928618,2.7510478067323505,-0.2506685292147156,10.01624976087596,-0.09022465932799904,0.2228587741717431,-0.0023439226438892583
1778454683464274269,0.47034563796468054,1.442932753534584,17.893081793223665,-0.015230043031367699,-0.15715939968045972,0.04681163949235729
1778454683484757735,2.1098954599599327,-1.3289216120683285,3.993368937580727,-0.11251851344527038,-0.10084526053408019,0.12030636346305601
1778454683505613424,2.7796417819265367,-1.3686320576629623,8.673247722890274,0.016472226584935554,0.2707189747537751,0.048107001046571826
1778454683525803390,-4.68862845217931,2.0076300153727797,13.398482567122697,0.17409727465567343,-0.10268603747954294,0.06446946278401867
1778454683546498448,5.308625007920973,-2.416448930148903,5.394185730203436,-0.11749542889041044,-0.057484736929846056,0.08239999377130416
1778454683566971822,-2.4960504274504935,1.5100270039343453,7.586337288275526,0.03283468832238239,-0.13370653785678593,0.0015421620187543662
1778454683587371417,0.8959625944607602,4.638987548212617,9.676269563163503,-0.0822479592309937,0.09298173413075883,-0.19964794042793574
1778454683607832420,1.506313969556586,4.981869858085261,10.753810926951381,0.02976672674661111,-0.06593867549419359,-0.17380888626755092
1778454683628309924,1.6252356464197055,3.111698791850191,8.323990714726746,0.006382041846843335,-0.044667475235512705,-0.250644279509645
1778454683648690445,2.2873825363518687,3.2166080501335172,8.500481284149515,0.019472011236800806,-0.04971256760455881,-0.2608708180955493
1778454683669208319,1.234940103267176,2.9531592594056706,9.073783372962195,-0.020547843096037924,-0.02394169036808004,-0.3166395418506806
1778454683689567340,1.8765851297595393,3.069314853983097,9.906867390286942,0.06774127336226898,0.012942025465081379,-0.4250408508612659
1778454683709915288,2.3790748240025055,2.644568436521139,9.717158589657492,0.02294903435600826,-0.013987859477799878,-0.37424904255127467
1778454683730386791,1.6799820306891249,2.7208436024061955,9.380002395981688,-0.021297789259004232,-0.020873728792308754,-0.2587573334544624
1778454683750864386,0.8041945861585079,0.9016518416418993,8.556623381301284,-0.021365966182910263,0.013896502399765774,-0.17237717086552434
1778454683771338927,0.11157536029767409,0.10359461267048131,8.745398105598523,-0.04188722027862484,0.027463710257065448,0.0767413090871038
1778454683791769096,0.1611506926606228,-0.2527642300685037,9.45954333977577,-0.0029581967282825694,0.006260686922290586,0.01504119295214801
1778454683812212414,0.4597541737930597,-0.3069286232526091,9.338477370602106,-0.010457658357945702,-0.0013751285551846064,-0.012297753534169417
1778454683832719306,0.28051147775685925,-0.11080640354106569,9.302633320769317,0.003927672586226309,-0.0038294978158016323,-0.0005713226223325175
1778454683853151476,0.2720374329930637,0.11786536743195286,9.301679191031463,-0.002003719793598171,-0.0025341362615870916,0.0018148697143784802
1778454683873584534,0.25812143107481267,-0.17073072055892483,9.308497093749395,-0.003571789043436826,0.001965540716210787,0.0008603927796940812
1778454683894051834,0.25582855725794496,-0.015039090803331046,9.292316603332116,-0.0002992966959474569,0.0005338253141841942,-0.0014576226331108875
1778454683914424504,0.2730151111822672,-0.10837052147602433,9.283327657950846,-0.00466261982593328,0.0028518407269891577,0.00017862354063379613
1778454683934902210,0.24783808645131408,-0.09885563726646301,9.288898393950072,-0.0011174197828198,-1.1590077064034532e-05,-0.001525799557016916
1778454683955342287,0.2740612978722957,-0.0365778091088782,9.299868800856906,-9.476592422937198e-05,-0.0004206516205002078,0.0009967466275061384
1778454683975878642,0.24443552709987745,-0.10009709320871357,9.302037247395392,-0.0008447120871956856,-0.0008297131639363811,-0.0016621534048289733
1778454683996285720,0.2658063973249555,-0.06652249735028126,9.298650208007013,-0.002208250565316254,-0.0011705977834665197,-0.000844030317956631
1778454684016705945,0.2657387082463355,-0.09521346299337924,9.283167844869187,-0.004117204434685055,0.0008065330098083051,0.00011044661672776797
1778454684037151948,0.25619374592071664,-0.07132260669378071,9.296121301781096,-0.005548919836711651,0.002033717640116818,-0.0035711072741977713
1778454684057544006,0.25767392928451394,-0.09649105524470952,9.305825300093835,-0.003980850586872996,-1.1590077064034532e-05,-2.5907231084289217e-05
1778454684077998102,0.2621713246547356,-0.08565872360851806,9.289072395393084,-0.0020718967175041986,0.0018973637923047626,-9.408415499031781e-05
1778454684098439272,0.2659096265860207,-0.07252265694340926,9.303468663750982,-0.003435435195624767,0.000465648390278163,0.00017862354063379613
1778454684118831775,0.2624819678743383,-0.08811130068242501,9.309465884551436,-0.0021400736414102263,-0.0014433054790906341,-0.00023043800280237456
1778454684139349167,0.26350684246060996,-0.07850678518675525,9.3010554419036,-0.0015946582501619976,-0.00028429777268815237,0.00011044661672776797
1778454684159786003,0.2660577179193535,-0.09288364413503114,9.305941878242491,-0.0013219505545378832,0.0003974714663721318,0.0014058081709423095
1778454684180222377,0.2587961370174381,-0.10125759719883026,9.298666909737843,-0.0017310120979740565,-0.0017160131747147485,0.0009967466275061384
1778454684200589065,0.2694137023108176,-0.08326106048482157,9.29277213470499,-0.001458304402349942,-0.001102420859560492,0.002769346649062879
1778454684221370179,0.25387004713253225,-0.08210618062154268,9.297323024959265,-0.001458304402349942,0.000465648390278163,0.000792215855788053
1778454684241634571,0.2643718954556309,0.2136227592341789,9.306011281290667,-0.002276427489222285,-0.0013069516312785787,0.00011044661672776797
1778454684262021204,0.2660820598283016,-0.06896825452332384,9.316645501469162,-0.002549135184846396,-0.001852367022526804,-0.0018666841765470582
1778454684282485096,0.25772468747119404,-0.10248098498654096,9.307046462293496,-0.0027536659565644828,-0.002329605489869005,-9.408415499031781e-05
1778454684302902525,0.27083324613192394,-0.08808557159628949,9.305998407766726,-0.003912673662966968,-0.0019205439464328351,0.0019512235621905374
1778454684323386231,0.258578084251592,-0.08088297020547969,9.291397303853929,-0.002344604413128313,0.00032929454246610756,0.0016785158665664232
1778454684343846438,0.2741667994872542,-0.07128257414683303,9.294001284855451,-0.002549135184846396,0.000465648390278163,-0.0030256918829495434
1778454684364235089,0.2563743476313034,-0.08810191186185956,9.302178571205975,-0.0015946582501619976,-0.000488828544406239,0.0014058081709423095
1778454684384658222,0.2708142408712,-0.06894575801597286,9.31192329108224,-0.004117204434685055,-0.0008978900878424054,0.0014058081709423095
1778454684405109688,0.256445264500224,-0.07256764995811121,9.31291308452483,-0.0012537736306318555,0.0009428868576203606,-0.0018666841765470582
1778454684425566395,0.2564226354789808,-0.09050333967928365,9.304585592642802,-0.004049027510779023,-0.002670490109399147,0.0007240389318820244
1778454684446050731,0.2646206837401188,-0.08805572307313103,9.291516507332656,-0.001458304402349942,0.0027836638030831334,-0.00016226107889634597
1778454684466558031,0.2622521228796669,-0.08447846940239911,9.29506347176328,-0.002549135184846396,-0.001102420859560492,-0.0017303303287350019
1778454684487003700,0.2647315220033015,-0.07970528491906176,9.302277497873384,-0.0011174197828198,-0.0017841900986207762,0.0004513312362579105
1778454684507420055,0.24797725186504313,-0.08931471505497829,9.302053167316691,-0.001458304402349942,0.0018973637923047626,-0.002207568796077201
1778454684527941651,0.2456027948901787,-0.09410835924090877,9.3020337282952,-0.0011174197828198,0.0016246560966806448,0.0036556466598412496
1778454684548253228,0.2551688713344451,-0.08092712218945036,9.304531744428933,-0.0012537736306318555,0.0012155945532444784,-0.0009803841657686882
1778454684568675027,0.2614304790252252,-0.09292660034497524,9.317858675718025,-0.0028900198043765417,-0.0011705977834665197,0.0012694543231302523
1778454684589111993,0.24790653298123191,-0.07973287343830726,9.300818766506094,-0.0024809582609403684,-0.00021612084878212118,-0.0011167380135807454
1778454684609508626,0.2452522302763138,-0.0844719584173228,9.281613761914974,-0.002549135184846396,-0.00014794392487608998,0.00017862354063379613
1778454684630018888,0.25271361613464904,-0.08690102058149979,9.298521229037243,-0.001867365945786112,-0.00021612084878212118,-0.0007076764701445738
1778454684650512391,0.264843117717782,-0.08092304857993476,9.309476497832303,-0.001867365945786112,-0.000488828544406239,0.0003831543123518819
1778454684670940765,0.25750396638123585,-0.1036339595892024,9.29146260313849,0.0006551802387369417,-0.0014433054790906341,0.00017862354063379613
1778454684691303194,0.26015010061784805,-0.0785611670220226,9.31778717602291,-0.0043899121303091655,-0.0020568977942448906,0.00011044661672776797
1778454684711748271,0.263694097736907,-0.09648339431311398,9.30711712419879,-0.0009810659350077428,0.0018291868683987314,-0.0020030380243591154
1778454684732236515,0.25534034914031867,-0.09292062147484209,9.311770460220666,-0.002685489032658455,-0.00028429777268815237,0.002769346649062879
1778454684752757573,0.26813579424244316,-0.07248412908627627,9.291514775772708,-0.0015264813262559698,-7.976700097006573e-05,0.000792215855788053
1778454684773029984,0.2660719804871813,-0.07973035034611375,9.311888825909568,-0.0037081428912488813,0.0006701791619962497,0.00017862354063379613
1778454684793504728,0.2525820597230376,-0.0820913450457873,9.291308990467387,-0.0013901274784439144,-0.001102420859560492,0.0014058081709423095
1778454684813940545,0.24085407892555902,-0.07857954409235046,9.311494962760474,-0.004049027510779023,-0.001988720870338863,-0.0006394995462385453
1778454684834392086,0.2661160851081511,-0.0845229761296653,9.313105575238916,-0.003435435195624767,-0.0005570054683122633,0.0014739850948483377
1778454684854852329,0.2588012756805529,-0.08331849752722559,9.305795303771772,-0.002685489032658455,-0.002329605489869005,-0.0007076764701445738
1778454684875271036,0.2540074996585564,-0.07854495830059283,9.308101666981244,-0.0017310120979740565,-0.0037613208918956045,-0.002616630339513372
1778454684895674558,0.25787221933833837,-0.08815766684280124,9.32258177987507,-0.002685489032658455,-0.0026023131854931193,0.002564815877344794
1778454684916085727,0.2660636140337661,-0.08451274627836874,9.30950828169461,-0.003980850586872996,-0.0021932516420569495,-0.0016621534048289733
1778454684936606767,0.25403582680910275,-0.07735447424317737,9.310495449807133,-0.001867365945786112,-0.000488828544406239,-0.0015939764809229447
1778454684957053826,0.25039999668758495,-0.08692249868647184,9.304479627775013,-0.0028218428804705105,-0.00035247469659417663,-0.00036679185061443175
1778454684977502292,0.24675181487105366,-0.07854801350772955,9.304393101928715,-2.658900032334252e-05,-0.0006933593161243187,0.0006558620079759958
1778454684997930406,0.24072252251394746,-0.07376986855663786,9.304282724190614,-0.0015946582501619976,0.0010110637815263918,-0.0017303303287350019
1778454685018378743,0.2542314485388152,-0.09054868743728106,9.31893767631728,-0.0011855967067258277,-0.0008978900878424054,-0.0012530918613928017
1778454685038815431,0.24922284754127302,-0.07855722495664724,9.309226583823863,-0.002208250565316254,-0.0009660670117484366,-0.0031620457307615997
1778454685059232786,0.2516271465692794,-0.0917095003431857,9.304515824507632,-0.0024127813370343407,-0.001988720870338863,0.0002468004645398247
1778454685079706159,0.255646051681916,-0.08819619469993423,9.334535667853347,-0.0015946582501619976,-0.00035247469659417663,-0.0009803841657686882
1778454685100178958,0.25398829641272314,-0.08452124824069546,9.3045264377885,-0.0027536659565644828,-0.0010342439356544608,-9.408415499031781e-05
1778454685120698906,0.3793709698564297,0.0045833334551450555,9.21143695203065,0.003927672586226309,0.0017610099444927071,0.0028375235729689078
1778454685141014502,-0.041605835211772274,0.03266642492747729,9.161672682631801,-0.004935327521557394,-0.0011705977834665197,0.02635856232054874
1778454685161399134,0.1264686539323597,0.3465665524065836,9.200303424344401,0.03160750369207388,-0.022032736498711243,0.08035468605412331
1778454685181824563,0.251134107700718,0.5130788590355086,9.251980851133814,0.018244826606492293,-0.009215474804377885,0.11710204803947268
1778454685202310659,0.4184896642817968,0.8984070115571643,9.43300237404903,0.01674493428055967,-0.009079120956565826,0.21725394925742852
1778454685222753458,0.6078108232928684,0.9021794615564984,9.494656534460251,0.015176865030721012,0.006601571541820728,0.2943620501951468
1778454685243083943,0.19708101227810362,-0.073309358662423,8.698204911479873,0.05881009633057925,-0.006352044000324686,0.4988928219132323
1778454685263603890,0.7419145619336184,0.11720764698078012,9.422830547505948,-0.04884126651703975,0.043144402755452,0.5359810685181118
1778454685284089523,0.7678650007575296,-0.9903922360478683,9.055585982782336,-0.051772874244998976,0.05698431830837578,0.7813498176559084
1778454685304458748,0.829312766380584,-0.48154687059542756,9.099060031602049,0.05874191940667322,-0.040372329029432906,1.0429446746833397
1778454685324949399,0.062008893989445785,-0.13366695823935149,10.03181498174292,-0.11156403651058595,0.03250880262611156,1.1319837373046129
1778454685345323958,-0.25735991686308607,-1.219545408368707,8.544257413484296,0.06590049641680622,-0.09539110662159792,1.2356808385656823
1778454685365905405,0.4018175978917161,-0.20888709836916722,9.765206135815824,-0.0979968286532863,0.049484856678712656,1.3741481710188261
1778454685386201686,0.03956750217276317,-0.3217902617303651,10.068109832797575,0.02104008048663946,0.03639488728875518,1.395692078973131
1778454685406678560,0.17362796207439954,-0.4872367763789754,9.815429538781576,-0.08940653624112671,0.0342814026476683,1.3079483779060725
1778454685427808711,0.40244388394203556,0.17248767189866226,9.128470848946712,0.011427134215889444,0.036326710364849156,1.4031915406027944
1778454685448285510,0.28273901480422514,-0.10695849308130978,8.797952662988887,-0.046318720332516695,0.0785282262626808,1.294722054668303
1778454685468433698,0.5235937117284707,0.6989892534667546,9.733849530561912,-0.1032464517940505,0.020236956323026425,1.4665279029114948
1778454685488951850,-0.7008311923295673,-0.40934822409286126,9.634999835959817,-0.007526050629986479,0.026304702550662966,1.536750134534704
1778454685509247704,0.012327590545745948,0.33562436970500614,9.60018198128388,0.029971257518329197,-0.034100052030078286,1.5474539115879506
1778454685529704689,0.1940568992063936,-0.6492389645326213,7.03747461703494,0.04674278079921221,0.054257241352134646,1.7369857600467098
1778454685550136414,0.9229379988312546,-0.10929568713939897,12.534971478183706,0.2644998757550672,-0.09430027583910144,1.739849190850763
1778454685570987065,1.4052204182962333,-0.9444519199331591,9.320618028079775,-0.1860132374159691,0.03578129497360092,1.832910691982492
1778454685591070643,-0.18985217381052427,-1.683053645283509,8.224487910605598,-0.02150232003072232,-0.011669844064994911,1.9900585015858876
1778454685611486831,0.3639804664980564,1.4590342763199309,8.045510198260876,-0.13528960602988388,0.012260256226021095,2.036827871385423
1778454685631937149,-1.048294317478215,0.12429739403723755,11.19695828056492,0.07810416579598531,-0.028986782737126147,1.995785363193994
1778454685652330374,1.2240029119286984,1.935850568554953,8.927424538698428,-0.08354332078520825,0.010487656204464353,1.876134861738914
1778454685672901432,-0.0051274469551094715,0.8599845525069927,7.941261931502942,-0.09663329017516573,-0.04998527530018293,1.9089961390616197
1778454685693237361,1.5471978002429643,-0.2591909382087504,9.273591570852439,-0.04359164337627555,0.014237387019295923,1.9471070395250896
1778454685713670772,-0.9881946029151428,0.4374235236593245,8.932197825559356,0.15214430515793226,0.11909349598676774,1.9893085554229213
1778454685734162497,-0.09605648665283811,-0.8136502984838236,8.647188376472121,0.04162951150626007,-0.12613889930321676,1.7621430449680344
1778454685754559741,2.0050000862569513,-2.069578548268194,10.848041009367014,0.07244548111178495,0.045462418168256975,1.8010720685183765
1778454685775359577,-0.5013906356752889,1.0046111901681238,8.534877262625903,0.027312357485994084,-0.011465313293276824,1.828001953461258
1778454685795630580,-0.19439824054825358,-0.293293989404273,10.414445577662692,0.07762692732864311,0.11098044204195034,1.8275928919178217
1778454685816116454,-1.0671847448648257,1.0138971861449315,7.847570539123641,-0.07038517447134475,-0.05059886761533718,1.622789412504112
1778454685836485661,1.4755487031448524,0.3822215662260336,11.84762818644104,-0.042568989517685125,-0.02032831340106053,1.5207967343406934
1778454685856944108,-0.4342603299759542,0.017532560758634685,7.085305051841743,0.09903448143513606,0.005578917683230301,1.548544742370447
1778454685877376278,0.9011343043548771,-1.2290841768785918,9.709461478263119,0.11744225088976376,0.04416705661404243,1.74230356011138
1778454685897845781,0.14881781031671362,0.11157235861084136,9.327370344998192,-0.001458304402349942,0.08268701862094854,1.7915272991715325
1778454685918304006,-0.1691911557675148,-0.9958191281588415,9.07828741336401,-0.11667730580353809,-0.10132249900142237,1.6620593206739844
1778454685938689268,-1.023160125995638,-0.3849769124962518,8.85789375714148,0.0881261736101715,0.0005338253141841942,1.5186150727757006
1778454685959145679,1.4363183684706944,-0.4470252676405143,10.819025895907759,-0.03506952788802199,-0.02107825956402684,1.8316835073521833
1778454685979582552,1.1045694172054716,0.2233137590676651,8.568502547249242,0.11962391245475668,0.03700847960390944,1.8563635538061658
1778454686000003444,0.23494460790565838,-1.3745490039506367,10.311085535840457,-0.06758992059119759,-0.21217817727262472,1.7185779905920822
1778454686020484651,0.6239305629329027,-1.2960037525395751,6.146135883691798,-0.01897977384619927,0.10089025730385814,1.67071779001005
1778454686040836783,0.11168723006172274,0.6421146242200606,11.757282875446654,0.2024588750005813,0.10818518816180317,1.916563777615189
1778454686061275564,1.3303648218112352,0.9329435729420259,8.846363825323238,-0.06936252061275433,0.04287169505982789,1.9081780159747475
1778454686081708771,2.045234817234627,-0.5667617513063711,10.387703169279948,-0.006367042923583994,0.0586887414060265,2.074734241077175
1778454686102110404,1.404784833224295,-0.6998944281769429,9.630224096569973,0.05281052702684874,-0.09095960656770605,1.919222677647524
1778454686123068777,-0.8356519082111055,1.7469182482240544,11.658344895632215,0.1752562823620759,0.11800266520427127,1.866521915468164
1778454686143163206,1.2221952642449023,-0.28107640932432537,11.261078712557032,-0.024229396986963463,-0.07541526791713155,2.098800695216003
1778454686163567339,0.4241160444296066,0.5331929064778571,8.198425471237117,0.07912681965457574,0.17656664283954976,1.9601288319911412
1778454686184021471,-0.08219460368797116,-0.3666689339027072,9.35549220243804,0.032902865246288424,-0.033486459714924026,1.8779756386843767
1778454686204410882,1.4727893306850228,-0.014919044512095359,7.966052491025372,0.062082588678068616,-0.007374697858915116,1.7154418520924049
1778454686225004033,0.29154298404632495,-0.8090916373978856,8.148460744381644,0.0005188263909248845,0.021123256333804796,1.796981453084015
1778454686245409573,0.4141864472919091,0.07113674563546968,8.989954590308542,0.009859064966050789,-0.034100052030078286,1.8415691613185576
1778454686265853150,-0.7325155442241631,-0.3629207297851106,9.290283068952643,0.08962606593610413,0.06516554917709921,1.842319107481524
1778454686286262412,1.5991272643647687,-0.4328127252136938,9.312182370896421,-0.11722272119478634,-0.117139545347621,1.708624159701802
1778454686306768693,0.5129963576756493,-0.5815511117110397,8.275740801477076,0.016335872737123495,0.09216361104388648,1.899860431258212
1778454686327278604,-0.3613122825492841,0.0036951684016552355,9.45054593356382,-0.006776104467020164,0.022282264040207285,1.9569926934914639
1778454686347650162,-1.2571826625326092,-0.9184150492379852,7.258176649648275,-0.07686198224241746,-0.04923532913721661,2.0479407099821056
1778454686368109258,1.2001916446701433,0.7720967461588699,9.736849693027567,-0.015843635346521955,0.07900546473002298,1.8674082154789424
1778454686388600483,0.1450805257927428,0.3928900310981773,9.341884501997404,0.010609011129017102,0.08889111869639713,1.8983605389322793
1778454686409076319,0.07244489014830383,-0.6349675191045501,9.075927434035854,-0.01782076613979678,0.004079025357297671,1.9828317476518487
1778454686429585211,0.00021754937519158357,-1.556667054745642,9.784231347617418,-0.006912458314832223,-0.05196240609345775,1.807003460898201
1778454686449944362,0.6208025686374128,-0.4789499062482953,7.640466597663218,0.028130480572866427,0.05493901059119493,1.8244567534181444
1778454686470425273,0.8850206518130451,-0.6241003111645219,9.161573689734059,0.06801398105789311,0.1518184194616614,1.8448416536660468
1778454686490831609,0.20218811183134253,0.4615206276748583,9.662603672022726,-0.05497718966858231,0.04075821041874101,2.0083980941166093
1778454686511308242,-1.7797433794006887,0.8714172981773887,9.88105151388376,0.023971688214598687,-0.009420005576095968,1.8264338842114192
1778454686531876078,0.3496387526255377,-0.6174064279486899,10.231010668965492,0.0027686648798238254,0.0021700714879288735,1.6713995592491104
1778454686552314859,0.1928054379292646,1.0714817336580555,11.555589887492498,-0.023752158519621258,-0.0011705977834665197,1.8789982925429671
1778454686572899399,0.015222273670084996,-1.3494193436607276,8.503382470181588,-0.04754590496282521,0.04662142587465946,1.8624313000338022
1778454686593185736,0.010279821772017417,0.16334072975260167,9.971204440042323,0.01763123429133804,-0.02619152885697898,1.9929219323899408
1778454686613676850,0.18584144522331383,-1.7620060831983346,8.030375986465279,0.07912681965457574,0.015055510106168263,1.7894819914543518
1778454686634086316,-0.20084449521976938,0.17322405953968262,10.560120867300576,0.027653242105524226,0.0984358880432411,1.8802254771732756
1778454686654550837,1.5300992696478597,-1.0121622714440628,9.216097104600438,0.0740135503616236,-0.036963482834131485,1.89045201575918
1778454686675332451,-0.2684886553218631,-0.4664758227200058,9.382942857662686,-0.05559078198373657,-0.1180940222823054,1.9445844933405665
1778454686695592325,0.3198509202910912,0.02514920501692952,8.264577837271728,0.005495741836064966,0.02957719489815233,1.8980196543127492
1778454686716091754,-0.5999876938423446,0.007949573540418198,8.228845780770103,0.015517749650251154,0.030327141061118647,1.7431898601221585
1778454686736542849,0.7006024386488984,0.6384952671607396,10.903250072972034,0.16912035921053337,-0.02435075191151621,1.9237905315492279
1778454686756970278,-0.11938850590331664,-0.07302616669310452,8.808399400414114,-0.042500812593779094,0.045189710472632864,1.8183890071905078
1778454686777340726,1.6449902336692244,-0.8654062041314339,11.55503413809178,0.09494386600077435,-0.06573414472247552,1.83345610737374
1778454686797781414,0.7931197162794082,0.09102824756472339,8.14937548131125,0.040334149952045525,0.047712256657155915,1.874089554021733
1778454686818190991,0.5385257468707692,-0.43662819120410545,7.858425927687258,0.1089201354015102,0.08418691094688116,1.9173137237781552
1778454686838608901,0.6095997350338804,0.7877521473569458,10.150848050421574,0.017358526595713925,0.03625853344094312,2.0079890325731733
1778454686859058664,-0.003471127017340897,0.517883900834401,9.07899590028242,0.029425842127080968,-0.17843059993914062,1.816070991777703
1778454686879580204,1.1675590632442048,-0.06586335375323371,8.828262258402113,0.13421377417064678,-0.046917313724411644,1.8224796226248696
1778454686899934633,1.18866239739001,0.3028669256124438,8.438844890464244,0.05281052702684874,-0.009692713271720083,1.8064580455069528
1778454686920423858,-1.1685110693553646,0.6686755564388198,8.753551703814795,-0.13092628289989805,0.07416490313269497,1.7692334450542613
1778454686940785768,-0.09535430662409629,0.3800345432485867,8.240100278444107,0.08751258129501725,-0.09280038351316883,1.814025684060522
1778454686961233623,0.7799710704020363,-1.0996842473591881,9.598031004206469,-0.044546120310959954,-0.0060793363047005715,1.9460162087425932
1778454686981700145,0.03788456898273515,0.5487582273071205,10.446173288403854,0.043470288451722836,-0.009420005576095968,1.9709007859682937
1778454687002098111,-0.44984659378870606,-0.10394718706197953,8.93527345083345,0.0670595041232087,-0.016374051814510876,1.8402056228404369
1778454687022569225,0.5240325005307941,0.7323479657498628,8.540915028713577,0.08342196586065553,-0.05100792915877335,1.8613404692513058
1778454687043016598,-0.2834219348966558,0.06127558036112707,9.463530535608937,-0.047682258810637264,-0.09327762198051102,1.862158592338178
1778454687063392083,0.7563516034267588,-0.4321967597624791,9.794266505581083,0.041220449962823896,0.00864687925900158,1.8753849155759477
1778454687083877993,-1.028805397507528,0.7305803775285253,9.386064722189076,-0.06424925131980219,0.04893944128746442,1.7930271914974651
1778454687104220515,0.017417082727606836,-0.09959156010546422,7.725681416564038,0.054105888581063286,0.11438928823725178,1.8422509305576178
1778454687124808425,-0.4283298894740024,-0.9881814725883158,9.583751650040425,0.11403340469446234,-0.16015918433232498,1.802026545453061
1778454687145135428,1.0144565955604794,-0.026080093161109985,8.632743723716132,-0.043932527995805694,0.032304271854393475,1.773596768184247
1778454687165608283,0.5540764416186199,0.138040574036914,9.96651244573094,0.026835119018651883,0.021395964029428914,1.890520192683086
1778454687186070916,0.06688677940375162,0.5264642936330812,8.638888311046877,0.01988107278023698,0.1008220803799521,1.909541554452868
1778454687206623789,0.6146991295090087,1.4937903027499546,9.449475961256695,-0.02013878155260175,0.05180287209151762,1.9175864314737794
1778454687227427033,1.4226650144271682,-1.0155381455368955,10.73814316951923,0.04142498073454198,-0.057484736929846056,1.8361150074060753
1778454687247620814,0.9180804559119399,-1.3118995236394189,8.122790060204629,0.10810201231463785,0.05153016439589351,1.9619696089366039
1778454687268071928,-1.1228961828886426,-0.2775022214552594,8.890731180544572,-0.002685489032658455,0.051734695167611595,1.878861938695155
1778454687288426283,0.06455878995186706,0.12748118888556953,9.152182712616202,-0.04959121268000606,0.05193922593932968,1.8936563311827632
1778454687308920600,0.3740353693237195,-0.9764903273485788,9.792715118709074,0.054924011667935625,0.041099095038271145,1.914723000669726
1778454687329881585,-0.8686049697571542,0.5090086069583675,8.682037079000768,0.02608517285568557,0.0033972561182373864,1.8748395001846994
1778454687350273162,1.4743170274714639,0.5527086286099612,10.015205693968872,0.05137881162482214,0.1659310427102093,1.8478414383179123
1778454687370869665,-0.9850913855052538,-0.21528537617962495,7.74537064669285,0.01763123429133804,-0.08155119106867412,1.783141537531091
1778454687391097538,-0.2490613426230484,-0.5970254791325342,11.078837840004269,0.06630955796024238,0.03987191040796264,1.7794599836401657
1778454687411576486,-0.06142535077599234,0.11834612085897334,8.080925397686611,0.11089726619478503,0.008919586954625698,1.8194116610490982
1778454687432046915,0.7158011163261626,-0.9223169708263965,6.578982781798804,0.05935551172182748,0.056507079841033585,1.898156008160561
1778454687452393159,-0.006912409344351611,1.4290254589901608,11.163999006983353,0.04837902697295689,0.10048119576042197,1.9354487855371587
1778454687472862884,-0.06648638274604343,-0.9166160182444907,8.2488105250612,-0.056817966614045076,-0.13541096095443664,1.7335087369275024
1778454687493262239,0.620528069053033,-0.20499619615531559,8.13698451819672,0.10223879685871941,0.11527558824803014,1.7487803678824527
1778454687513762779,0.25784607851086294,-0.10588568601333698,8.407949138333938,0.019949249704143007,-0.05366682919110846,1.7575070141424245
1778454687534194504,0.2815537097248558,0.038033345113229367,10.007017017034121,0.0759225042309924,0.08275519554485455,1.8957016388999441
1778454687554627470,0.5491129797019049,0.2074608477614946,10.805356533664137,-0.06370383592855396,-0.1300931608897664,1.6573551129244686
1778454687575080491,1.4669004946568598,-0.4476997742341763,6.904170256061123,-0.07563479761210895,-0.08775529114412271,1.5954504660177946
1778454687595439031,-1.9657237098899565,0.14873920946906588,11.671808863017851,0.09378485829437187,-0.010374482510780367,1.9059281774858485
1778454687615912479,0.9329352109254702,0.560749965169081,8.943461018250888,-0.06847622060197596,0.06407471839460274,1.8083669993763216
1778454687636410871,-0.41182442560454957,-0.6149228340013964,10.11613587130025,-0.0053443890649935676,-0.18415746154724702,2.041054840667597
1778454687656837485,0.2901385423055933,-0.8685595898079115,9.677142587718125,-0.016320873813864153,-0.06027999080999323,1.6774673054767468
1778454687677341044,0.7956532292914115,0.6901769586245774,7.561037154320226,0.15405325902730105,0.044235233537948455,1.9903312092815117
1778454687697694121,0.1637794064491608,0.16263878022360106,8.23170057355648,0.020562842019297263,0.058347856786496365,1.869317169348311
1778454687718148938,-0.1537856026666979,0.32273557002252723,9.809851548657733,-0.00868505833638896,0.012669317769457261,1.9235178238536037
1778454687738558738,0.7527901410261212,-1.8672123641806686,8.348810741504389,0.018994772769458608,-0.19949726942610344,1.730440775351731
1778454687758971056,1.3488204218824522,0.49943324537159656,8.054593875455147,0.03392551910487885,0.04184904120123747,1.749530314045419
1778454687779872929,-0.9267034806249664,1.1818884128371967,9.47952559385117,-0.10392822103311078,0.11745724981302305,1.7307134830473552
1778454687800195358,0.13045437678440594,-0.5839949581875052,8.875239462821575,-0.11967709045540335,-0.17918054610210693,1.8495458614155629
1778454687820781305,-0.38658964469267,-0.4591930586419038,9.270800489032522,0.12405541250864853,0.02296403327926757,1.7940498453560556
1778454687841106197,-0.5402619737257398,-0.06937054612553717,8.509371084640803,-0.16774182180915342,-0.09109596041551811,1.7290090599497046
1778454687861498682,1.0259655666762089,0.2092088993573324,9.67624269771775,-0.0013219505545378832,0.06182487990570381,2.0035575325192814
1778454687882307777,-0.9466622169505046,0.34578352331000056,10.018097380773185,0.0013369494777972259,0.022623148659737427,1.9615605473931677
1778454687902701466,-0.2762554197676551,-0.524053121265647,8.581022676552442,-0.12138151355305406,-0.16609057671214947,1.9818772707171641
1778454687923192283,1.3185207516703115,-0.0550116034793704,8.484098560016427,0.1256916586823932,0.06516554917709921,1.5776562888783212
1778454687943637009,-0.8237013068058009,-0.48123882978512694,9.98940791429776,0.021449142030075634,-0.053462298419390375,1.8328425150585859
1778454687964131752,0.7434020452919115,0.2142520947857564,8.984936620083483,0.12228281248709179,0.10232197270588472,1.8256839380484529
1778454687984628255,0.31380965329309773,-0.010188783206663388,10.143155219966356,-0.10147385177249375,-0.08434644494882129,2.043713740699932
1778454688005046481,-0.25646116853914636,-0.3051894244337019,10.763583331064414,0.0017460110212333974,-0.04766725988737795,1.8436144690357383
1778454688025525298,0.744511772791906,-0.3352554989892872,6.464624544662649,0.03828884223486467,0.09454980338059749,1.7409400216332596
1778454688045988690,-0.805964596790543,-0.26847050053834043,10.957558839913133,0.08778528899064136,0.05814332601477828,1.9173137237781552
1778454688066434379,0.46102356926378585,1.4368233896766491,9.589965127407288,-0.15649262936465874,-0.03137297507383714,1.9988533247697653
1778454688086955307,-0.316277219838584,0.013446827156691876,9.002849894090572,0.02069919586710932,0.11977526522582801,1.9629240858712882
1778454688107312903,-0.042500334289716446,-0.1912849928801492,9.180447266598966,-0.026888297019298568,0.011373956215242724,1.7271001060803357
1778454688127804184,-0.34226117289518027,-0.22256418799513622,8.201290506634919,-0.021979558498064516,-0.008738236337035684,1.8850660387706037
1778454688148215020,1.6328084874103583,-0.5071230452296821,10.195298428591226,-0.050545689614690456,-0.07234730634136027,1.9820818014888824
1778454688168678727,-0.992591245822953,0.07878449584288127,9.154002915822435,0.03535723450690545,0.0053062099876061836,1.5133654496349362
1778454688189142230,0.6804226681773999,-0.500007829074694,8.758759614197928,0.06862757337304735,0.02180502557286508,1.6981249134202736
1778454688209583362,-0.11970285743476523,-0.3294560907729861,6.795307974983331,0.10769295077120168,0.06857439537240062,1.7811644067378163
1778454688230061625,-1.8787646319150055,1.5962162548609202,12.585035807960686,0.020971903562733436,-0.21510978500058395,1.9329944162765418
1778454688250532794,-0.26034732497588803,0.4673919208201252,8.564512558129486,0.040879565343293754,0.04668960279856548,1.9691281859467369
1778454688271114371,0.0954097573048788,-0.0663359183064085,10.372552323028872,0.15493955903807943,-0.004374913207049861,1.9214043392125169
1778454688291504930,0.8748293310848826,0.8913516428987653,10.105422577606825,0.10012531221763252,0.011169425443524637,2.0306919482338808
1778454688311975229,0.06435683962116692,0.610249393634817,9.89730364274746,0.023562626671162518,-0.14788733802923984,1.8935881542588573
1778454688332439695,0.27985931986966983,-0.9029375700150366,8.29966873411035,0.16209813604821244,-0.006011159380794544,1.900542200497272
1778454688352830124,0.33365246174394314,0.387742328918764,10.007762093062736,-0.07393037451445823,0.0352358795823527,1.782937006759373
1778454688373284479,-0.25509885802794185,-0.33516284954746145,9.527733734062341,-0.06234029745043339,-0.01207890560843108,1.8792028233146854
1778454688393720593,1.7610507404664408,0.7481515839597039,8.020508294036015,0.005495741836064966,-0.07473349867807128,1.8039354993224297
1778454688414216633,-0.270136722155139,-1.2550317906455712,9.219120702558198,0.051856050092164346,0.0006701791619962497,1.9702871936531394
1778454688434684451,0.4849711529279188,0.02037935286877618,10.451388226544653,0.13291841261643222,0.001420125324962565,1.7545754064144652
1778454688455114491,0.3787815317926455,-0.11208179674674279,7.7265156874076055,-0.011889373759972302,0.07771010317580845,1.8939290388783874
1778454688475601087,0.43639230688275565,-0.07688907997022004,5.515465142625463,-0.02845636626913723,-0.00532939014173426,1.6597413052611796
1778454688495958627,0.8495343756636701,-0.3058666660494801,10.058991161763132,-0.025320227769459913,-0.046303721409257384,1.902382977442735
1778454688516433722,0.7209778643347199,-0.33534881084589857,7.73260774554523,0.17191561309068054,-0.005124859370016173,1.7034427134849437
1778454688536864096,-0.05591241959819718,-0.6280478918337226,9.083509397702144,0.09923901220685415,0.027122825637535306,1.8495458614155629
1778454688557306784,0.49449914130678285,-0.2088073864251592,8.547443026033529,0.05362865011372109,0.07334678004582262,1.7950043222907401
1778454688577796953,-0.7279780330600897,0.18463061660457064,8.325733455459678,-0.12131333662914805,0.005169856139794128,1.744894283219809
1778454688598204253,1.1120043115118117,-1.293403118359515,10.565309483995732,-0.003503612119530798,-0.12463900697728414,1.782596122139843
1778454688618678533,-0.12795377172992511,0.14153293696309327,8.301594617599669,0.027994126725054372,0.02385033329004594,1.9027920389861712
1778454688639164629,0.48986890709660325,-0.06054491947871449,8.615170226451124,-0.049454858832194,0.07034699539395736,1.8911337849982401
1778454688659602354,0.1397002625675102,0.549449143091653,9.85552952743807,-0.025524758541178,0.10661711891196451,1.9319035854940454
1778454688680139931,-0.45317504942971254,-0.5582387392479824,9.111884397745012,0.2512053755933917,-0.21101916956622224,1.83311522275421
1778454688700554842,0.8398031578688047,0.6669224848191269,9.017164907616598,-0.1245858289766374,0.02296403327926757,1.9539247319156925
1778454688721247734,-0.09143126467388099,-0.13235563686016957,9.057199790643855,-0.07652109762288732,0.03912196424499632,1.8361150074060753
1778454688741796829,0.313838710797228,0.3870574976319742,8.565283578529138,0.03174385753988594,0.12843373456189364,1.8584770384472526
1778454688762036443,0.960561865838436,-0.1290029623394426,10.249483134831697,-0.049386681908287974,0.06427924916632083,1.8456597767529193
1778454688783062113,-0.32312221983384315,-1.0288160924135246,9.210294637171646,0.044083880766877095,-0.022987213433395638,1.9252904238751605
1778454688802989394,-0.5777290150842502,-0.13304427807963143,7.726194902167478,-0.10133749792468169,0.021055079409898772,1.902042092823205
1778454688823440804,1.2948049016205792,-0.5114714835694429,9.402468898367246,-0.10460999027217106,0.05848421063430841,1.8800891233254635
1778454688844331752,-0.4778846092680181,0.9952590309825848,10.556476746879275,0.002700487955917796,0.02473663330082431,2.0209426481153185
1778454688864639069,-0.3664743910207472,0.7039515692756457,11.173040560837972,0.02622152670349763,0.025077517920354453,1.91465482374582
1778454688885114813,0.5346193660537809,-0.6455231789678383,10.971241990143575,-0.022252266193688634,-0.06771127551575033,1.8745667924890752
1778454688905550668,-0.8621690619378684,0.190782771043222,8.179779671685166,-0.03738754330082696,0.014169210095389892,1.6189715047653745
1778454688926017319,-0.6050922620174484,-0.4218246532555562,8.62232658690602,0.014290565019942641,0.040212795027492775,1.2077964766881166
1778454688946487693,-0.12100922804135995,-0.11691850812004606,9.916237670880045,-0.026820120095392544,0.06277935684038821,0.8060298641098906
1778454688966917788,-0.6373300697305511,-0.42045731055316377,9.375878265701646,0.02219908819304195,-0.02162367495527507,0.39737738221715585
1778454688987408236,0.04675751572859174,-0.8614683015987832,8.298314700579734,0.022676326660384147,-0.036077182823353114,0.09637626317204001
1778454689007904498,0.3714865351392559,-0.02781095158388258,9.6466016625032,-0.001458304402349942,-0.006147513228606599,-0.025251369076314836
1778454689028285593,0.10446445909797861,-0.1205478372922022,9.243603418170936,-0.002549135184846396,0.005442563835418246,-0.003093868806855572
1778454689048824726,0.1533242676207411,-0.1612869530826218,9.286463690499932,-0.0021400736414102263,-0.0006251823922182945,-0.0022757457199832297
1778454689069199544,0.22013811744194509,-0.12400561709204916,9.272976251419784,-0.002344604413128313,-0.00014794392487608998,0.002564815877344794
1778454689089744213,0.2651657166621796,-0.1515503423167173,9.304940465788318,-0.0024809582609403684,-0.003556790120177518,0.0042010620510894775
1778454689110184994,0.21516147436284064,-0.13258877290623855,9.340063894748809,-0.004049027510779023,-0.001988720870338863,-0.0011167380135807454
1778454689130649164,0.2489777915497388,-0.16246619482474378,9.34309167924119,-0.0011855967067258277,0.005101679215888104,0.0017466927904724518
1778454689151106222,0.25109578926709053,-0.14925050352566802,9.32869105399328,-0.001867365945786112,0.00019294069465405211,4.2269692821739376e-05
1778454689171586966,0.22947188555990958,-0.16244365248988538,9.322410291801535,-0.003094550576094625,0.0033972561182373864,0.0021557543339086227
1778454689192009302,0.24496306966380985,-0.16358830250186776,9.314262108002954,0.0002461186953007701,0.00012476377074802092,0.0008603927796940812
1778454689212501046,0.25851876863375933,-0.16363214557005046,9.33844806273006,-0.003435435195624767,-0.0010342439356544608,0.0005876850840699673
1778454689232976401,0.2523062062419543,-0.16360229704689194,9.323966162295989,-0.001867365945786112,-0.00021612084878212118,4.2269692821739376e-05
1778454689253451145,0.24725768385015004,-0.144427010816579,9.3142285925807,-0.0032309044239066838,-0.0021250747181509183,0.0017466927904724518
1778454689273962426,0.25098248066490514,-0.1540124397553299,9.319115922689715,-0.003776319815154909,-0.0016478362508087208,0.000792215855788053
1778454689294331910,0.2498351735717351,-0.1635930855979743,9.319132680400841,-0.0032990813478127115,0.0011474176293384472,-0.001389445709204859
1778454689314840320,0.26078162989414333,-0.15762073772324695,9.331268501792632,-0.0009810659350077428,-0.0016478362508087208,-0.0009122072418626596
1778454689335208027,0.23318508813094893,-0.16365477362154174,9.329664927514568,-0.003435435195624767,-0.0010342439356544608,0.0006558620079759958
1778454689355631752,0.2411367564756944,-0.1420230140794539,9.306932453494612,-0.0004356505437595141,0.0008065330098083051,-0.002207568796077201
1778454689376091922,0.25951360318177963,-0.1611978140223311,9.325267705911692,-0.0007083582393836284,0.0006701791619962497,-0.0011167380135807454
1778454689396545480,0.23548121721988471,-0.16362988556613747,9.322507430928699,-0.0010492428589137705,-0.0027386670333051748,0.00017862354063379613
1778454689417054502,0.23539376542924292,-0.16361283581397654,9.316511941688193,-0.0017310120979740565,0.0018291868683987314,0.0002468004645398247
1778454689437544301,0.2390628633793125,-0.16003133116208126,9.322549828071873,0.0001779417713947424,0.0016246560966806448,0.0003831543123518819
1778454689457939675,0.2415363663885345,-0.16362904453540628,9.326197450729858,-0.0013901274784439144,-0.003215905500647376,-2.5907231084289217e-05
1778454689478374159,0.25003840430356494,-0.16243670104488073,9.33351744170775,-0.00036747361985348635,0.0006701791619962497,-9.408415499031781e-05
1778454689498973884,0.2426486927654479,-0.1540415787918975,9.323782497322528,0.0002461186953007701,-0.0015114824029966618,0.0024284620295327367
1778454689519400591,0.23772487523443545,-0.16359476765943667,9.311752640798527,-0.003980850586872996,-0.0007615362400303499,-0.0011167380135807454
1778454689539824409,0.242701163839833,-0.1540518086431941,9.327379790866832,-0.0005038274676655435,-0.001102420859560492,0.0006558620079759958
1778454689560269060,0.24389998657098103,-0.16002929435732344,9.32502220477356,-0.0019355428696921397,-0.0022614285659629772,-0.0007758533940506024
1778454689580723637,0.23908282407644357,-0.16362324303692083,9.32256306668281,-0.0017310120979740565,-0.0008297131639363811,0.0009285697036001098
1778454689601205881,0.24854718616224034,-0.1635782500222189,9.313118645908963,-0.003435435195624767,-0.0016478362508087208,4.2269692821739376e-05
1778454689621632532,0.23538388407323205,-0.14925882811634705,9.321255378636852,-0.0019355428696921397,0.0021700714879288735,-0.0014576226331108875
1778454689642087812,0.24633850886394634,-0.16362018782978408,9.32627163173534,-0.0029581967282825694,0.0007383560859022739,-0.00023043800280237456
1778454689662509223,0.25356757938860763,-0.15882791678952793,9.32996254530662,-0.006912458314832223,-0.0025341362615870916,0.0014739850948483377
1778454689682972911,0.2365943010480959,-0.16361062163757098,9.316530486939563,-0.0021400736414102263,-0.000488828544406239,-0.0018666841765470582
1778454689703473562,0.25823987834011286,-0.14802968465765826,9.325200619086885,-0.00023111977204142917,-0.0016478362508087208,-0.0007758533940506024
1778454689723914213,0.24390245690998372,-0.16361779628173082,9.323836345536394,-0.0027536659565644828,-0.0025341362615870916,0.000792215855788053
1778454689744381494,0.23553368829426977,-0.16364011541743403,9.326104724473005,-0.002549135184846396,-0.001988720870338863,0.00011044661672776797
1778454689764798812,0.24144397391988728,-0.15643499093443058,9.322573679963678,-0.002344604413128313,0.0017610099444927071,-0.0006394995462385453
1778454689785215519,0.25829139397809076,-0.163587816214432,9.322859790704738,-0.0004356505437595141,-0.003556790120177518,0.0003831543123518819
1778454689805692373,0.24022176471619835,-0.15882499312653145,9.320165764756732,-0.003435435195624767,-0.0010342439356544608,0.000792215855788053
1778454689826218543,0.2355146830335458,-0.14450030183711735,9.332029607788519,-9.476592422937198e-05,0.00026111761856007637,0.000792215855788053
1778454689846517490,0.2472202327948906,-0.14083168899130724,9.313016256121662,0.00045064946701885676,0.0016246560966806448,0.0024966389534387652
1778454689866946660,0.2441056876418136,-0.16246141172863723,9.338221106843303,-0.0005720043915715713,-7.976700097006573e-05,-0.0005713226223325175
1778454689887421126,0.24145234037330257,-0.15165259500217554,9.324954224178635,-0.0011855967067258277,-0.0013069516312785787,0.002701169725156851
1778454689907893148,0.23423904731906467,-0.1624279758833988,9.320086277110816,0.0008597110104550266,-7.976700097006573e-05,0.00011044661672776797
1778454689928328410,0.2475915155571843,-0.1636282035046751,9.329887470531014,-0.0026173121087524273,0.00019294069465405211,0.0021557543339086227
1778454689948641468,0.24280020987419051,-0.16244316620244964,9.331007974503322,0.0002461186953007701,0.0003974714663721318,0.0006558620079759958
1778454689969092582,0.2523062062419543,-0.16360229704689194,9.323966162295989,-0.0028218428804705105,-0.00028429777268815237,-0.001525799557016916
1778454689989455345,0.24984202512255474,-0.13967428603583476,9.328637205779412,0.001132418706079141,0.001420125324962565,0.0012012773992242237
1778454690009952940,0.2378581445337519,-0.16242474330461434,9.321341010713027,-0.0009128890111017134,-1.1590077064034532e-05,-0.0028211611112314576
1778454690030369313,0.23066576761305221,-0.1612441343552,9.322424424182593,-0.0028900198043765417,-0.0008978900878424054,-0.0024802764917013147
1778454690050822039,0.2439199472681121,-0.163621206232163,9.325035443384497,4.1587923582685205e-05,0.0008065330098083051,0.0003149773884458533
1778454690071398227,0.23646445752418924,-0.1528212462113235,9.311694379714348,-0.0007083582393836284,-0.0029431978050232614,-0.0020030380243591154
1778454690091796656,0.2510640363411343,-0.16240038736415327,9.321545008478104,-0.0011855967067258277,-0.0011705977834665197,-2.5907231084289217e-05
1778454690112216344,0.24620029888662445,-0.15761320833579168,9.319054980295169,-0.0010492428589137705,5.6586846841989724e-05,-0.00016226107889634597
1778454690132638588,0.23892636628969552,-0.14804465177755396,9.317709307976346,-0.0013901274784439144,-0.0011705977834665197,0.0006558620079759958
1778454690153110942,0.2329793870601163,-0.16122265625022794,9.316466025444827,-0.0027536659565644828,-0.00014794392487608998,0.0008603927796940812
1778454690173572612,0.24981939610131162,-0.1576099757570072,9.320309713897384,-0.0031627275000006526,-0.0026023131854931193,0.00011044661672776797
1778454690193954800,0.230731545818858,-0.16364897212305624,9.326030543467523,-0.001867365945786112,-0.0010342439356544608,0.003042054344686993
1778454690214451099,0.24023849762302893,-0.14926020126202139,9.324926853186641,-0.0032990813478127115,-0.00021612084878212118,0.0003831543123518819
1778454690234850547,0.24879623440274493,-0.16123479136214205,9.331096287889862,-0.0043899121303091655,0.0010110637815263918,0.0034511158881231642
1778454690255298605,0.24019590790465475,-0.16360397910835434,9.316586122693675,0.001132418706079141,-0.0011705977834665197,-0.0005031456984264889
1778454690275866831,0.23542874614549966,-0.1636196557148409,9.318910137384394,-0.003094550576094625,-0.0025341362615870916,-0.0012530918613928017
1778454690296284648,0.2449689657782224,-0.15521740464520534,9.317828511455073,-0.0011855967067258277,-0.0008978900878424054,0.0002468004645398247
1778454690316730318,0.10229003706370551,-0.2906803306368382,8.86535662912822,0.004473087977474538,0.01096489467180655,-0.08122462360316424
1778454690337159284,-0.18394566353872813,0.224650899178307,10.174178379434789,-0.011139427597005987,0.018600710149281746,-0.39265681200590236
1778454690357636361,-0.06044316578999431,-0.7352777241642989,8.896810201223653,0.06842304260132927,-0.015555928727638533,-0.7561079933489403
1778454690378063679,0.008190937617773092,0.0766464740623411,8.888954046245075,0.015858634269781298,-0.024146221139798127,-1.0983561513572033
1778454690398525700,-0.9301979658533891,0.2454315168342232,10.368767127917096,0.02506251899709514,0.027191002561441337,-1.5532325876582256
1778454690418926111,0.07520127367292598,-0.09752349224902229,9.96235746346011,-0.11947255968368527,-0.01991925185762436,-1.9488632770849088
1778454690439570317,-0.3312322960082525,0.15126034330944765,7.699010472734654,-0.03888743562675959,0.035576764201882834,-2.1350544562722726
1778454690459893228,0.22318232410838237,-0.04430361175626896,7.370216545058831,0.0787859350350456,-0.08052853721008368,-2.157348310389544
1778454690480389582,-0.7284497971881652,-0.12260721653615902,9.412958796128466,-0.058522389711695794,0.07055152616567545,-1.9980870161450612
1778454690500815993,-0.09641673472246448,0.5675861234201036,9.638426138655413,-0.02293403543274892,-0.12088927616245257,-2.1034885405037813
1778454690521458329,-0.8673406321132093,-1.5954716966823186,8.55056973787025,-0.18580870664425098,0.1390693346912341,-1.9796792466904338
1778454690542732906,-0.028914079801916737,-0.5597195209264036,8.655703612230768,0.1476446281801344,-0.09464116045863159,-1.899298653405226
1778454690562982594,1.5183379218231774,0.6295758167834808,7.87572402659545,-0.11933620583587322,-0.12279823003182136,-1.7763756596026568
1778454690583511597,0.5164605762467824,-1.5697453851663201,12.176700090512961,0.01790394198696215,-0.16097730741919733,-1.8240313294129706
1778454690604083860,0.9842075898642432,1.220858358259077,8.839977836434644,0.03890243455001893,0.045121533548726826,-1.8744822531034318
1778454690624551381,-0.8851799952548545,-2.6436536939427975,9.978259830026477,-0.2918238233181253,0.015941810116946634,-1.896503399525079
1778454690645054458,1.1446377983119702,-0.5516694986976136,9.542951920087576,0.1070111815321414,-0.13875163022583203,-1.5652999031895924
1778454690665429128,0.5172227950759013,1.140317898677382,8.227649212301012,0.039788734560797304,-0.030009436595716574,-1.7876248520471514
1778454690685920094,-0.11882142483237132,-0.4818761940654854,10.258048791310326,-0.03554676635536419,-0.054621306125792864,-1.8191907678156427
1778454690706419374,0.5162354328325491,-1.0751004513519085,10.453417257462903,0.03515270373518736,0.18563417371905155,-1.7430371438126089
1778454690726835322,-1.2130702890256155,-0.8639364047427645,8.329204296260908,0.029494019050986996,-0.08836888345927697,-1.7061534279794475
1778454690747413769,1.027982099014162,0.5164404080770038,10.260189746045299,-0.11422293654292108,-0.08877794500271313,-1.8308490218035736
1778454690767728383,0.858423979324653,-0.1822260738175721,11.621938580799128,0.01790394198696215,-0.022100913422617267,-1.9194790228814107
1778454690788252960,-0.20757077072078228,0.7786818991714568,8.18538196728705,0.03372098833316076,-0.03880425977959425,-1.8260084602062456
1778454690808640834,0.9378478997089862,0.44473925651253426,9.319183735005288,-0.06663544365651318,-0.021760028803087125,-1.8455752373672758
1778454690829110189,0.140673870032014,-0.04613041409558477,9.203135396168614,-0.08367967463302031,0.05303005672182614,-1.853347406692563
1778454690849572636,-0.5882120531787955,0.7445496840087125,9.397618679261049,-0.005208035217181509,0.013146556236799466,-1.9940645776346058
1778454690870102157,0.571441801293993,-0.4338309277306982,6.905866403249943,0.13850892037672657,-0.006147513228606599,-1.6938134047524562
1778454690890505827,0.7051243849689304,1.0486260169896138,13.180791407814365,0.03474364219175119,-0.010851720978122568,-1.9303873307063752
1778454690910931904,-0.29875106811627966,1.2661025638064243,11.420218300425018,0.012177080378855757,-0.04105409826849319,-1.803305544545538
1778454690931371611,-0.393784897504901,0.5966298073593308,9.752408736268395,-0.08279337462224194,0.024327571757388138,-1.9354324230754212
1778454690951829910,0.08397153816746453,-1.2993299782231884,9.451328685451154,-0.000640181315477599,0.07771010317580845,-1.8193271216634548
1778454690972291969,0.28675300275105053,0.016894552797341422,9.449724359967888,-0.07393037451445823,-0.09327762198051102,-1.920228969044377
1778454690993131823,0.46444508452514766,-0.07581785839412652,9.747712737812286,-0.021638673878534374,-0.025986998085260893,-1.8670509683976746
1778454691013512067,-0.7972120478218162,0.24236422837596278,9.856541596973118,-0.029342666279915594,-0.0602118138860872,-1.8318034987382579
1778454691033961977,1.3735874805145527,-0.549760207359014,9.028595064227689,0.047492726962178516,0.06271117991648217,-1.9101387843062847
1778454691054385110,-0.5966717182706008,-1.061232790406273,7.3935751680393755,-0.06411289747199013,-0.03164568276946126,-1.8378030680419886
1778454691074880039,2.4945578755865876,-0.19643047948099795,10.556352823707885,-0.16556016024416054,-0.015896813347168675,-1.8879812840368255
1778454691095305616,-1.4671471612946763,0.27460932909203223,9.44446914635273,-0.06649908980870113,-0.08380102955757307,-1.7938289521226
1778454691115692600,0.6287071126011682,-0.5876444101341052,8.389040764582287,0.04592465771233986,0.08848205715296095,-1.757558828604593
1778454691136113326,0.08173932833725664,-0.8805579735392175,8.714912932958566,0.08042218120879029,0.015328217801792374,-1.731924305215926
1778454691156560273,1.7792042019705039,0.13667087422066576,12.08337737928182,-0.06377201285246,0.060870402971019415,-1.8992304764813202
1778454691177030572,-0.05211730742494278,-0.23437111961099652,8.751277877426036,-0.0523182896362472,0.03973555656015058,-1.8639148298979973
1778454691197496094,0.12255081674940713,0.23277929048590357,9.629828356511785,0.010063595737768875,0.1450689039949646,-1.8551881836380257
1778454691217817374,-0.8303680550731811,-0.46009414272233046,9.29271709437985,0.030107611366141252,-0.03669077513850737,-1.9280693152935702
1778454691238230507,0.26032921778173823,0.9568509264844112,8.156007120323688,-0.11231398267355229,-0.1838847538516229,-1.7210841743148677
1778454691258609491,0.42123772293437567,0.15013074286103706,9.421352698565569,-0.02559293546508403,-0.1262070762271228,-1.8472114835410205
1778454691279082865,1.4029753962549478,0.20556990639956635,9.106650820670499,0.02560793438834337,0.11445746516115782,-1.796283321383217
1778454691299517238,-0.6385910194252181,-0.20612626221934133,9.370291970523354,0.09828453527216975,0.14056922701716673,-1.8883221686563556
1778454691319932185,-1.0032363668008368,-0.06765193805094077,9.274247073045606,-0.006912458314832223,-0.09648193740409436,-1.8733914223209354
1778454691340534337,1.752226860126536,0.6377567564097653,9.350255467005576,-0.05347729734264968,-0.029054959661032175,-1.8645965991370577
1778454691360795932,1.3517910515374782,0.028158538773891684,9.563247075415942,0.01756305736743201,0.03666759498437929,-1.9929055699282032
1778454691381226509,-0.16084729764033345,-0.6413746208470126,6.9840089638643725,-0.028320012421325168,0.1115940343571046,-1.9363187230861996
1778454691401694475,-1.2113675425197106,-0.37012721597227505,13.987059913056449,0.022744503584290175,0.025895641007226793,-1.8811635916462226
1778454691422159256,1.8889998754835766,-1.5270846878671713,5.727751869817867,0.15112165129934185,0.06591549534006552,-1.8957534533621128
1778454691443404814,0.6625021156570927,-0.04150031657482206,9.18480918924564,0.04135680381063596,-0.006965636315478942,-1.9128658612625258
1778454691463278188,1.0024074777000203,0.385096352311557,8.867243974639672,0.007677403401057877,-0.012760674847491365,-1.86043780677879
1778454691483743265,-0.9117262388181971,-0.7743908304747631,8.615260547631268,0.07374084266599949,0.010283125432746267,-1.8661646683868962
1778454691504407656,-1.0470879437462832,-0.0905248462128993,10.539600653494615,-0.0683398667541639,0.0012837714771505027,-1.7707851518423625
1778454691524573585,0.9251126877501091,-0.047378904031625035,10.153935062612067,0.011222603444171359,-0.1558640381262452,-1.82232690631532
1778454691546398718,0.31319718914240957,0.6134494781599555,8.112505341684363,0.08458097356705803,-0.013987859477799878,-1.9830199159618291
1778454691566021758,-0.24043268859641095,1.6665583682304186,13.349770594619752,-0.01979789693307161,0.08936835716373934,-1.9487269232370967
1778454691586573798,0.6277480611390667,-0.08851562382571754,7.605601624205557,0.0491289731359232,-0.1714765537007257,-1.9787247697557493
1778454691607002153,0.28663709970438056,0.43664230790992303,7.5408964617944925,0.10162520454356515,-0.07398355251510497,-1.843938991193531
1778454691627499322,2.4033651868631143,0.5982638364956208,11.02321718964729,-0.18233168352504353,-0.022850859585583583,-1.9951554084171021
1778454691647994436,-0.8456514153123881,-0.8762479600082649,6.603837493855062,-0.15458367549528995,-0.003011374728929289,-1.9070026458066074
1778454691668501976,0.6148508761390616,0.40295861571164,7.812226962311841,-0.017207173824642527,-0.18156673843881793,-1.8590060913767634
1778454691688924257,-0.5345632852065602,0.2852928434226388,11.340982932961895,0.04285669613656858,-0.04112227519239922,-1.8121685446533218
1778454691709308575,0.11596662405016647,-0.1556721944797657,6.889434414512413,0.03644806528940191,-0.03614535974725914,-1.757763359376311
1778454691729750967,-0.34470529031894354,0.8855024485467211,10.92336986054585,-0.11790449043384661,-0.03989509056209071,-1.9679528157785968
1778454691750184914,-0.3840850871120136,-1.0253486224091144,10.464499620321686,-0.03288786632302908,0.058756918329932524,-1.9240468767831145
1778454691770746528,-1.6723690057236695,0.4813332637294809,8.618166181512358,0.05028798084232569,-0.12907050703117598,-1.8854587378523024
1778454691791114476,1.2635338602503847,-0.728496973941134,8.65710377759052,-0.05156834347328089,0.059234156797274735,-1.9337279999777706
1778454691811576090,-0.14605997867797155,1.9188434944900254,10.613425595264996,-0.012639319922938614,-0.01391968255389385,-1.8421663911719743
1778454691832121926,-0.04504310160789832,-1.6888546114627818,9.923070303676724,0.01933565738898875,-0.14400125336659622,-1.905979991948017
1778454691852480984,0.2683415847659505,0.37286281253972514,9.309095844088931,-0.10154202869639978,-0.07405172943901098,-1.7993512829589884
1778454691872948561,0.6946312605319453,0.28877153349608214,10.937983554090447,-0.1604468909512084,-0.0012387747073725475,-1.9933146314716395
1778454691893896546,0.06240175924073768,0.6108521887614375,9.26909205472076,0.0548558347440296,0.060870402971019415,-1.9044119226981784
1778454691913913993,-0.1811646477083822,0.7909573417952651,8.931408962630313,-0.1614695448097988,0.06012045680805309,-1.8515066297471001
1778454691934338644,1.4572513107333587,-0.47967678374079403,9.277790491278125,0.04401570384297107,-0.024009867291986068,-1.8856632686240204
1778454691954787036,-0.04668094890194488,0.5740293075427536,9.512097148214018,-0.09833771327281644,0.00755604847650513,-1.9282738460652882
1778454691975272854,-0.36938617076849334,-1.8468433833019944,8.856476260026941,0.05846921171104911,-0.005465743989546315,-1.9287510845326306
1778454691995842153,-0.9674880477090106,-0.7380205631427792,8.83844632892943,-0.08402055925255045,-0.005124859370016173,-1.829826367944983
1778454692016162471,1.4433213641197704,1.0779210375922947,10.969490617148292,-0.0786345822639742,-0.025577936541824723,-1.8975260533836693
1778454692036643085,-1.7779560495133349,-0.0821485565347842,9.643549904054167,0.051856050092164346,-0.034100052030078286,-1.9719070773651466
1778454692057047829,-0.23304881165860736,-0.6847230355421057,8.27297443403783,-0.02020695847650778,-0.04712184449612973,-1.93734137694479
1778454692077551406,0.07330044078379697,0.3073775877303197,11.138107128000224,0.0033140802710720525,0.06980158000270914,-1.860369629854884
1778454692098001205,0.9955966274741462,-0.519145258136325,9.37629384673202,-0.04584148186517449,-0.14406943029050226,-1.807805221523336
1778454692118452356,-0.377297831004907,0.5932983132298484,7.587615135614234,0.0998526045220084,-0.06934752168949501,-1.6327950578565606
1778454692138955322,0.09984509017256646,0.7214403667442122,10.809750242249153,-0.04979574345172415,0.030804379528460844,-1.8218496678479779
1778454692159308806,0.4925880775680914,0.7907766111494023,10.688495724443507,-0.06827168983025787,0.1280928499423635,-1.953840192530049
1778454692179813050,-0.02209124020902281,-1.1160114970883228,8.50196560292959,-0.07563479761210895,-0.0998907835993958,-1.8285310063907685
1778454692200277979,1.7157228700341909,-0.46968752287972304,9.721714188486422,0.10592035074964494,-0.04569012909410313,-1.6407717579535661
1778454692220774723,0.39675994543474125,1.3763060852411062,9.357818491289704,-0.13433512909519946,0.013078379312893434,-1.7687398441251816
1778454692241141485,0.45495736041077883,0.19919397305277947,9.035678669959596,0.08901247362094987,0.04975756437433677,-1.8322807372056003
1778454692261570951,-0.9898944473696301,-0.0013865413275891414,9.555936308622961,-0.009094119879825134,0.06891527999193078,-1.7726259287878252
1778454692282119731,0.98581462004126,0.2350501157600033,8.98980683991313,0.04047050379985759,-0.02421439806370415,-1.8755730838859281
1778454692302577938,1.1159087749114744,-0.1288690626559754,8.637079227374313,-0.061044935896218844,-0.05059886761533718,-1.848438668171329
1778454692322995700,0.928353104737378,-1.0593891281707395,9.005566687627631,0.029971257518329197,-0.018351182607785704,-1.9941327545585117
1778454692343431555,-0.45816790947318775,-0.024053290155670648,9.87712605686509,-0.09622422863172955,0.10995778818335991,-1.7370375745088784
1778454692363833132,-0.16865693971119766,-0.4285581700409411,8.752573523478501,0.1373499126703241,-0.0036249670440835456,-1.8513020989753821
1778454692384321894,2.033345264809256,1.9778380291619915,11.933222808099726,0.12896415102988257,-0.10070890668626814,-1.8127139600445699
1778454692404708508,-0.11711931798430154,-1.2305089479144722,7.86793472945355,0.04387934999515901,-0.05216693686517584,-1.7683307825817454
1778454692425179659,0.6844829015173206,0.8277424703629228,10.033178634826932,-0.03834202023551136,0.09189090334826239,-1.9215243305985914
1778454692445625866,-0.7047429578297498,-1.4112825093535621,9.976612045689025,-0.0053443890649935676,-0.042690344442237876,-1.71194846651146
1778454692466088258,1.8143572992164214,1.6385735704817284,11.521064999222318,-0.043387112604557465,-0.06082540620124145,-1.839030252672297
1778454692486566761,-0.2923654054092928,-1.0435086745029727,8.926703626775373,0.09937536605466621,-0.019578367238094217,-1.8246449217281249
1778454692507044819,0.4485556517965369,0.8180540986606768,8.66531568001405,-0.10311009794623843,0.01785076398631543,-1.7825115827541993
1778454692527514267,1.3905397626814413,0.5582613062174091,10.52818275447842,-0.03363781248599539,0.031145264147990993,-1.9703390081153078
1778454692568478939,0.6852238439909317,1.7984460205894794,8.473633527682004,-0.17005983722195844,-0.03832702131225205,-1.8517793374427243
1778454692588895035,-0.6597894181696887,-1.6236334390555887,12.240235606012767,0.10551128920620877,0.04103091811436512,-1.6670198736573871
1778454692609376908,0.7015987106343671,0.6945426371230683,11.816560950066444,-0.03609218174661242,-0.10404957595766354,-1.9402729846727493
1778454692629740892,2.422443549269698,0.3792044942523695,10.602317620280386,-0.07665745147069937,-0.09811818357783905,-1.8824589532004372
1778454692650214025,-1.1784071528020452,0.2689389825293545,6.605361949226401,-0.12840373671537503,-0.0013751285551846064,-1.7878293828188696
1778454692670684713,0.2832581553301605,0.5232065741271792,8.247833642006254,-0.002344604413128313,0.167567288883954,-1.870187106897352
1778454692691088549,-0.12145201314103446,-0.4778192399094183,8.843391509321002,0.060991757895572166,-0.013237913314833566,-1.834598752618405
1778454692711479108,-1.0506065035362113,-0.23121857636740886,9.91546998720632,-0.0011174197828198,-0.021760028803087125,-1.9127295074147137
1778454692731922703,-0.1253148073855368,-0.9590275834289703,9.220293244258292,-0.10386004410920474,-0.033145575095393884,-1.8570971375073946
1778454692752486706,-0.31717297766901326,-0.921789595529197,11.55368516674908,-0.039705558713631926,0.041167271962177183,-1.894526268731804
1778454692772712228,-0.13142660494334918,-0.21177870989774228,8.75356733984395,0.03617535759377779,-0.12688884546618306,-1.846597891225866
1778454692793280916,0.09905755505991173,0.0421888449652984,8.439727806829257,0.011427134215889444,-0.1417514148776973,-1.7184934512064385
1778454692813614400,-0.7962343631729616,0.3615233779795168,9.639142193311304,0.103670512260746,-0.090823252719894,-1.8410073834655718
1778454692834058274,1.2178491763948402,-0.27145771278678543,8.742266029741959,0.044356588462501206,-0.05959822157093295,-1.7653309979298801
1778454692854478647,-0.9670820252764372,0.7289719667259751,10.82080746132456,-0.03513770481192802,0.1632721426778742,-1.9637258464964231
1778454692874979150,-0.7818461936013232,0.5445132563329762,8.883452201120306,0.019949249704143007,-0.22008670044572404,-1.980497369777306
1778454692896024153,-0.2793663198389028,1.2214979723461332,8.203058244109767,0.02676694209474586,0.005647094607136333,-1.915320230523143
1778454692916273100,0.5197864458453122,0.34837109438648467,10.081510459532101,-0.012025727607784358,-0.08421009110100923,-1.9440908924114868
1778454692936725381,-0.20789968112876453,-0.24547902752385536,8.764494982605992,-0.03016078936678794,0.11098044204195034,-1.8757776146576464
1778454692957182199,0.018828116768477066,-0.017668302164902283,12.137048527751974,-0.1324943521497367,-0.040304152105526875,-1.8562790144205221
1778454692977600627,1.290859750098293,-0.33686737694411856,7.385372098676494,0.06576414256899416,-0.04787179065909604,-1.891594661003845
1778454692998118112,-0.2664984987757121,-0.601805605935678,8.562272309564072,-0.021297789259004232,0.024532102529106224,-1.886822276330423
1778454693018510985,-0.44247214572090937,-0.24794600021601199,9.46937857955444,0.0007915340865489989,-0.021555498031369042,-1.8364395295638678
1778454693038931266,0.8466489275514165,-0.090717070557853,10.60123539541568,0.03522088065909339,-0.13302476861772564,-1.803305544545538
1778454693059389380,0.9591669397605883,0.42660082000617033,7.727551811563012,-0.02007060462869572,-0.04766725988737795,-1.8113504215664493
1778454693079848679,1.3754140292235462,0.16893466895706383,9.754915826940026,-0.04004644333316207,0.07995994166470738,-1.8562790144205221
1778454693100437478,1.5715402673833354,0.8179182181110345,9.868299215428506,-0.03016078936678794,-0.08427826802491525,-1.877345683907485
1778454693120856222,1.3300991378353353,-0.07299473271600382,11.001854306583805,-0.0415463356590947,0.06789262613334035,-1.8358941141726197
1778454693141128447,1.1776417890169546,-0.2211395949194666,9.955863398639039,-0.02041148924822586,-0.043781175224734334,-1.9072753535022315
1778454693161538117,0.9099575340478955,1.0130527393674624,8.608207076103128,0.014017857324318527,0.07675562624112406,-1.8896175302105702
1778454693181975323,-0.6177415531302399,-0.13893253626527155,10.167584455043771,-0.12765379055240872,-0.09511839892597379,-1.8959579841338308
1778454693202406363,0.29461269460890205,-0.604227865511714,8.107010997728283,-0.012230258379502444,0.04491700277700874,-1.8855269147762084
1778454693222853440,-0.18713575030254462,-0.32543603142691346,7.852805275290597,-0.023683981595715234,0.03714483345172149,-1.9753159235604478
1778454693243320814,0.30924614571775877,0.21005735333113013,10.160274083796322,0.044083880766877095,-0.10595852982703233,-1.9168882997729815
1778454693263743261,-0.17496436693786932,0.22046394635686523,9.553345937240282,-0.07774828225319583,-0.11870761459745965,-1.8841633762980878
1778454693284189394,0.7304691991266383,-0.28534235170260663,7.002495910512169,0.053492296265909026,0.07355131081754071,-1.7277655128576586
1778454693304582785,-0.4777055734539887,0.7155801715074577,9.968867999492982,-0.09254267474080402,0.11507105747631205,-1.8901629456018183
1778454693325039251,0.990476837709288,-0.4588339454439445,8.800566284752065,-0.08620222081754336,-0.02394169036808004,-1.9331825845865223
1778454693345442976,-0.7809015207097172,-0.4141595283307386,8.339059242282381,-0.005208035217181509,0.01812347168193954,-1.8833452532112156
1778454693365857331,0.6709839734049055,-0.813204613465726,7.745543468220511,0.04899261928811115,-0.05980275234265103,-1.9531584232909887
1778454693386388853,0.27030252934053756,0.9136798982714365,13.190141995067137,0.027176003638182025,0.00612433307447853,-1.9050936919372385
1778454693406763596,1.5207261149941853,-0.3059161656879762,8.015793451987385,-0.055522605059830546,-0.07486985252588332,-1.7955333752202507
1778454693427209025,-0.04881256470069564,-0.022849674744082005,8.893226533807606,-0.04925032806047591,-0.01889659799903393,-1.7550362824200698
1778454693448209324,0.9264985508835694,-0.8429496645793575,11.184205059811255,-0.0410690971917525,-0.06723403704840814,-1.8647329529848697
1778454693468513716,1.4021934393781625,-0.6391309652227556,8.898687995342296,0.014904157335096898,0.008783233106813643,-1.9044800996220843
1778454693489000312,0.8175226900709275,-0.04509780030818733,8.454741713096261,0.03903878839783098,0.03209974108267539,-1.8151001523812809
1778454693509500018,-0.7265390884769544,0.9685311886694048,10.944742820194493,-0.033433281714277306,0.0721195954155141,-1.9318872230323079
1778454693529803836,0.9154253256820025,-0.7186643502662138,7.5056212682052434,0.023426272823350462,0.035713118049694896,-1.9578626310405047
1778454693550383672,-0.7315989710738696,-0.4348744759224463,8.91412825599464,0.04687913464702426,0.038576548853748095,-1.9500222847913113
1778454693570920212,0.49171679445934635,0.7189497992779346,10.68394556001846,-0.24798606124654898,-0.05216693686517584,-1.9141612228167404
1778454693591268789,0.14438758372902508,-1.053110109463538,10.889954351824418,0.16298443605899082,0.11527558824803014,-1.9097978996867546
1778454693611643366,-0.8107541937190728,0.6617166158024284,9.744531728327534,-0.047136843419389035,-0.07234730634136027,-2.0095407393612743
1778454693632066425,-0.005403855769140403,-0.10986447330675864,9.203504953324154,0.09310308905531159,-0.05196240609345775,-1.9905193775914922
1778454693652533187,1.0757433392251858,0.8516978687680501,10.287293748170411,-0.0640447205480841,-0.13247935322647741,-1.8521202220622544
1778454693672917949,-1.8876533525336603,-0.8774147522005851,7.992749972885931,0.03208474215941608,-0.008806413260941712,-1.872709653081875
1778454693693365563,1.4118735019206874,-0.847691105059852,9.401891965512247,0.02390351129069266,0.04382617199451228,-1.9308645691737174
1778454693713744603,0.6908767691241098,-0.6982496621249912,7.7538287868805496,0.12910050487769464,0.058006972166966216,-1.8890039378954158
1778454693734174995,2.2398454931532603,1.6741074359195898,9.433182345222153,-0.2925055925571856,0.012532963921645206,-1.8469387758453963
1778454693754612461,0.8297295500888376,0.06778223742588246,8.346630639974219,0.06153717328682039,-0.10111796822970429,-1.5076222255650924
1778454693775113704,0.48010019100170365,-0.8637160040162888,9.783158955638795,-0.0010492428589137705,-0.051826052245645696,-1.5601184569727344
1778454693795399744,1.176125065415135,1.2186610675991019,10.148461496344328,-0.003026373652188597,0.007078810009162925,-1.8468024219975843
1778454693815793969,0.07662063943559735,0.5044853644884248,9.628140460650204,-0.010798542977475845,0.0582115029386843,-1.4622845711675836
1778454693836292880,0.04615921333205733,-1.243822905097109,8.442340869127936,-0.02095690463947409,-0.007920113250163341,-1.2334146376150459
1778454693856659697,0.7271495399294919,0.1830460046968843,9.834757817242112,0.031471149844261824,-0.07302907558042056,-0.9667065112946623
1778454693877158145,0.8943014743258165,0.1684604066231115,9.60362452987098,-0.01154848914044216,-0.04057685980115099,-0.7110430466470554
1778454693897612907,0.5258144317990167,-0.5431789296013014,8.263812608911143,-0.025797466236802118,0.010146771584934211,-0.36456791935661864
1778454693918036299,0.9412738545675524,-0.24270211764197752,8.553270734934332,0.03767524991971041,0.00012476377074802092,-0.047067984726243954
1778454693938504246,0.3587583801077341,0.04476240544730137,8.96521663493033,-0.0002992966959474569,-0.012215259456243136,0.020699877636348372
1778454693958907897,0.4136708954896323,-0.22774979000289097,9.25356309749368,0.0005188263909248845,0.0025109561074590156,0.0015421620187543662
1778454693979442382,0.05525547886448903,0.04679979831101133,9.30697654481852,-0.005412565988899595,-0.000488828544406239,-0.0017985072526410305
1778454693999820588,0.3698130758952135,-0.14661282249193336,9.322124523201628,-0.0036399659673428536,0.0006020022380902185,-0.0035711072741977713
1778454694020332295,0.317283248475114,-0.014970497162266394,9.308850683177337,-0.0009128890111017134,0.0012837714771505027,0.0009285697036001098
1778454694040725261,0.20877628074364543,-0.1612294303235849,9.302905044088298,-0.003571789043436826,0.0010110637815263918,0.0002468004645398247
1778454694061237634,0.275762959777349,-0.07016148487208801,9.321594667742845,-0.0031627275000006526,-0.0021250747181509183,-0.00036679185061443175
1778454694081723841,0.26993287842133473,-0.15153466571023072,9.302616451097597,-0.002549135184846396,-0.00028429777268815237,0.002769346649062879
1778454694102083825,0.2661128573178506,-0.07136627239031573,9.317853425057889,-0.0012537736306318555,0.000465648390278163,-0.000844030317956631
1778454694122543050,0.2796504719743438,-0.1467550160693244,9.312339944412127,-0.003026373652188597,0.002579133031365047,-0.0007758533940506024
1778454694142967516,0.28783807941328254,-0.09526908643018062,9.317076399140703,-0.0011174197828198,-0.0006933593161243187,-0.0009122072418626596
1778454694163369649,0.2673129969664848,-0.12159626525474893,9.298871745292743,-0.0032309044239066838,-0.001579659326902693,-0.00016226107889634597
1778454694183887263,0.2768001860586341,-0.07849947899845511,9.307254928909181,-0.0016628351740680287,-0.0017841900986207762,0.004610123594525649
1778454694204324340,0.27468370324387803,-0.1108515739274154,9.31453157299348,-0.0015946582501619976,-0.0028750208811172337,0.0006558620079759958
1778454694224763509,0.27583025288575036,-0.09170272626982878,9.31807680586416,-0.002344604413128313,-0.0009660670117484366,0.0016785158665664232
1778454694245177197,0.2591065822519315,-0.1288262777931566,9.30956028638794,-0.003776319815154909,0.0028518407269891577,-0.001184914937486774
1778454694265576163,0.2733865919296702,-0.10605093246897279,9.309698984868454,-0.003503612119530798,0.0008065330098083051,0.0009285697036001098
1778454694286073018,0.2806538709608887,-0.11442218506893068,9.311040244316963,-0.0009128890111017134,0.0022382484118349047,0.0011331004753181951
1778454694306512873,0.2638106341293929,-0.10487816182280174,9.311944405683384,-0.003912673662966968,-0.002670490109399147,4.2269692821739376e-05
1778454694326962746,0.26750367801819186,-0.12761347460003794,9.30968569027722,-0.0017991890218800842,-0.0027386670333051748,-0.0018666841765470582
1778454694347390990,0.2733841215906675,-0.10246243054456544,9.310884844105619,-0.0027536659565644828,-0.0015114824029966618,0.00011044661672776797
1778454694367857566,0.2736538879796009,-0.11327908557427041,9.32531373411565,-0.0024809582609403684,0.0011474176293384472,-0.0016621534048289733
1778454694388258810,0.2757344346416932,-0.09646807244992289,9.309700772408698,-0.0027536659565644828,-0.00014794392487608998,-0.00043496877452046034
1778454694408843054,0.2639478886703076,-0.12643304302227132,9.313222935197103,-0.0008447120871956856,0.0012155945532444784,-0.0014576226331108875
1778454694429400409,0.2640670933869056,-0.113300208935947,9.326364469952786,0.0005188263909248845,-0.00021612084878212118,-0.0007758533940506024
1778454694449710911,0.2661609471804186,-0.09888380372815919,9.310760333986458,-0.003026373652188597,0.0006020022380902185,0.0024284620295327367
1778454694470195507,0.27818873440508196,-0.10604207576335056,9.309773165873937,-0.0043899121303091655,-0.002670490109399147,-0.00016226107889634597
1778454694490584788,0.27094046063458743,-0.11681063674370948,9.302507023109914,-0.002003719793598171,-0.0025341362615870916,-9.408415499031781e-05
1778454694511057513,0.26514690938656504,-0.1072944252159812,9.320365461612088,-0.002685489032658455,0.0005338253141841942,0.0003149773884458533
1778454694531559997,0.2758159903179225,-0.10485602005874622,9.312129858197089,-0.0007083582393836284,-0.0006933593161243187,0.0014739850948483377
1778454694551977593,0.2733666312325391,-0.10245902059413325,9.309685746257518,-0.002208250565316254,-0.0025341362615870916,-0.0020030380243591154
1778454694572424096,0.2615901646022738,-0.12166189534369176,9.317964584605518,-0.0013901274784439144,0.0009428868576203606,0.0006558620079759958
1778454694592832339,0.270966317446131,-0.11203165076188654,9.30608666517297,-0.003026373652188597,-0.001988720870338863,-0.0022757457199832297
1778454694613193675,0.26367584992748083,-0.08691178254773957,9.309480016932495,-0.0048671505976513665,0.001692833020586676,-0.0013212687852988303
1778454694633698530,0.2626857580723565,-0.12163922146469305,9.310788542768277,-0.002208250565316254,-0.0006933593161243187,-0.0005713226223325175
1778454694654089329,0.27234841021197786,-0.11326084004808284,9.318100601775667,-0.003435435195624767,-0.0017160131747147485,-0.0007076764701445738
1778454694674541480,0.2673681363649819,-0.10007889351003346,9.310783292108141,-0.004321735206403138,0.0007383560859022739,-0.0031620457307615997
1778454694694992761,0.26519272689523965,-0.10610735110899788,9.32395834228608,-0.002549135184846396,-0.0025341362615870916,-0.00029861492670840315
1778454694715386320,0.28209090514012336,-0.11925010613083081,9.325465615226804,-0.00023111977204142917,0.000465648390278163,0.0024966389534387652
1778454694735847526,0.27825451261088774,-0.10844691353120683,9.313379285158868,-0.002003719793598171,-0.0013751285551846064,-9.408415499031781e-05
1778454694756328733,0.28057155783336174,-0.09646603564516504,9.312173149110386,-0.002549135184846396,-0.0006933593161243187,0.0002468004645398247
1778454694776616254,0.26646322394660604,-0.10611877673432107,9.328773278929857,-0.0024809582609403684,0.0008065330098083051,0.001064923551412167
1778454694797073961,0.2807080549229787,-0.10845271502969234,9.317013669205913,-0.0020718967175041986,-0.0014433054790906341,-0.00036679185061443175
1778454694817498538,0.2759216899179904,-0.11444468157628163,9.31576245470389,-0.0010492428589137705,0.003533609966049449,0.0004513312362579105
1778454694837965411,0.29051632805693006,-0.1168468188802966,9.327984801941977,-0.0013219505545378832,0.0009428868576203606,0.0003831543123518819
1778454694858405358,0.26398781006456984,-0.1336168667719504,9.313249412418978,-0.002685489032658455,0.001079240705432423,-0.00016226107889634597
1778454694878855491,0.26889090944715344,-0.11090356421462938,9.328828020913848,-0.002685489032658455,0.0007383560859022739,0.0018830466382845088
1778454694899390272,0.28557844594319903,-0.11443719801633379,9.319508110259157,-0.0032309044239066838,-0.001988720870338863,0.0008603927796940812
1778454694919708904,0.26513778548185196,-0.10250861933329397,9.32154690797894,-0.003980850586872996,0.00032929454246610756,-0.00043496877452046034
1778454694940157389,0.2770148130490705,-0.11083350577287554,9.309772272103814,-0.0020718967175041986,-0.0016478362508087208,-0.0009122072418626596
1778454694960607299,0.2723851038159395,-0.10728796005841224,9.322874928816512,-0.002208250565316254,0.000465648390278163,0.0003831543123518819
1778454694981165061,0.2746778071294653,-0.11922247178407783,9.31096516954136,-0.0036399659673428536,0.002033717640116818,0.0019512235621905374
1778454695001585842,0.2605472401916853,-0.09657869555356757,9.33823803249532,-0.003026373652188597,-0.0004206516205002078,0.0016785158665664232
1778454695022065567,0.27472533752584505,-0.1120556977865596,9.316934181559997,-0.0017310120979740565,5.6586846841989724e-05,0.0011331004753181951
1778454695042509496,0.27104882855876733,-0.10487169666523277,9.314453872887809,-0.003912673662966968,0.0009428868576203606,-0.0007758533940506024
1778454695062959776,0.27009638574401185,-0.11807835388703863,9.326474847690887,-0.002685489032658455,0.001420125324962565,0.0012012773992242237
1778454695083458464,0.2674930392108832,-0.10369126508746618,9.317991117807688,-0.002208250565316254,-0.001579659326902693,4.2269692821739376e-05
1778454695103878727,0.26624497319565055,-0.11086025326138987,9.312003560537685,-0.002344604413128313,0.0012837714771505027,-0.0018666841765470582
1778454695124344600,0.27115795393424513,-0.10250095840169843,9.322838732083893,-0.0026173121087524273,-0.0025341362615870916,-0.0009803841657686882
1778454695144833047,0.28063315281245993,-0.10126207137914883,9.314588996287835,-0.001867365945786112,-0.0010342439356544608,-0.0017303303287350019
1778454695165245291,0.26634744500541796,-0.10729221103957565,9.320384006863458,-0.004049027510779023,-0.001102420859560492,-0.000844030317956631
1778454695185736331,0.27598918101150105,-0.11086981945360297,9.32174470533346,-0.002208250565316254,0.0012155945532444784,-0.000844030317956631
1778454695206151111,0.2736016148903253,-0.08815275220255436,9.331216553079601,-0.002549135184846396,0.0024427791835529913,0.0012012773992242237
1778454695226646040,0.27120034566750995,-0.11327328407578491,9.321679350068601,-0.004730796749839311,-0.003011374728929289,0.0021557543339086227
1778454695247113802,0.27339229005897336,-0.1227961381327298,9.303765275812319,-0.0009810659350077428,-0.001102420859560492,-0.000844030317956631
1778454695267574435,0.26510033442659253,-0.09891329750802225,9.320334571519902,-0.003435435195624767,-0.001852367022526804,0.0014739850948483377
1778454695287966790,0.27814957046211763,-0.10842645382861366,9.306184698070258,-0.0004356505437595141,-0.0017160131747147485,-0.00036679185061443175
1778454695308414848,0.27829690434415255,-0.11921923920529334,9.312219903143577,-0.005548919836711651,-0.001852367022526804,-0.0009122072418626596
1778454695328859406,0.2710554821244777,-0.10606900062351265,9.31445828575812,-0.004049027510779023,-1.1590077064034532e-05,0.0012012773992242237
1778454695349395020,0.2844220149453158,-0.11923203797629095,9.320706314337139,-0.0010492428589137705,-0.0006933593161243187,0.002360285105626708
1778454695369704227,0.27708648736928876,-0.10486744568406942,9.316944794840865,-0.0015264813262559698,-0.0013751285551846064,0.00011044661672776797
1778454695390134100,0.27718629085494406,-0.12282700505826727,9.317010987895546,-0.0038444967390609402,0.0008065330098083051,-0.0005713226223325175
1778454695410562455,0.264021275878231,-0.11448728304293027,9.322771589278792,-0.0031627275000006526,-0.0014433054790906341,0.0016785158665664232
1778454695431066976,0.28067897032113454,-0.10007499727216551,9.318181876961829,-0.003094550576094625,-0.004170382435331774,0.0003149773884458533
1778454695451498702,0.2761614162686725,-0.13243152055393692,9.325421430543386,-0.0029581967282825694,-0.0006933593161243187,-0.0006394995462385453
1778454695471958853,0.27472458007454725,-0.10248749597161738,9.320496172141803,-0.002003719793598171,-0.0013751285551846064,-0.001525799557016916
1778454695492530226,0.2628007795622469,-0.11089758534449623,9.322739805416484,-0.0013901274784439144,-0.002329605489869005,0.0009285697036001098
1778454695512864747,0.2618783767857428,-0.11693405861835174,9.339530694390099,-0.0024127813370343407,-0.001988720870338863,-0.0007076764701445738
1778454695533275843,0.2916010847345949,-0.11801803900914559,9.319614075126946,-0.001458304402349942,-0.0024659593376810604,0.004132885127183449
1778454695553727105,0.2750317975187402,-0.1168994728265941,9.336137398610871,-0.004117204434685055,0.0011474176293384472,-0.00016226107889634597
1778454695574147052,0.2734173894192192,-0.10844895033596469,9.31090690845718,-0.0028218428804705105,-0.00014794392487608998,0.0012012773992242237
1778454695594579370,0.2738137715417589,-0.11689827705256747,9.334919755511399,-0.0016628351740680287,0.0011474176293384472,-0.0010485610896747168
1778454695615002299,0.27713306232926127,-0.11324857339202843,9.316975684933048,-0.0024127813370343407,0.0003974714663721318,-0.00043496877452046034
1778454695635535709,0.2757600934681276,-0.11680518998851944,9.3037803019635,-0.0019355428696921397,-0.00035247469659417663,0.0004513312362579105
1778454695655972119,0.265272569683764,-0.1204749986083562,9.324011296729827,-0.0024127813370343407,-0.003011374728929289,0.0015421620187543662
1778454695676390104,0.2735331683604074,-0.10727551603071012,9.31929618052358,-0.0037081428912488813,-0.0015114824029966618,0.000792215855788053
1778454695696822996,0.2713910267192169,-0.11929049342107392,9.332493295053078,-0.00036747361985348635,0.0007383560859022739,0.0004513312362579105
1778454695717240332,0.27731290658855023,-0.12045967674516506,9.326594944939735,-0.002344604413128313,-0.0006251823922182945,0.002360285105626708
1778454695737717686,0.27940600293076556,-0.09647506972243497,9.314552799555218,-0.0015264813262559698,0.0008065330098083051,-0.0020030380243591154
1778454695758130152,0.2675521638509786,-0.10489879889704257,9.321592824222305,-0.005957981380147824,0.0010110637815263918,0.0005195081601639387
1778454695778616248,0.2662799539119073,-0.11086707316225425,9.314401756233886,-2.658900032334252e-05,0.0009428868576203606,-9.408415499031781e-05
1778454695798992232,0.26265667347051236,-0.11326150370716628,9.311956750524196,-0.00023111977204142917,-0.0006251823922182945,-0.0021393918721711726
1778454695819480068,0.27373544365583014,-0.12166703318309377,9.327742819904037,-0.003571789043436826,-0.0011705977834665197,0.0014058081709423095
1778454695839929608,0.2722143834613636,-0.10486266258796284,9.312074222442977,-0.0029581967282825694,-0.0019205439464328351,0.001337631247036281
1778454695860358648,0.27125034640289225,-0.10969501200267406,9.326462502850072,-0.002549135184846396,0.0013519484010565339,0.0031784081924990503
1778454695880843614,0.2675312477174404,-0.11685478872768024,9.315641463684921,-0.004321735206403138,0.00026111761856007637,0.0003831543123518819
1778454695901224969,0.2759209324666926,-0.10487647976133935,9.319324445285696,-0.0012537736306318555,-7.976700097006573e-05,-0.00036679185061443175
1778454695921721324,0.2711203048938763,-0.12402174009684605,9.312126283116601,-0.003980850586872996,0.00012476377074802092,-0.0016621534048289733
1778454695942185234,0.2774503591145744,-0.11689845442421518,9.337373586961712,-0.0024809582609403684,0.001420125324962565,-0.003093868806855572
1778454695962634329,0.28057498360877164,-0.08450663586409529,9.316925411799668,-0.0032990813478127115,0.001965540716210787,-0.00043496877452046034
1778454695983140703,0.2696492454347922,-0.10363909742860439,9.301240838437009,-0.0019355428696921397,-0.0036931439679895733,0.0024966389534387652
1778454696003565502,0.272338528855967,-0.09890683235045328,9.322844038724327,-0.0031627275000006526,-0.00021612084878212118,0.0007240389318820244
1778454696024071042,0.2748036654117737,-0.10728694165603336,9.324111117167357,-0.0017991890218800842,-0.0007615362400303499,0.002019400486096566
1778454696044472656,0.27352233156798944,-0.10846941003855781,9.318101495545791,-0.0013901274784439144,-0.0021932516420569495,-0.0006394995462385453
1778454696064861844,0.26266675281163265,-0.10249940788437634,9.316713426083792,-0.0011174197828198,-0.0016478362508087208,-0.0012530918613928017
1778454696085409754,0.27715473591409734,-0.11086078537633304,9.319365054888626,-0.002685489032658455,-0.0021250747181509183,0.0003831543123518819
1778454696105857850,0.27451222543800424,-0.09885807464202367,9.307292857201748,-0.002208250565316254,-1.1590077064034532e-05,-0.0009803841657686882
1778454696126348149,0.2697366972254339,-0.10365614718076532,9.307236327677515,-0.003776319815154909,-0.0009660670117484366,0.0008603927796940812
1778454696146730874,0.2748435868060358,-0.1144707654057125,9.32413759438923,-0.002344604413128313,-0.0008297131639363811,-0.0013212687852988303
1778454696167146006,0.26761622916907946,-0.11328333655543377,9.32282281216259,0.001950541792951484,-0.0008978900878424054,-0.0011167380135807454
1778454696187708268,0.27488446363670516,-0.10610668744991442,9.330102193537552,-0.0029581967282825694,-0.00021612084878212118,-0.00016226107889634597
1778454696208169105,0.2711246861056933,-0.09651443861029912,9.322816667732333,-0.0026173121087524273,-0.0021250747181509183,0.0009285697036001098
1778454696228645015,0.26146203396607215,-0.10489282002690942,9.315504608724947,-0.0016628351740680287,-0.0027386670333051748,0.0018830466382845088
1778454696249109647,0.2713193523989985,-0.12525655350988002,9.325320772316031,-0.004117204434685055,-0.0026023131854931193,0.0019512235621905374
1778454696269567965,0.26371899911204355,-0.10725231003676827,9.304758644335397,-0.0009128890111017134,-0.0021932516420569495,0.0003149773884458533
1778454696290053524,0.28093789991765006,-0.11208554630971812,9.331416081994067,-0.0015264813262559698,-0.004170382435331774,0.0018148697143784802
1778454696310526323,0.2628458396196238,-0.10014230942257069,9.329894676672286,-0.0024809582609403684,0.0006701791619962497,-9.408415499031781e-05
1778454696330964085,0.2794368004203146,-0.09887308758942687,9.315760723143944,-0.0012537736306318555,-0.0006933593161243187,0.001337631247036281
1778454696351394440,0.28077877380678995,-0.11803455664636336,9.31824807001651,-0.0011855967067258277,-0.0011705977834665197,0.0018830466382845088
1778454696371896720,0.26040122322713655,-0.1300384173271919,9.315578733750131,-0.0015946582501619976,-0.0012387747073725475,4.2269692821739376e-05
1778454696392311205,0.2722828299912814,-0.08573989875980709,9.323994594998995,-0.0012537736306318555,-0.004443090130955889,0.0020875774100025946
1778454696412780226,0.2688133390125226,-0.125240522160098,9.31808909472468,-0.0007765351632896562,0.0038063176616735597,-0.0010485610896747168
1778454696433240729,0.2605479976429831,-0.1061468973685098,9.33467604191351,-0.0027536659565644828,-0.0007615362400303499,0.0003831543123518819
1778454696453709602,0.26536763047652323,-0.10614145061331981,9.335949320767096,-0.002549135184846396,5.6586846841989724e-05,-0.001184914937486774
1778454696474136735,0.27604906310289423,-0.12164555507812169,9.321784421166269,-0.0012537736306318555,-1.1590077064034532e-05,-0.0018666841765470582
1778454696494572441,0.27102886786163627,-0.10127978479039323,9.31444063427687,-0.0017310120979740565,-0.000488828544406239,-0.0006394995462385453
1778454696514943814,0.2580070035402504,-0.10612404611786341,9.325046168625958,-0.0032309044239066838,-0.00021612084878212118,-0.0028211611112314576
1778454696535459262,0.28337223898390773,-0.11806763774830634,9.33147523684837,-0.0024809582609403684,-7.976700097006573e-05,0.0007240389318820244
1778454696555850542,0.2797073242605458,-0.11925794443407406,9.326627622572165,-0.0032990813478127115,0.0007383560859022739,-0.0013212687852988303
1778454696576285453,0.26773105267386044,-0.1276578039556564,9.325273962302543,-0.0033672582717187392,-1.1590077064034532e-05,-0.00016226107889634597
1778454696596920011,0.2820142901418996,-0.11803916237082218,9.320664810964084,-0.002208250565316254,-0.0017841900986207762,0.0022921081817206795
1778454696617168570,0.2762239666841778,-0.12167965458244359,9.333775399647285,-0.0024809582609403684,-0.00028429777268815237,0.0009285697036001098
1778454696637663924,0.2785851165276215,-0.1144914024799534,9.333786012928154,-0.001458304402349942,-0.0007615362400303499,0.000792215855788053
1778454696658054798,0.2833389711553559,-0.112081117956907,9.33145317249681,-0.0012537736306318555,0.0007383560859022739,0.0008603927796940812
1778454696678495819,0.2700764250468808,-0.1144864420121991,9.326461609079951,-0.0009128890111017134,5.6586846841989724e-05,0.0008603927796940812
1778454696698945618,0.2786006960129356,-0.1455906158413398,9.323108866923357,-0.0013901274784439144,0.0008747099337143363,-0.0009122072418626596
1778454696719350602,0.2640554991431898,-0.10492590112885236,9.328731775556806,-0.0007765351632896562,0.0016246560966806448,-0.00016226107889634597
1778454696739871791,0.2676953145063059,-0.11808278223984975,9.326437757188145,-0.003094550576094625,-0.0006251823922182945,0.0015421620187543662
1778454696760284108,0.2710687892558984,-0.10846360854007236,9.314467111498745,0.0007233571626429694,0.0008747099337143363,-0.00036679185061443175
1778454696780668000,0.27594507639053123,-0.10607719367005136,9.32052795600411,-0.0032309044239066838,-0.0014433054790906341,0.0016103389426603948
1778454696801158003,0.2735531290575385,-0.11086742790554971,9.319309419134516,-0.001458304402349942,0.0034654330421434176,0.0003149773884458533
1778454696821635802,0.28335227828677667,-0.1144757258734668,9.331461998237433,-0.001867365945786112,0.0006701791619962497,0.0011331004753181951
1778454696842094286,0.2747494814496837,-0.11325641169527173,9.318137692278409,-0.0026173121087524273,-0.0036249670440835456,0.0003831543123518819
1778454696862517604,0.2748470125814457,-0.10251136562464269,9.328889857078515,-0.002003719793598171,-0.0025341362615870916,-9.408415499031781e-05
1778454696883019718,0.27968146744900224,-0.12403693041589692,9.323047980509108,0.0001779417713947424,-0.005261213217828232,0.0003831543123518819
1778454696903508943,0.27462362316737543,-0.12519194182331614,9.304991744652416,-0.005753450608429737,-0.00014794392487608998,0.000792215855788053
1778454696923991409,0.28910001202612423,-0.12517901150817826,9.310010679061268,-0.003571789043436826,-0.0024659593376810604,-9.408415499031781e-05
1778454696944416116,0.2808645127097268,-0.12403130628905917,9.321867427912377,-0.002549135184846396,-0.0009660670117484366,-0.0006394995462385453
1778454696964834970,0.27120775668451813,-0.12403878984900701,9.318121772357108,0.001132418706079141,-0.0025341362615870916,0.0002468004645398247
1778454696985252770,0.2820310230487302,-0.10847437050631209,9.325425899393995,-0.0028900198043765417,-0.0010342439356544608,0.0009967466275061384
1778454697005698902,0.2591750287818493,-0.10970351396500083,9.32148065894396,-0.003435435195624767,-0.0013069516312785787,-0.0010485610896747168
1778454697026198442,0.2665322299427124,-0.12168031824152706,9.327631548395813,-0.005003504445463422,0.0006701791619962497,0.0019512235621905374
1778454697046629852,0.26644649103977547,-0.11568356859883122,9.324012190499948,-0.0009128890111017134,0.002647309955271078,-0.0015939764809229447
1778454697067102355,0.2712370392714716,-0.10730040408611435,9.326453677109448,-0.002549135184846396,0.00026111761856007637,-0.00029861492670840315
1778454697087615173,0.2651828455392289,-0.09175334341136843,9.328701779234741,4.1587923582685205e-05,5.6586846841989724e-05,0.00011044661672776797
1778454697107988342,0.2797016261312426,-0.10251273877031702,9.332561331628302,-0.002208250565316254,0.0018291868683987314,-0.00029861492670840315
1778454697128498419,0.2760749199144379,-0.11686656909629883,9.325364063229328,-0.004594442902027252,0.0009428868576203606,0.0014739850948483377
1778454697148891496,0.2833214807972275,-0.11207770800647482,9.330254074648709,0.0002461186953007701,-1.1590077064034532e-05,0.0005195081601639387
1778454697169398684,0.2795550497005055,-0.1012881552085797,9.322964135973175,-0.0010492428589137705,0.0015564791727746205,0.0014058081709423095
1778454697189824613,0.2832707226105474,-0.10608777826464338,9.329032912449046,-0.0032990813478127115,-0.0004206516205002078,0.0022239312578146513
1778454697210275060,0.2701129206657331,-0.13362966554294797,9.32173582361254,-0.004117204434685055,-0.00028429777268815237,-0.0005713226223325175
1778454697230729322,0.2746878864705856,-0.10846037596128788,9.31572184510096,-0.0009128890111017134,-0.0005570054683122633,-2.5907231084289217e-05
1778454697251188510,0.27589678854285393,-0.10367576585262728,9.318120934567283,-0.003776319815154909,-0.0006251823922182945,0.0028375235729689078
1778454697271714291,0.27124369283718197,-0.10849770804439424,9.326458089979761,-0.0017310120979740565,-0.0021250747181509183,-0.001184914937486774
1778454697292122831,0.2723392863072648,-0.10847503416539556,9.31928204814252,-0.0013901274784439144,-0.003556790120177518,-0.00043496877452046034
1778454697312568593,0.27494016250139064,-0.11927362104056069,9.328951637262886,-0.0017991890218800842,-0.0004206516205002078,0.0009285697036001098
1778454697332983966,0.2722276905927843,-0.10725727050452255,9.3120830481836,-0.004730796749839311,-0.0013069516312785787,-0.0007758533940506024
1778454697353388580,0.2664738627539147,-0.13004098624689286,9.320467851399389,-0.0009128890111017134,-0.00014794392487608998,0.0015421620187543662
1778454697373858416,0.2711220177815813,-0.1180420402063112,9.314502414461241,-0.0024809582609403684,0.003533609966049449,0.0009285697036001098
1778454697394295660,0.27356320839865866,-0.10010533208275979,9.324066094694114,-0.0013219505545378832,-0.0021932516420569495,-0.0012530918613928017
1778454697414808570,0.2809177412354096,-0.133609737955298,9.321902730874875,-0.0004356505437595141,0.0011474176293384472,-0.002207568796077201
1778454697435378388,0.27588842208943865,-0.10845816178488232,9.31574039035233,-0.0009128890111017134,-0.0008297131639363811,0.003314762040311107
1778454697455728558,0.2699566608640944,-0.0929349707631617,9.326382177414331,-0.00023111977204142917,-0.0017841900986207762,-0.0007076764701445738
1778454697476108375,0.278227700362937,-0.12877380121850687,9.303861521169363,-0.00036747361985348635,-0.0006933593161243187,0.0007240389318820244
1778454697496626952,0.28931750532578193,-0.1108693331661672,9.330342388035248,-0.0024809582609403684,0.00019294069465405211,0.0011331004753181951
1778454697516959770,0.2760157952743425,-0.11565903528672244,9.321762356814709,-0.0007083582393836284,-0.001852367022526804,0.0007240389318820244
1778454697537507588,0.2735922930005028,-0.10848304984028656,9.322897886938197,-2.658900032334252e-05,-0.0014433054790906341,0.0003149773884458533
1778454697557922331,0.2794816624925821,-0.11323391518792075,9.313415481891486,-9.476592422937198e-05,-0.0029431978050232614,-0.00036679185061443175
1778454697578377260,0.27213282778513437,-0.09647471497913951,9.309645136654586,-0.003776319815154909,-0.0017160131747147485,0.0009285697036001098
1778454697598817670,0.2736031297929208,-0.10728915583243887,9.324092571915987,-0.006026158304053852,-0.0011705977834665197,0.0019512235621905374
1778454697619285821,0.26888748367174353,-0.12286296399569924,9.324075758224563,-0.0015946582501619976,-0.0024659593376810604,-0.0012530918613928017
1778454697639732528,0.26497790191969406,-0.09888942785499694,9.311940886583193,-0.005480742912805623,0.0003974714663721318,-0.00036679185061443175
1778454697660168364,0.2807996899403281,-0.10607856681572575,9.324199430553897,-0.0005038274676655435,-7.976700097006573e-05,0.0003149773884458533
1778454697680699145,0.2676536802243389,-0.11687865838070555,9.32403514862163,-0.0032990813478127115,-0.0019205439464328351,-9.408415499031781e-05
1778454697701126759,0.27235506377768826,-0.11445814400636267,9.31810501464598,-0.00023111977204142917,-0.0008978900878424054,-0.0017303303287350019
1778454697721647206,0.2714442552448997,-0.1288689250873127,9.332528598015577,-0.0013901274784439144,-0.00014794392487608998,0.001337631247036281
1778454697742068431,0.27604069664947894,-0.12642795101037674,9.319403876951315,-0.001867365945786112,-0.0026023131854931193,-0.0007758533940506024
1778454697762481823,0.2785442396969523,-0.12285548043575142,9.327821413779832,-0.0013901274784439144,-0.0013751285551846064,0.0007240389318820244
1778454697782968677,0.283324708587528,-0.1252344117458245,9.325506224829738,-0.0009128890111017134,0.0016246560966806448,0.0002468004645398247
1778454697803424477,0.28424292813732466,-0.12158913643809657,9.307525063748644,0.0002461186953007701,-0.00021612084878212118,-0.00036679185061443175
1778454697823944424,0.2734898211907354,-0.11205109206210079,9.314517440612423,-0.0019355428696921397,0.000465648390278163,0.0006558620079759958
1778454697844340686,0.280598929547501,-0.11082345329322668,9.308628810009825,-0.002276427489222285,0.002306425335740936,0.0008603927796940812
1778454697864825726,0.27721063276389224,-0.09891161544655985,9.327714611122216,-0.004049027510779023,-0.0014433054790906341,0.0009967466275061384
1778454697885417710,0.2688599139724951,-0.13362164986805697,9.318119984816866,-0.0015264813262559698,0.002306425335740936,0.0038601774315593354
1778454697905804528,0.2733400169696978,-0.09766980476101383,9.309668094776269,-0.0021400736414102263,-0.0021932516420569495,-0.0005713226223325175
1778454697926282457,0.27355635684783897,-0.1240241316448994,9.314561569315545,-0.0015946582501619976,0.0012155945532444784,0.0005876850840699673
1778454697946723923,0.2664755756416197,-0.12406128635635799,9.32284398274403,-2.658900032334252e-05,-7.976700097006573e-05,0.0008603927796940812
1778454697967105277,0.2781271394259839,-0.10124604002936677,9.307357318696484,-0.0010492428589137705,-0.0026023131854931193,-0.0010485610896747168
1778454697987873095,0.2736447640748879,-0.10849327969158312,9.326495180482503,-0.0010492428589137705,-0.001988720870338863,0.0012012773992242237
1778454698008062135,0.27130528781628005,-0.11329374377837806,9.328873937157212,-0.0043899121303091655,-0.0028750208811172337,-0.0032302226546676283
1778454698028576860,0.27019371889066446,-0.13244941133682905,9.327726899982736,-0.004730796749839311,0.001079240705432423,-2.5907231084289217e-05
1778454698048937863,0.2749527121815136,-0.11210002714217804,9.332522453585318,-2.658900032334252e-05,-0.0008297131639363811,0.0018148697143784802
1778454698069345421,0.27231438493212834,-0.09770611844174126,9.321640528005913,-0.002276427489222285,-0.002670490109399147,-0.0005713226223325175
1778454698089885683,0.2820135326906018,-0.1084709605558799,9.324226801545892,-0.0016628351740680287,0.0005338253141841942,0.0005876850840699673
1778454698110267001,0.26877855628137515,-0.10011759873881415,9.325191011536734,-0.0012537736306318555,-0.001988720870338863,0.0009967466275061384
1778454698130766615,0.2807131935860935,-0.09051361535808766,9.324142063239838,-0.0017991890218800842,0.0003974714663721318,0.0012694543231302523
1778454698151200229,0.27603328563247087,-0.11566244523715463,9.32296145466281,-0.002685489032658455,0.00019294069465405211,4.2269692821739376e-05
1778454698171677213,0.27363050150706003,-0.12164657348050062,9.320548232815428,-0.0032309044239066838,0.0021700714879288735,-0.0013212687852988303
1778454698192124920,0.2819095459782388,-0.09290259914780963,9.32297033638373,-0.001867365945786112,-0.0027386670333051748,0.00011044661672776797
1778454698212605237,0.27840431683192546,-0.1228282008322939,9.31822863099502,-0.002344604413128313,-0.0014433054790906341,-0.0016621534048289733
1778454698233038703,0.28198520554005546,-0.10966144461329536,9.32183301872,-0.0009810659350077428,-0.00028429777268815237,0.0029738774207809645
1778454698253446539,0.264062910160198,-0.11569140690207452,9.32517419784531,-0.0011174197828198,-0.0008297131639363811,0.003314762040311107
1778454698273909672,0.278496907285682,-0.1049061509128501,9.331352514269454,-0.0017991890218800842,-0.0006251823922182945,-0.0005713226223325175
1778454698294385415,0.2738495097093133,-0.12647329876837413,9.333755960625794,-0.0024809582609403684,-0.0006933593161243187,0.0003149773884458533
1778454698314796252,0.2736871558081527,-0.11926560536566966,9.325335798467211,-0.0008447120871956856,-0.0036249670440835456,0.0022239312578146513
1778454698335269143,0.27957082717092885,-0.10727126504954676,9.321787102476636,4.1587923582685205e-05,-0.0005570054683122633,-0.0014576226331108875
1778454698355736128,0.27832124625310073,-0.09530384959358595,9.322923526370245,-0.002276427489222285,0.00019294069465405211,-0.001184914937486774
1778454698376176464,0.27840527226833256,-0.10728029912681669,9.32416675292147,-9.476592422937198e-05,-0.0006251823922182945,-0.0007758533940506024
1778454698396658856,0.2711853256483844,-0.11685837604976013,9.319294392983336,-0.0021400736414102263,-0.0025341362615870916,0.003314762040311107
1778454698417010840,0.282946772259524,-0.10124059327417678,9.308630597550069,-0.002344604413128313,-0.002329605489869005,0.0009285697036001098
1778454698437546935,0.2913894875493497,-0.12395681949449419,9.302848769605086,-0.0024809582609403684,-0.003079551652835317,-0.001389445709204859
1778454698457882994,0.28567179384825336,-0.10608334991183227,9.329070002951786,-0.002208250565316254,0.0007383560859022739,-9.408415499031781e-05
1778454698478429182,0.27714883979968474,-0.11923168323299549,9.31579865143651,-0.0031627275000006526,-0.0005570054683122633,0.0011331004753181951
1778454698498853036,0.2806955052428558,-0.1156263089280749,9.313442852883481,-0.0013901274784439144,-0.0005570054683122633,-0.002616630339513372
1778454698519426447,0.2736506601893004,-0.10012238183492073,9.330061583934622,-0.0017310120979740565,-0.001102420859560492,0.0009967466275061384
1778454698539866931,0.2844336091890316,-0.12760634578338553,9.31833900873312,-0.0007083582393836284,-0.0008978900878424054,-0.0005713226223325175
1778454698560219952,0.2724949866427151,-0.1144854236098202,9.327697797430792,-2.658900032334252e-05,-0.0006251823922182945,0.0016103389426603948
1778454698580745289,0.28567920486526155,-0.11684885568505443,9.325512425240293,-0.003094550576094625,-0.0021250747181509183,0.00011044661672776797
1778454698601124366,0.27219366531293476,-0.09170254889818108,9.315622974413847,-0.004185381358591082,-0.0014433054790906341,0.0011331004753181951
1778454698621662646,0.28297243108595826,-0.12157771081277338,9.302710127104868,-0.0032309044239066838,-0.003965851663613688,0.0018148697143784802
1778454698642124093,0.27231095915671844,-0.10966551822281101,9.31688826531663,-0.0017310120979740565,0.001965540716210787,0.0014058081709423095
1778454698662595541,0.2700239539724958,-0.11447621216090254,9.322864315535645,-0.0013901274784439144,0.00012476377074802092,-0.004116522665446
1778454698683090951,0.29420120347742296,-0.11924842406936845,9.33284565482912,-0.0027536659565644828,-0.00035247469659417663,-0.00029861492670840315
1778454698703510435,0.2664873678704448,-0.10731949064303314,9.32997678964827,-0.0007083582393836284,-0.0004206516205002078,-0.0009803841657686882
1778454698723994901,0.2687502291308289,-0.10130808279622966,9.32279722871084,-0.002685489032658455,-0.00021612084878212118,-9.408415499031781e-05
1778454698744548848,0.28071889171539677,-0.10725882102184464,9.318208354183701,-0.003571789043436826,-0.001579659326902693,0.0024966389534387652
1778454698764934462,0.267547980624271,-0.10728999686317009,9.320402552114828,-0.0005038274676655435,0.001965540716210787,0.0015421620187543662
1778454698785338910,0.2698448671645046,-0.11683331062270816,9.309683064947153,-0.0028900198043765417,-0.0005570054683122633,0.0002468004645398247
1778454698805854987,0.2671525539381385,-0.08329276844109018,9.30232782698706,-0.0012537736306318555,0.0012837714771505027,-9.408415499031781e-05
1778454698826393730,0.2663698760415518,-0.11447262483882265,9.319211386237228,-0.0024809582609403684,-0.0015114824029966618,0.00017862354063379613
1778454698846758048,0.2868132048270109,-0.10487360192585032,9.32548684178854,-0.0021400736414102263,-0.000488828544406239,0.0003831543123518819
1778454698867123088,0.26993821506955895,-0.10847946251820667,9.31924495763978,-0.0024809582609403684,-0.0017160131747147485,0.00017862354063379613
1778454698887677424,0.2783969058149173,-0.11206269505907174,9.321786208706515,-0.0016628351740680287,0.0006020022380902185,0.0014058081709423095
1778454698908031760,0.26883577004865633,-0.1324209359593449,9.316916474098452,0.0007233571626429694,-0.0006933593161243187,0.0019512235621905374
1778454698928447948,0.27831116691198043,-0.10606594541637587,9.318166850810648,-0.002685489032658455,-0.0014433054790906341,-0.0009122072418626596
1778454698948848062,0.2675447528339705,-0.09413329312382046,9.3251504019338,-0.003094550576094625,-0.0011705977834665197,-9.408415499031781e-05
1778454698969366120,0.2807479763172408,-0.11563653877937147,9.317040146427786,-0.0026173121087524273,-0.0017841900986207762,-0.0007758533940506024
1778454698989763642,0.27020702602208524,-0.13484401925338876,9.32773572572336,-2.658900032334252e-05,-0.00014794392487608998,-0.0011167380135807454
1778454699010209145,0.27015969361081493,-0.11689468973048758,9.331266826212982,-0.0028218428804705105,0.0016246560966806448,0.0035874697359352214
1778454699030687796,0.27594260605152854,-0.10248869174564401,9.321713815241274,-0.005003504445463422,0.0015564791727746205,0.002360285105626708
1778454699051114002,0.2711079531988627,-0.10607923047480922,9.318055579302424,-0.003094550576094625,-0.0014433054790906341,4.2269692821739376e-05
1778454699071624857,0.28083048742987715,-0.10847658468271765,9.325407354142625,4.1587923582685205e-05,-0.0016478362508087208,-0.0010485610896747168
1778454699092090563,0.27120281600651264,-0.11686178600019231,9.320493490831439,-0.002685489032658455,0.0007383560859022739,0.001337631247036281
1778454699112483844,0.26266503992392776,-0.10847910777491121,9.31433729473915,-0.0004356505437595141,-0.0013751285551846064,0.0021557543339086227
1778454699132929884,0.25908263631320216,-0.1025094603640252,9.317856888177783,-0.0009810659350077428,-7.976700097006573e-05,0.001337631247036281
1778454699153363220,0.2701813671956509,-0.11450690171479225,9.33365619616856,0.00010976484748871293,-0.00035247469659417663,4.2269692821739376e-05
1778454699173857353,0.275800212847499,-0.09887291021777916,9.313306891693628,-0.0028218428804705105,0.0017610099444927071,-0.002889338035137486
1778454699194276133,0.27334591308411027,-0.08929890690435144,9.31323449822839,-0.0016628351740680287,-0.003147728576741348,-0.0026848072634194004
1778454699214681191,0.27131194138199044,-0.11449104773665794,9.328878350027525,-0.0011855967067258277,0.00237460225964696,-0.0005713226223325175
1778454699235114287,0.27968242288540934,-0.10848902871041971,9.32898610243556,-0.002208250565316254,0.000465648390278163,-0.002071214948265144
1778454699255564142,0.27825527006218553,-0.11801511534614914,9.309817294577059,-0.005003504445463422,-0.0021250747181509183,-0.001389445709204859
1778454699276078663,0.27368125969374013,-0.12763650322233205,9.32176939501509,-0.0024127813370343407,0.00026111761856007637,0.0015421620187543662
1778454699296584407,0.27135528855166235,-0.10971547170526719,9.333657089938681,-0.0028218428804705105,5.6586846841989724e-05,0.001064923551412167
1778454699317085113,0.2760515334418969,-0.12523405700252904,9.320598561929106,-0.0013901274784439144,-0.0006933593161243187,-0.001525799557016916
1778454699337527338,0.2806472173951783,-0.1132248811106508,9.31103583144665,-0.0008447120871956856,-0.0014433054790906341,-0.0015939764809229447
1778454699357981322,0.27967748220740396,-0.10131202486160501,9.331357820909886,-0.0021400736414102263,0.0011474176293384472,0.0007240389318820244
1778454699378420085,0.2686916639569219,-0.1347848543220149,9.30613341920616,-0.0029581967282825694,-0.0010342439356544608,-0.002412099567795287
1778454699398857143,0.2673763048332879,-0.12041260109819787,9.303663723814841,-0.0015946582501619976,-0.0014433054790906341,0.0008603927796940812
1778454699419338887,0.2759100956742746,-0.10607037376918699,9.318129760307906,-0.00023111977204142917,0.00026111761856007637,0.0003831543123518819
1778454699439760167,0.27003992942802857,-0.09534321848145016,9.331187394547362,-0.0013901274784439144,-0.0011705977834665197,-0.00029861492670840315
1778454699460206948,0.2773203176055584,-0.13122518251838716,9.323037367228238,-0.0009128890111017134,0.0005338253141841942,0.0014058081709423095
1778454699480828895,0.2628074331279573,-0.11209488930277606,9.322744218286797,-0.001458304402349942,0.0008747099337143363,0.001337631247036281
1778454699501204620,0.27602985985706097,-0.12762184501822438,9.318209191973526,-0.0020718967175041986,0.00019294069465405211,-0.0013212687852988303
1778454699521690641,0.27583348067605085,-0.10485943000917841,9.31332895604519,-0.0005720043915715713,-0.0006933593161243187,-0.0021393918721711726
1778454699542185681,0.2724525949094502,-0.10371309793573363,9.328857179446086,-0.0016628351740680287,-0.0006933593161243187,-0.00016226107889634597
1778454699562583980,0.27968070999770445,-0.1144687286009547,9.326609971090916,-0.0026173121087524273,0.0008065330098083051,-9.408415499031781e-05
1778454699583083594,0.27505347110357614,-0.11451168481089877,9.33852676856645,-0.0028900198043765417,-0.0009660670117484366,0.0016103389426603948
1778454699603568060,0.27972557206997195,-0.12882955619944852,9.32426472983846,-0.002344604413128313,0.00032929454246610756,-0.0012530918613928017
1778454699624084359,0.2712661238733157,-0.11567812184364118,9.325285469353533,-0.0028900198043765417,0.0011474176293384472,-0.0016621534048289733
1778454699644616825,0.26010428310917333,-0.07974824112900586,9.314194295348917,-0.0011174197828198,0.0018973637923047626,0.0004513312362579105
1778454699664967198,0.2722235073660766,-0.10964846847065007,9.31089277607612,-0.0021400736414102263,-0.0007615362400303499,0.0003149773884458533
1778454699685404053,0.2771847759523486,-0.10369060142838266,9.32413496905916,-0.002344604413128313,-0.0013069516312785787,-0.0005713226223325175
1778454699705868111,0.2602556022328065,-0.1132659320599774,9.311919660021456,-0.002208250565316254,0.001965540716210787,-0.0020030380243591154
1778454699726358614,0.27019543177836935,-0.12646971144629418,9.330103031327377,0.0002461186953007701,-0.0014433054790906341,-0.0031620457307615997
1778454699746804376,0.2748068932020743,-0.12044364539538299,9.319363267348384,-0.003571789043436826,0.000465648390278163,0.0009285697036001098
1778454699767194268,0.27371719584640397,-0.11209542141771922,9.330105712637744,-0.0005038274676655435,-7.976700097006573e-05,-0.0005713226223325175
1778454699787658715,0.27831706302639303,-0.09769504755971348,9.321733254262767,4.1587923582685205e-05,0.0015564791727746205,0.0006558620079759958
1778454699808108737,0.2795575200395082,-0.10487665713298705,9.321778276736012,-0.0019355428696921397,-0.00028429777268815237,-0.00016226107889634597
1778454699828579888,0.2809021617500955,-0.10251052459391147,9.332579876879672,-0.00466261982593328,-1.1590077064034532e-05,0.000792215855788053
1778454699849014131,0.2759990623675119,-0.12522382715123248,9.317001268384802,-0.0033672582717187392,0.0010110637815263918,-0.0009803841657686882
1778454699869413282,0.273587154337388,-0.1264221495118913,9.315769492904272,-0.0016628351740680287,0.00032929454246610756,0.0005195081601639387
1778454699889897211,0.27597834421908307,-0.11206371346145061,9.320550020355672,0.0007233571626429694,-0.0021932516420569495,-0.0019348611004530868
1778454699910301695,0.2902357248755786,-0.1072240578584393,9.31236122695416,-0.003026373652188597,0.00019294069465405211,-0.0012530918613928017
1778454699930815031,0.2868132048270109,-0.10487360192585032,9.32548684178854,-0.003094550576094625,0.0003974714663721318,-0.0021393918721711726
1778454699951226719,0.2725008827571276,-0.10611452575315772,9.331264200882911,-0.0032990813478127115,-0.0021932516420569495,4.2269692821739376e-05
1778454699971704389,0.27487856752229256,-0.11447758530657687,9.326535790085433,-0.0013901274784439144,0.002647309955271078,0.0006558620079759958
1778454699992117281,0.2818603026941543,-0.1060490730358627,9.314625193020454,0.0007233571626429694,-0.001988720870338863,0.0004513312362579105
1778454700012559432,0.2711560430614308,-0.1335967618126527,9.310962488230995,-0.0001629428481353997,0.002033717640116818,-0.0007758533940506024
1778454700033005268,0.2663791979313742,-0.09414232720109039,9.327530052378632,-0.0019355428696921397,-0.0013751285551846064,-0.000844030317956631
1778454700053498511,0.2688017447688068,-0.11686621435300343,9.320456400328698,-0.004049027510779023,0.002306425335740936,0.0006558620079759958
1778454700073974940,0.27798303333424945,-0.1036099583920368,9.296574263804196,-0.0028900198043765417,0.0030563714987072443,-2.5907231084289217e-05
1778454700094409906,0.27245410981204576,-0.12284950156561819,9.32173319828247,-0.0008447120871956856,-0.0006933593161243187,0.001064923551412167
1778454700114862649,0.27126536642201793,-0.1061099200286989,9.32884745993534,-0.0031627275000006526,0.0008065330098083051,0.0003149773884458533
1778454700135228263,0.28435205351280246,-0.1192183981745622,9.315909922944734,-0.0008447120871956856,-0.00014794392487608998,0.0009967466275061384
1778454700155688933,0.2710180310692183,-0.10247367879824093,9.313245949299082,-0.0016628351740680287,-0.00028429777268815237,0.0015421620187543662
1778454700176157528,0.273664724772019,-0.11208519156642266,9.32650841909344,-0.0019355428696921397,0.002306425335740936,-0.0005031456984264889
1778454700196601994,0.27235601921409536,-0.09891024230088546,9.32404313657243,-0.0019355428696921397,-0.001988720870338863,0.003246585116405079
1778454700217022478,0.27718629085494406,-0.12282700505826727,9.317010987895546,-0.001458304402349942,-0.0007615362400303499,0.0018148697143784802
1778454700237490722,0.283452081772432,-0.1324352852476646,9.331528191292117,-0.0019355428696921397,0.0005338253141841942,0.0019512235621905374
1778454700257923095,0.269789168299819,-0.10366637703206194,9.31083362122182,-0.0026173121087524273,-0.0015114824029966618,0.0020875774100025946
1778454700278410709,0.2685329338162805,-0.09050165761782131,9.31196563224512,-0.002344604413128313,-0.0006251823922182945,0.0014058081709423095
1778454700298854138,0.27009981151942175,-0.10611895410596883,9.331227110380171,-0.0029581967282825694,-0.0019205439464328351,-0.0005031456984264889
1778454700319348233,0.2844512975322693,-0.10249365221339829,9.32903821908948,-0.0017991890218800842,0.0018973637923047626,0.001337631247036281
1778454700339718217,0.2759226453543975,-0.09889677987080447,9.321700576630338,-0.0028900198043765417,-0.0017841900986207762,0.0005195081601639387
1778454700360125313,0.27115452815883523,-0.11446035818276823,9.31808646939461,-0.004185381358591082,0.0006701791619962497,0.0012694543231302523
1778454700380635723,0.27219442276423256,-0.1012707507131233,9.312060983832039,-0.0028900198043765417,-0.0012387747073725475,-0.0013212687852988303
1778454700401079689,0.26998479002953146,-0.11686059022616568,9.319275847731966,-0.0028218428804705105,-0.0029431978050232614,0.002564815877344794
1778454700421524099,0.2759600964096569,-0.1024921016960762,9.322912913089375,-0.003094550576094625,0.00026111761856007637,0.0022921081817206795
1778454700441889491,0.2650434821403904,-0.1264103691432726,9.306046893359863,-0.002003719793598171,0.000465648390278163,-0.0030256918829495434
1778454700462280456,0.2903165231005099,-0.10604380365232036,9.318352303324353,-0.0009810659350077428,-0.0010342439356544608,0.0011331004753181951
1778454700482807756,0.274801195072771,-0.10369843973162596,9.325296976404523,-2.658900032334252e-05,-0.0036249670440835456,-0.000844030317956631
1778454700503298740,0.2770165259367754,-0.10485380588234067,9.31214840344846,-0.0019355428696921397,-0.0004206516205002078,0.0002468004645398247
1778454700523790798,0.27093647539298904,-0.09408573118941754,9.310816863510691,-0.003912673662966968,0.0005338253141841942,-0.0013212687852988303
1778454700544242560,0.27947253858786913,-0.10844810930523346,9.31459692825834,-0.0001629428481353997,-0.0021250747181509183,0.0016785158665664232
1778454700564664489,0.2689608708796669,-0.11091720401635813,9.333624412306254,-0.0032309044239066838,-0.0005570054683122633,0.0009285697036001098
1778454700585144492,0.27718553340364627,-0.11325880324332499,9.320572978477353,-0.0032990813478127115,-0.0011705977834665197,4.2269692821739376e-05
1778454700605630236,0.27814805555952204,-0.08929005019872921,9.313308679233872,-0.0016628351740680287,-0.0025341362615870916,-0.0025484534156073432
1778454700626075109,0.2687509865821267,-0.11087628461117188,9.319235238129034,0.0018141879451394269,-0.000488828544406239,0.001337631247036281
1778454700646502186,0.2794350875326097,-0.10485278747996174,9.313384591799302,-0.0009128890111017134,-0.00021612084878212118,-0.0022757457199832297
1778454700666918651,0.2796314667136198,-0.1276152024890077,9.318264827727639,0.0008597110104550266,-0.0007615362400303499,0.0022921081817206795
1778454700687322784,0.2771847759523486,-0.10369060142838266,9.32413496905916,-0.0011174197828198,-0.0013069516312785787,-0.0017985072526410305
1778454700707787638,0.2723725541358166,-0.11446155395679486,9.31930411249408,0.0012005956299851704,-7.976700097006573e-05,0.0007240389318820244
1778454700728259438,0.26760519439155206,-0.1395933340837008,9.312128014676547,-0.0038444967390609402,0.000465648390278163,0.0003831543123518819
1778454700748802718,0.27241494586908144,-0.12523387963088134,9.31814473047879,-0.0016628351740680287,0.00012476377074802092,-0.00023043800280237456
1778454700769091628,0.272484149850297,-0.11567931761766781,9.326503112453004,-0.002344604413128313,-0.0024659593376810604,0.0002468004645398247
1778454700789591539,0.2709547232024152,-0.10365734295479201,9.308453970776988,-0.004117204434685055,-0.0014433054790906341,0.0009967466275061384
1778454700809969912,0.27830128555596967,-0.09171193771874642,9.322910287759308,-0.0005038274676655435,0.0003974714663721318,-0.0022757457199832297
1778454700830424137,0.2749103204482488,-0.10132770146809156,9.333681835600608,0.0001779417713947424,-0.002670490109399147,0.0003831543123518819
1778454700850873732,0.26894091018253585,-0.10732529214151859,9.333611173695317,-0.0005038274676655435,0.0009428868576203606,0.001064923551412167
1778454700871428068,0.27488769142700564,-0.1192633911892641,9.325354343718582,-0.0026173121087524273,-0.001852367022526804,-0.0012530918613928017
1778454700891861849,0.2810103316891661,-0.1156876880358543,9.335026614149308,-0.002344604413128313,0.001420125324962565,-0.0006394995462385453
1778454700912256111,0.27251152156443625,-0.1300367352657295,9.322958773352443,-0.002344604413128313,-0.00028429777268815237,-0.00016226107889634597
1778454700932688392,0.27325921874476633,-0.09885005896713267,9.303677018406075,-0.002276427489222285,-0.00035247469659417663,-0.0009122072418626596
1778454700953142820,0.27815128334982253,-0.10244675393807884,9.3085608294149,-0.0016628351740680287,-0.0005570054683122633,-0.0013212687852988303
1778454700973656064,0.2774362945318559,-0.10493564469271321,9.340926751802897,-0.0002992966959474569,-0.00014794392487608998,0.0011331004753181951
1778454700994053270,0.28325398970371685,-0.11565257012915348,9.324271824019137,-0.0015946582501619976,-0.0022614285659629772,0.0018830466382845088
1778454701014497866,0.27237179668451883,-0.10489335214185252,9.322866103075889,-0.0028218428804705105,0.0027154868791771022,0.001337631247036281
1778454701034950591,0.2748152596554895,-0.115661249463128,9.321743811563339,-0.0017310120979740565,-0.0021932516420569495,-0.0007076764701445738
1778454701055438871,0.26872855554599284,-0.103695870811925,9.320407858755264,-0.0013901274784439144,0.0017610099444927071,0.0004513312362579105
1778454701075968948,0.25918662302556517,-0.11807782177209547,9.319113353339942,-0.0012537736306318555,-0.0005570054683122633,-0.00023043800280237456
1778454701096401247,0.28194775448479603,-0.10606612278802363,9.320620682260962,-0.0019355428696921397,0.0006701791619962497,-0.00016226107889634597
1778454701116796158,0.27599659202850924,-0.12163532522682513,9.318187127621965,-0.003094550576094625,0.0012837714771505027,4.2269692821739376e-05
1778454701137189272,0.27123950961047427,-0.11088890601052176,9.325267817872284,-0.003094550576094625,-0.0008297131639363811,-0.0007076764701445738
1778454701157660311,0.27462457860378253,-0.10964404011783896,9.310929866578862,-0.004321735206403138,0.001079240705432423,4.2269692821739376e-05
1778454701178126907,0.2711128938768682,-0.11325623432362397,9.315683860828095,-0.0009810659350077428,-0.0032840824245534035,0.003519292812029193
1778454701198605910,0.2758718871677174,-0.09290685012897298,9.320479414430675,-0.003503612119530798,0.0014883022488685893,-0.00029861492670840315
1778454701219066505,0.26998554748082915,-0.1264287920411079,9.31571385715016,-0.0015946582501619976,-0.0005570054683122633,-0.00023043800280237456
1778454701239509878,0.27242084198349403,-0.11686298177421894,9.32171113393091,-0.003980850586872996,-0.0013069516312785787,0.002701169725156851
1778454701259905325,0.2819078330905339,-0.0988822990383445,9.32059420503909,-0.0015946582501619976,-0.0017160131747147485,0.0005876850840699673
1778454701280415291,0.2795466832470901,-0.10607055114083475,9.320583591758222,-2.658900032334252e-05,-0.0005570054683122633,0.001337631247036281
1778454701300883442,0.277276410969698,-0.10131645321441612,9.331320730407144,-0.001867365945786112,0.0009428868576203606,4.2269692821739376e-05
1778454701321422871,0.2771248938609553,-0.09291486580386399,9.32409525322635,-0.0017310120979740565,0.0007383560859022739,0.0004513312362579105
1778454701341828077,0.26994315574756433,-0.11565646636702143,9.316873239165451,-0.0007765351632896562,-0.0038294978158016323,-0.00036679185061443175
1778454701362255006,0.2818011780540588,-0.10484153922628625,9.311023486605837,-0.0024809582609403684,0.0003974714663721318,0.0015421620187543662
1778454701382731027,0.2700055081779602,-0.1300207039159475,9.315727095761096,-0.003435435195624767,0.001079240705432423,0.0011331004753181951
1778454701403200123,0.28078961059920793,-0.11684066263851572,9.3194427549943,-0.0028218428804705105,0.00026111761856007637,-0.0014576226331108875
1778454701423660940,0.2819051647664218,-0.12040990063435655,9.312279951768,-0.0020718967175041986,-0.0010342439356544608,-0.0011167380135807454
1778454701444093277,0.2781828382906695,-0.11441297362001304,9.306206762421818,-0.0036399659673428536,-7.976700097006573e-05,0.0012694543231302523
1778454701464508687,0.26278081886511584,-0.10730567346965669,9.322726566805548,-0.003776319815154909,-0.001852367022526804,-0.003911991893727913
1778454701484949856,0.2627049613181899,-0.1156629315245904,9.314363771961023,-0.001867365945786112,-0.00035247469659417663,0.003042054344686993
1778454701505406822,0.277209677327485,-0.114459517152037,9.321776489195766,-0.003912673662966968,0.0006701791619962497,-0.00029861492670840315
1778454701525912806,0.2830167336920374,-0.10125423307590553,9.313426988942476,0.0003824725431128273,5.6586846841989724e-05,-0.0006394995462385453
1778454701546431180,0.28203767661444046,-0.10967167446459192,9.325430312264306,-0.002003719793598171,-0.0012387747073725475,-0.00023043800280237456
1778454701566775367,0.26515527583998033,-0.10251202928372616,9.32274600582704,-0.0002992966959474569,0.00298819457480122,0.0005195081601639387
1778454701587213018,0.2820726573306972,-0.10967849436545629,9.327828507960508,-0.004730796749839311,-0.0007615362400303499,0.0003831543123518819
1778454701607666114,0.271231143157059,-0.1156713019427768,9.322887273657328,-0.0024809582609403684,-0.0022614285659629772,0.001064923551412167
1778454701628106117,0.26988498654387605,-0.09890103085196783,9.319209654677282,0.0001779417713947424,-0.0008978900878424054,0.0005195081601639387
1778454701648567731,0.27494510317939613,-0.12645062488937542,9.326579918788555,-0.0032990813478127115,-7.976700097006573e-05,-0.0011167380135807454
1778454701669009381,0.2818179109608895,-0.09527674736177622,9.315784575035748,0.0007233571626429694,-0.0006933593161243187,-0.0026848072634194004
1778454701689436625,0.27124616317618466,-0.11208620996880159,9.325272230742597,-0.0024809582609403684,-0.00035247469659417663,0.0004513312362579105
1778454701709864332,0.2712877974581517,-0.11329033382794587,9.32767483930911,-0.003571789043436826,-0.0006933593161243187,-0.0018666841765470582
1778454701730290242,0.2783919651369119,-0.10488569121025698,9.324157927180845,-0.003503612119530798,0.0007383560859022739,-0.0007758533940506024
1778454701750717356,0.2662126608035059,-0.08932583176451347,9.31791961811257,-0.0012537736306318555,-0.0010342439356544608,-0.0005031456984264889
1778454701771264173,0.2737430526579476,-0.10731643543589636,9.3336853547008,-0.0007765351632896562,0.00019294069465405211,0.002564815877344794
1778454701791653695,0.2784286587408735,-0.09891281122058648,9.32893225422169,-0.0009810659350077428,0.00026111761856007637,-0.0009803841657686882
1778454701812067179,0.2604746104350598,-0.11809265734785085,9.325127387831822,-0.0007083582393836284,-0.0036249670440835456,0.0012694543231302523
1778454701832500682,0.28304012016457836,-0.09288674516967532,9.318192490242696,-0.003776319815154909,-0.001852367022526804,0.0004513312362579105
1778454701853018240,0.2748443442573336,-0.12403896722065477,9.320575603807423,-0.0002992966959474569,0.0018973637923047626,0.0011331004753181951
1778454701873539150,0.2842845624192917,-0.12279326029724077,9.30992767231516,-0.0021400736414102263,-0.003965851663613688,-0.0014576226331108875
1778454701893919635,0.27471278784572206,-0.11922929168494223,9.313363365237565,-0.002208250565316254,0.0018291868683987314,-0.0006394995462385453
1778454701914327248,0.27493769216238795,-0.11568511911615334,9.33013749650005,-0.005480742912805623,-0.002670490109399147,-0.0010485610896747168
1778454701934771881,0.28077307567748666,-0.10128935098260633,9.324181779072648,-0.0028218428804705105,-0.0016478362508087208,0.0019512235621905374
1778454701955193069,0.2723949851719504,-0.1216419677560418,9.318131491867852,-0.002549135184846396,0.0010110637815263918,0.0005195081601639387
1778454701975696683,0.28336729830590224,-0.11089063389949155,9.3338469553227,-0.0032990813478127115,-7.976700097006573e-05,-0.00043496877452046034
1778454701996119630,0.27957672328534144,-0.09890036719288436,9.325353505928756,-0.003026373652188597,-0.00014794392487608998,-0.00043496877452046034
1778454702016528059,0.27725378194845485,-0.11925214293558861,9.322993238525116,-0.0036399659673428536,-0.0006251823922182945,-0.0005031456984264889
1778454702037002821,0.2805972166597961,-0.11680315318376164,9.306252678665183,-0.001867365945786112,-0.0006933593161243187,-0.002616630339513372
1778454702057396101,0.26993574473055615,-0.10489096059379927,9.320430816876947,-0.003503612119530798,0.0006701791619962497,-0.0015939764809229447
1778454702077861437,0.26908481828916087,-0.13007747729926802,9.334894116079349,-0.0007765351632896562,-0.0010342439356544608,0.003246585116405079
1778454702098329366,0.2783944354759146,-0.10847419313466433,9.32297206794368,-0.003094550576094625,0.0017610099444927071,0.0016103389426603948
1778454702118705610,0.29645912405980157,-0.10606001237375012,9.328037812366018,-0.0032990813478127115,-0.0022614285659629772,0.0006558620079759958
1778454702139448742,0.2795866046413522,-0.11325437489051388,9.320610068980095,-0.0013219505545378832,0.0008065330098083051,0.0012012773992242237
1778454702159645689,0.26998156223923087,-0.103703886486816,9.324023697550938,-0.0021400736414102263,-0.0010342439356544608,-0.000844030317956631
1778454702180142433,0.2724501245704475,-0.10012459601132628,9.33004303868325,-0.0008447120871956856,0.0022382484118349047,0.0007240389318820244
1778454702200580899,0.2770564473310375,-0.1120376296320198,9.312174880670332,0.00010976484748871293,-0.000488828544406239,-2.5907231084289217e-05
1778454702221267772,0.2710655614655979,-0.09530690480072274,9.319214961317716,0.000587003314830914,-0.003011374728929289,-0.0024802764917013147
1778454702241596589,0.2736322143947649,-0.11566687358996575,9.32292436416007,-0.0011174197828198,0.002920017650895189,0.002019400486096566
1778454702262057685,0.28435129606150467,-0.10965019635961987,9.319471913526538,-0.004049027510779023,-0.0011705977834665197,-0.0017985072526410305
1778454702282498651,0.2833456247210663,-0.11327842191518692,9.33145758536712,-2.658900032334252e-05,-0.001852367022526804,0.0005876850840699673
1778454702302985209,0.2674996927765936,-0.104888569045746,9.317995530678001,-0.003435435195624767,0.00032929454246610756,-0.0014576226331108875
1778454702323455304,0.2760192210497524,-0.10369963550565259,9.326514619503994,-0.0020718967175041986,-0.0017841900986207762,0.001337631247036281
1778454702343916418,0.28419483827475667,-0.09407160510025309,9.314618154820074,-0.0017310120979740565,-0.00035247469659417663,-0.0011167380135807454
1778454702364356532,0.27713895844367387,-0.10487767553536598,9.320542088385169,0.0005188263909248845,-0.0020568977942448906,4.2269692821739376e-05
1778454702384881479,0.27961074856519097,-0.11445508879922595,9.321813579698508,-0.0013901274784439144,0.001965540716210787,-0.00029861492670840315
1778454702405316204,0.27246247626546105,-0.11806710563336315,9.324113742497424,-0.0013219505545378832,-0.0015114824029966618,-0.001389445709204859
1778454702425788633,0.267693601618601,-0.12406248213038462,9.324061625843504,-0.0032990813478127115,-0.003147728576741348,0.0015421620187543662
1778454702446278988,0.27829957266826466,-0.09769163760928129,9.320534156414666,-0.0015264813262559698,-0.0004206516205002078,0.0016785158665664232
1778454702467185805,0.2844530104199743,-0.09651395232286336,9.331414350434121,-0.0009128890111017134,0.0028518407269891577,-0.0009122072418626596
1778454702487189049,0.2699116008067175,-0.10369024668508725,9.319227306158531,-0.0019355428696921397,-0.001102420859560492,-0.0009803841657686882
1778454702507672626,0.27592758603240297,-0.10607378371961917,9.319328858156007,-0.0016628351740680287,-0.00021612084878212118,-0.00029861492670840315
1778454702528140110,0.2630589517074645,-0.11333993256710664,9.339536001030531,-0.002344604413128313,-0.0011705977834665197,-0.0007758533940506024
1778454702548595372,0.2855044992690874,-0.09169865266031313,9.32302155926753,-0.004117204434685055,-1.1590077064034532e-05,-0.0014576226331108875
1778454702569096078,0.27978298382236244,-0.13601678989955984,9.325490304908435,-0.0017991890218800842,-0.003079551652835317,0.002019400486096566
1778454702589558285,0.2808479777880055,-0.10847999463314983,9.326606451990726,0.0001779417713947424,0.00019294069465405211,0.0016785158665664232
1778454702610011269,0.2829965750097969,-0.1227784247214854,9.303913637823284,-0.0032309044239066838,0.00019294069465405211,-0.0024802764917013147
1778454702630439939,0.278455273003715,-0.1037020270537059,9.32894990570294,-0.0024809582609403684,-0.0005570054683122633,0.0012694543231302523
1778454702650943479,0.28330817366580685,-0.10968310008991511,9.330245248908083,-0.0015946582501619976,0.0028518407269891577,-0.0012530918613928017
1778454702671487333,0.27462876183049023,-0.10725284215171149,9.312120138686343,4.1587923582685205e-05,0.0012155945532444784,0.002701169725156851
1778454702691914984,0.277105690615122,-0.09889115574396673,9.320520024033607,-0.002344604413128313,-0.0009660670117484366,-0.0013212687852988303
1778454702712327376,0.28336215964278744,-0.12882973357109623,9.326718561288775,-0.0001629428481353997,0.00012476377074802092,-0.0015939764809229447
1778454702732853045,0.28314506231334846,-0.09290720487226845,9.325387077331307,-0.005412565988899595,-0.0005570054683122633,-0.0010485610896747168
1778454702753516604,0.27362707573165024,-0.13360597326157037,9.315795970126146,-0.002003719793598171,0.000465648390278163,0.001337631247036281
1778454702773671273,0.2750650653472919,-0.12288599261799335,9.336159462962431,-0.0017310120979740565,-0.0006933593161243187,-0.0010485610896747168
1778454702794214683,0.2651619294056907,-0.10370933324200599,9.322750418697353,-0.0007083582393836284,-0.0013751285551846064,0.0014058081709423095
1778454702814665723,0.27587758529702056,-0.10965205579273002,9.314545705374538,-0.0005038274676655435,-0.0021932516420569495,-0.0015939764809229447
1778454702835123800,0.26993554674544673,-0.13000706411421872,9.310930704368687,-0.003094550576094625,0.0011474176293384472,0.0004513312362579105
1778454702855591321,0.27831192436327823,-0.11563414723131821,9.314604860228842,-0.0021400736414102263,-0.0016478362508087208,-0.0016621534048289733
1778454702876068620,0.2664923085484503,-0.11449649449184798,9.32760507117394,-0.0011855967067258277,0.0003974714663721318,0.0008603927796940812
1778454702896535845,0.2651085028948984,-0.11924700509618663,9.3132150032266,-0.0013901274784439144,-0.003215905500647376,-0.0006394995462385453
1778454702916939978,0.27478521961723823,-0.12283143341107833,9.316973897392806,-0.0027536659565644828,0.0007383560859022739,-0.00043496877452046034
1778454702937428388,0.2819593487285118,-0.11444043059511827,9.318253376656944,-0.0019355428696921397,-0.00035247469659417663,0.0022921081817206795
1778454702957917835,0.28547864245754373,-0.09647763864213593,9.319441917204475,-0.0005038274676655435,0.0011474176293384472,-0.0007076764701445738
1778454702978384431,0.2757568656778271,-0.10364848624916978,9.30852815178247,-0.003026373652188597,0.00032929454246610756,-0.0015939764809229447
1778454702998822174,0.267747785580691,-0.11809301209114634,9.33003505073245,-0.0007083582393836284,0.0021018945640228492,0.0021557543339086227
1778454703019268732,0.27925600072461854,-0.10720988594176734,9.300203341210809,-0.0032990813478127115,-7.976700097006573e-05,-0.0017303303287350019
1778454703039692217,0.2832315586675831,-0.10847215632990653,9.325444444645367,-0.0017310120979740565,-0.001852367022526804,0.0005876850840699673
1778454703060181016,0.289283282060823,-0.12043071508024517,9.324382201757238,-0.0024809582609403684,0.0012155945532444784,-0.00036679185061443175
1778454703080642019,0.2869612961603436,-0.12523458911747223,9.32796005628005,-0.0020718967175041986,-0.001102420859560492,-0.000844030317956631
1778454703101108484,0.2758534413731819,-0.10845134188401795,9.313342194656126,-0.002549135184846396,0.00026111761856007637,0.0005195081601639387
1778454703121558987,0.2708522513926478,-0.10722538517660618,9.300073524451214,-0.0053443890649935676,-0.001988720870338863,0.0024966389534387652
1778454703142030416,0.2738529354847232,-0.11451389898730432,9.33850822331508,-2.658900032334252e-05,0.0015564791727746205,4.2269692821739376e-05
1778454703162485789,0.283018248594633,-0.12039063670579006,9.306303007778862,-0.0007083582393836284,0.0015564791727746205,0.0018830466382845088
1778454703182959144,0.2795558071518033,-0.11085635702352192,9.319402145391368,-0.0024809582609403684,-0.003147728576741348,0.0005876850840699673
1778454703203446165,0.27262654305432654,-0.11929509914553274,9.33491003600065,-0.0015264813262559698,-0.0004206516205002078,-0.003911991893727913
1778454703223906279,0.27599830491621413,-0.11565562533629026,9.320563258966608,0.0003824725431128273,-7.976700097006573e-05,0.0012012773992242237
1778454703244300522,0.2747945415070606,-0.10250113577334613,9.32529256353421,-0.0008447120871956856,0.0015564791727746205,4.2269692821739376e-05
1778454703264758173,0.2699157840334251,-0.10129904871895973,9.320417578266008,-0.004798973673745339,-0.0015114824029966618,-0.0015939764809229447
1778454703285369676,0.2724375748903246,-0.1072981899097088,9.326472222360819,-0.0007765351632896562,-0.004238559359237802,0.0002468004645398247
1778454703305858901,0.27126365353431303,-0.11208961991923377,9.326471328590697,-0.0005720043915715713,0.0012837714771505027,-0.0017985072526410305
1778454703326296293,0.2734365926650526,-0.102472660395862,9.314482137649925,-0.0015264813262559698,-0.0024659593376810604,-0.00023043800280237456
1778454703346727073,0.26507599251764447,-0.12282868711972963,9.309630948293231,-0.0027536659565644828,0.00026111761856007637,-0.0005713226223325175
1778454703367173409,0.2760758753508451,-0.10131866739082163,9.331302185155774,-0.0011855967067258277,0.0008065330098083051,-0.0013212687852988303
1778454703387733171,0.27367878935473744,-0.1240480012979247,9.322955254252255,-0.0028900198043765417,0.0014883022488685893,0.00017862354063379613
1778454703408224396,0.2831815579322007,-0.11205042840301732,9.320661291863896,-0.0024809582609403684,-0.0004206516205002078,-0.00016226107889634597
1778454703428611232,0.2699623589933976,-0.10968017642691869,9.320448468358194,-0.0024809582609403684,-0.0004206516205002078,-0.0014576226331108875
1778454703449075439,0.27218187308410957,-0.10844434461150587,9.308490167509607,-0.003776319815154909,5.6586846841989724e-05,0.0003831543123518819
1778454703469519608,0.2692380482856085,-0.13249936481928526,9.344495724604789,-0.0043899121303091655,0.001079240705432423,-0.0013212687852988303
1778454703489933870,0.27604165208588616,-0.11088004930489953,9.325341998877766,-0.0037081428912488813,0.0016246560966806448,-0.0005713226223325175
1778454703510332595,0.2784794169275536,-0.10490274096241792,9.330153416421354,-0.0017310120979740565,-0.0008978900878424054,-0.0026848072634194004
1778454703530799413,0.2651136415580132,-0.10130790542458196,9.320343397260526,-0.0027536659565644828,-0.0013069516312785787,-9.408415499031781e-05
1778454703551292064,0.2786026068857499,-0.11449481243038559,9.334985110776255,-0.002276427489222285,-0.0014433054790906341,-0.0006394995462385453
1778454703571774789,0.2700247114237936,-0.12404441397584476,9.319302324953838,-0.0009128890111017134,0.00012476377074802092,-0.002207568796077201
1778454703592226421,0.2820194288050144,-0.1001000626992175,9.327793204998011,-0.002003719793598171,-0.0010342439356544608,-0.001184914937486774
1778454703612757535,0.2711094681014583,-0.12521563410469375,9.31093159813881,-0.0033672582717187392,-0.001988720870338863,-0.0010485610896747168
1778454703633118945,0.2714393145668943,-0.12169192123849801,9.334900316489904,0.00045064946701885676,0.0011474176293384472,0.0007240389318820244
1778454703653577504,0.2761199799718148,-0.10611129317437323,9.332518934485126,-0.00023111977204142917,0.000465648390278163,-0.0007758533940506024
1778454703674050969,0.27262311727891675,-0.1312544989266025,9.330157773311367,-0.003026373652188597,-0.0024659593376810604,0.0004513312362579105
1778454703694440361,0.2759059124475669,-0.10846157173531451,9.31693948820043,-0.003094550576094625,0.0011474176293384472,-0.0010485610896747168
1778454703714896364,0.282138435536503,-0.11208333213331256,9.331434627245438,-0.002208250565316254,0.0012155945532444784,0.0022921081817206795
1778454703735324200,0.2722276905927843,-0.10725727050452255,9.3120830481836,-0.004321735206403138,-0.0008297131639363811,0.001064923551412167
1778454703755813684,0.2761131284209951,-0.13003009273651284,9.323014409106555,-0.001867365945786112,-0.000488828544406239,-0.0007758533940506024
1778454703776298909,0.2746970103752987,-0.11324618184397517,9.314540398734104,-0.0029581967282825694,0.002647309955271078,-9.408415499031781e-05
1778454703796715671,0.2674356274584927,-0.09650403138735486,9.316765542737715,-0.0032309044239066838,-0.002329605489869005,0.0003831543123518819
1778454703817152137,0.28456687848834805,-0.12643632142856318,9.32792737864762,-0.003980850586872996,-0.0004206516205002078,-0.00036679185061443175
1778454703837576473,0.2736464769625928,-0.10251357980104825,9.328871311827145,-0.0015946582501619976,-0.0004206516205002078,-0.0009122072418626596
1778454703858060902,0.2628057202402523,-0.11807458919331104,9.320368086942155,-0.0020718967175041986,-0.0010342439356544608,0.0020875774100025946
1778454703878509442,0.2601715762175746,-0.10128948252674663,9.31067643347023,-0.0024127813370343407,0.0009428868576203606,0.0022921081817206795
1778454703898917852,0.2699015214655973,-0.11445234250787722,9.314470630598935,0.0016096571734213402,-0.0006251823922182945,-0.0006394995462385453
1778454703919386984,0.2724215994347917,-0.12643118358916117,9.318149143349101,-0.0010492428589137705,-0.0010342439356544608,0.0016103389426603948
1778454703939872431,0.2774360965467465,-0.13005174821313262,9.331426639294637,-0.0009128890111017134,0.0017610099444927071,0.0003831543123518819
1778454703960275712,0.2914938702319314,-0.08929297386172563,9.323105459783758,-0.003026373652188597,-0.0010342439356544608,0.00017862354063379613
1778454703980739381,0.2783752322300813,-0.11445048307476713,9.319396838750935,-0.0013901274784439144,-0.0027386670333051748,0.00011044661672776797
1778454704001236884,0.27973146818438455,-0.12045865834278616,9.327831133290578,-0.0028218428804705105,0.00032929454246610756,0.0003831543123518819
1778454704021655424,0.27720720698848234,-0.1108710152276296,9.322962348432931,-0.0010492428589137705,-0.0036931439679895733,0.0012012773992242237
1778454704042077779,0.28219584728889346,-0.11927056583342396,9.332660202315413,-0.00023111977204142917,0.002306425335740936,0.0006558620079759958
1778454704062543041,0.27230753338130853,-0.12162491800388084,9.312136002627346,-0.004185381358591082,-0.0016478362508087208,0.0012012773992242237
1778454704083034228,0.2629173159547328,-0.11929235285418402,9.327567086901077,-0.0012537736306318555,0.00012476377074802092,0.0009967466275061384
1778454704103513768,0.2845377938865039,-0.1180586036710364,9.329095586403538,-0.00425355828249711,-0.0016478362508087208,0.0004513312362579105
1778454704123925419,0.28431384500624524,-0.10605487453434814,9.3182595770675,-0.0013901274784439144,-0.0010342439356544608,-0.0013212687852988303
1778454704144348977,0.27218776919852217,-0.10007344675484348,9.312056570961728,-0.0015264813262559698,-0.0015114824029966618,-0.002616630339513372
1778454704164804425,0.276010854596337,-0.10848203143790763,9.32413407528904,-0.005071681369369453,0.001692833020586676,-0.0005031456984264889
1778454704185249076,0.27005056823533713,-0.11926542799402196,9.322881967016894,-0.001867365945786112,-0.001579659326902693,-0.000844030317956631
1778454704205694152,0.2881110735925164,-0.11924244519923521,9.32675743933176,-0.0019355428696921397,0.0012837714771505027,-0.001525799557016916
1778454704226221970,0.27604563732748444,-0.13360495485919144,9.317032158476987,-0.0017310120979740565,-0.0008978900878424054,-0.0017303303287350019
1778454704246675528,0.2793276750448368,-0.10124382585296121,9.307375863947854,0.0007233571626429694,0.00026111761856007637,-0.0005713226223325175
1778454704267136235,0.277220514119903,-0.11326562314418936,9.322971174173555,-0.0031627275000006526,0.0018291868683987314,0.0018148697143784802
1778454704287555923,0.2843279095889637,-0.11801768426585013,9.314706412226318,-0.0028218428804705105,0.0014883022488685893,0.0002468004645398247
1778454704308001740,0.2661151296717439,-0.1000708778351424,9.307167453312466,-0.0010492428589137705,-0.001852367022526804,-0.0007076764701445738
1778454704328447280,0.28540202745932,-0.09526669488212736,9.314641112941757,-0.0021400736414102263,-0.0022614285659629772,-0.00036679185061443175
1778454704348869246,0.26299982706736913,-0.11213239875753017,9.335934294615916,-0.0026173121087524273,-0.0008978900878424054,-0.0019348611004530868
1778454704369338286,0.2782128783289207,-0.10724278967206263,9.31097667659235,-0.0004356505437595141,-0.0005570054683122633,-0.0005713226223325175
1778454704389794140,0.2782362648014617,-0.09887530176583242,9.315742177892574,-0.0045262659781212244,-0.0019205439464328351,0.0004513312362579105
1778454704410261662,0.28166125518903207,-0.1048142596228287,9.301430703821026,-0.003094550576094625,0.00026111761856007637,-0.002207568796077201
1778454704430744720,0.2796415460547401,-0.11685310666621784,9.323021503287235,-0.0024127813370343407,-0.00028429777268815237,-0.0013212687852988303
1778454704451213130,0.2771606320285098,-0.10248988751967064,9.322931458340745,0.0005188263909248845,-0.001579659326902693,-0.0017303303287350019
1778454704471701596,0.2819593487285118,-0.11444043059511827,9.318253376656944,0.00010976484748871293,-0.0008297131639363811,0.0012012773992242237
1778454704492127673,0.2723157018496145,-0.14195862559204517,9.305016434334044,-0.0048671505976513665,-0.00014794392487608998,-0.0011167380135807454
1778454704512547083,0.266314934628164,-0.11087389306311862,9.31679995193009,-0.003094550576094625,-0.0016478362508087208,0.0005195081601639387
1778454704532963067,0.28435376640050736,-0.11323869828402733,9.318286054289374,-0.005208035217181509,-0.00035247469659417663,-0.0024802764917013147
1778454704553481403,0.28205687986027383,-0.10369538452448923,9.32900554145705,-0.001867365945786112,-0.00021612084878212118,0.0039965312793713926
1778454704573945480,0.26866943090589746,-0.10248833700234855,9.316806152340646,4.1587923582685205e-05,0.00012476377074802092,0.000792215855788053
1778454704594358964,0.2700064636143674,-0.11447280221047035,9.321665217687544,-9.476592422937198e-05,-7.976700097006573e-05,0.0005876850840699673
1778454704614847393,0.26862532628492775,-0.097695711218797,9.315589403011296,-0.0020718967175041986,0.0016246560966806448,-0.0014576226331108875
1778454704635208618,0.28187950593998756,-0.10007278309576001,9.318200422213199,-0.0021400736414102263,0.0016246560966806448,-2.5907231084289217e-05
1778454704655724102,0.274705376828714,-0.10846378591172007,9.31692094294906,-0.0016628351740680287,-0.0020568977942448906,0.0005876850840699673
1778454704676146438,0.2769539755212701,-0.11560567185383405,9.303794434344557,-0.0027536659565644828,-7.976700097006573e-05,-0.0020030380243591154
1778454704696560867,0.2780571779934705,-0.10123240022763802,9.302560927304079,-0.002344604413128313,-0.0015114824029966618,-0.0005031456984264889
1778454704717045277,0.26756869877269984,-0.12045011055295196,9.316853800143958,-0.0013901274784439144,-0.00014794392487608998,-0.0017985072526410305
1778454704737534928,0.27968318033670714,-0.11805723052536204,9.325424111853751,-0.001867365945786112,-0.0012387747073725475,-2.5907231084289217e-05
1778454704757974727,0.2831325126332255,-0.10008079877065101,9.321816261008875,-0.0029581967282825694,-0.0006251823922182945,0.0002468004645398247
1778454704778307785,0.2760074288209272,-0.12044143121897749,9.319381812599755,-0.00023111977204142917,-0.004102205511425747,-0.0011167380135807454
1778454704798773695,0.2891317649520804,-0.11202912766969303,9.317156724576444,-0.002208250565316254,0.0008747099337143363,-0.0010485610896747168
1778454704819199680,0.273714527522292,-0.1336230230137313,9.321791459366652,-0.0019355428696921397,-0.001579659326902693,-0.00023043800280237456
1778454704839663016,0.2651735236494064,-0.11208364104910062,9.320383113093337,-0.002685489032658455,-0.0036249670440835456,-0.0017985072526410305
1778454704860115870,0.2723700837968138,-0.11087305203238745,9.320489971731247,-0.0015264813262559698,5.6586846841989724e-05,-0.00023043800280237456
1778454704880611947,0.26173351324271044,-0.1097297751660794,9.332309630079616,-0.003026373652188597,-0.002670490109399147,0.0005876850840699673
1778454704901181654,0.2737379139948328,-0.1252555351075011,9.326556960666874,-0.003980850586872996,-0.0024659593376810604,-0.00043496877452046034
1778454704921513434,0.26498037225869675,-0.10247792977940429,9.310755027346024,-0.0005720043915715713,0.0013519484010565339,0.0011331004753181951
1778454704941913474,0.28430129532612225,-0.11322846843273077,9.314688760745069,-0.0002992966959474569,0.0003974714663721318,-0.0019348611004530868
1778454704962412403,0.2724432730196278,-0.12404339557346589,9.320538513304681,0.00010976484748871293,-0.00014794392487608998,-0.001184914937486774
1778454704982875257,0.2686403463040533,-0.09411061924482178,9.317974360096562,-0.0032309044239066838,-0.0020568977942448906,0.0019512235621905374
1778454705003281556,0.2891859489141704,-0.10605965763045466,9.323130149465388,-0.003776319815154909,0.00032929454246610756,-0.00029861492670840315
1778454705023736263,0.27120775668451813,-0.12403878984900701,9.318121772357108,-0.005208035217181509,0.00012476377074802092,-0.0010485610896747168
1778454705044194766,0.27719465730835946,-0.11804460912601222,9.3193915321105,-0.003503612119530798,0.0006701791619962497,-0.0022757457199832297
1778454705064655861,0.28203596372673556,-0.11565137435512685,9.323054180919662,-0.0027536659565644828,0.0043517330529217885,-0.0012530918613928017
1778454705085068549,0.2615876942632711,-0.11807339341928436,9.319150443842682,-0.003503612119530798,-0.0021932516420569495,-2.5907231084289217e-05
1778454705105527181,0.2661126593327412,-0.09648237591073511,9.308353312549633,-0.0016628351740680287,0.002033717640116818,-0.00036679185061443175
1778454705125999665,0.2758426045807638,-0.10964523589186564,9.312147509678336,-0.0015264813262559698,-0.00014794392487608998,-0.0009122072418626596
1778454705146415650,0.28199261655706365,-0.12042695038651752,9.318275441008506,-0.0024809582609403684,-0.0014433054790906341,-0.0013212687852988303
1778454705166917726,0.2844269556233212,-0.12640904182510565,9.318334595862808,-0.0021400736414102263,-0.0009660670117484366,-0.0017303303287350019
1778454705187328007,0.271178672082674,-0.11566107209148024,9.319289980113023,-0.0013219505545378832,0.0018973637923047626,-0.00029861492670840315
1778454705207785102,0.27235924700439584,-0.1120669460402351,9.319295286753457,-0.003435435195624767,-0.0013751285551846064,-0.0017303303287350019
1778454705228234086,0.27226191385774323,-0.0976958885904447,9.318043234461609,-0.003435435195624767,-0.0006933593161243187,-0.001389445709204859
1778454705248632441,0.28446536211498785,-0.11445646194490028,9.325485054248297,-0.003435435195624767,-0.0016478362508087208,4.2269692821739376e-05
1778454705269125833,0.2808120416353417,-0.12402107643776261,9.318270134368072,-0.002208250565316254,-0.001579659326902693,-0.0011167380135807454
1778454705289564835,0.2806398063781702,-0.10245937533742866,9.314593409158148,-0.001867365945786112,-0.003011374728929289,4.2269692821739376e-05
1778454705310017264,0.27489605788042093,-0.11448099525700908,9.327734887933534,-0.0013219505545378832,-0.00014794392487608998,0.0005876850840699673
1778454705330418285,0.28062136058363474,-0.11800386709247365,9.307456189383595,-0.002685489032658455,0.00026111761856007637,-2.5907231084289217e-05
1778454705350922066,0.27224840874121314,-0.1204173841943044,9.308534296212729,-0.0024127813370343407,0.001079240705432423,-0.0009803841657686882
1778454705371485606,0.28098865810433016,-0.11807547605154964,9.33263724419373,-0.0036399659673428536,-0.0014433054790906341,-0.00043496877452046034
1778454705391952257,0.2783419644015296,-0.10846396328336777,9.319374774399375,-0.0011855967067258277,0.001079240705432423,-0.002889338035137486
1778454705412277519,0.27705150665303213,-0.10486062578320504,9.314546599144661,-0.0013901274784439144,-0.00028429777268815237,-0.002616630339513372
1778454705432686707,0.27605495921730683,-0.1132746572214593,9.32535082461839,-0.0013219505545378832,-0.0016478362508087208,-0.0023439226438892583
1778454705453241746,0.2761315742155306,-0.1144856009814679,9.330151628881108,-0.00036747361985348635,0.003260902270425331,-0.0013212687852988303
1778454705473660416,0.2689599154432597,-0.12646510572183536,9.327686290379804,0.0006551802387369417,0.0015564791727746205,-2.5907231084289217e-05
1778454705494042289,0.2746994807143014,-0.11683468376838252,9.313354539496942,-0.0017991890218800842,0.004556263824639875,-0.0011167380135807454
1778454705514538347,0.2735099798729759,-0.09052690041652095,9.324030791731616,-0.0020718967175041986,-7.976700097006573e-05,-9.408415499031781e-05
1778454705534997942,0.28326235615713213,-0.11087017419689843,9.326652368234091,-0.0010492428589137705,-0.002670490109399147,0.0009285697036001098
1778454705555490001,0.2893406938132135,-0.12761794878035643,9.325607776827214,-0.0021400736414102263,-0.0021932516420569495,-0.00016226107889634597
1778454705575914670,0.2734873508517327,-0.10846259013769344,9.31570329984959,-0.00036747361985348635,0.0022382484118349047,0.002564815877344794
1778454705596253080,0.28793959578664285,-0.10724894591384354,9.319518723540027,-0.0015264813262559698,0.0018973637923047626,0.0006558620079759958
1778454705616683305,0.2663731038318523,-0.12762932857817222,9.314463536418257,-0.0016628351740680287,0.0016246560966806448,0.0007240389318820244
1778454705637129938,0.27097810967495617,-0.0952898550485618,9.31321947207721,-0.003571789043436826,-0.0007615362400303499,0.0007240389318820244
1778454705657627163,0.2806006424352059,-0.10484375340269181,9.311004941354467,-0.003571789043436826,0.0012155945532444784,-0.0010485610896747168
1778454705678073091,0.2711663203876604,-0.09771856246944338,9.32521927629885,-0.004049027510779023,0.0022382484118349047,-0.001525799557016916
1778454705698523594,0.27468123290487534,-0.10726307200300805,9.315717432230647,-0.004730796749839311,-0.002670490109399147,-0.0012530918613928017
1778454705718919412,0.27346643471819454,-0.12041857996833102,9.309751939312202,-0.002344604413128313,0.0013519484010565339,-0.0017303303287350019
1778454705739347544,0.2818435697873237,-0.11561386490037276,9.309864104590545,-0.0019355428696921397,-0.0004206516205002078,0.0008603927796940812
1778454705759891139,0.2807455059782381,-0.11204803685496406,9.31822600566495,-0.002208250565316254,0.0006020022380902185,-0.000844030317956631
1778454705780275698,0.27098229290166376,-0.09289865708243428,9.314409744184685,-0.0011174197828198,0.0018973637923047626,0.0003149773884458533
1778454705800701811,0.27241494586908144,-0.12523387963088134,9.31814473047879,-0.0021400736414102263,-7.976700097006573e-05,0.001337631247036281
1778454705821267481,0.2772155734418976,-0.10608861929537455,9.325342892647887,0.00010976484748871293,-0.0004206516205002078,-0.0014576226331108875
1778454705841699984,0.27113703780070686,-0.11445694823233604,9.316887371546509,-0.0026173121087524273,-0.00021612084878212118,-0.0016621534048289733
1778454705862206560,0.2698633129590401,-0.10128881886766317,9.316820284721704,-0.0013901274784439144,0.0014883022488685893,-0.0007076764701445738
1778454705882606137,0.29493882131663274,-0.09882384359356156,9.30880722432315,-0.0037081428912488813,-0.0027386670333051748,-0.0018666841765470582
1778454705903026603,0.2758677039410098,-0.09529804809510051,9.319289142323198,-0.00425355828249711,-0.0006933593161243187,-0.002957514959043515
1778454705923494680,0.2797198739406688,-0.11208435053569149,9.330198438894596,-0.0045262659781212244,-0.0009660670117484366,-0.002071214948265144
1778454705943884627,0.2698990511265946,-0.11086384058346982,9.315656489836101,-0.002208250565316254,0.0006701791619962497,-0.0021393918721711726
1778454705964391963,0.2865441958893752,-0.10362514871108758,9.307495961196702,-0.002344604413128313,-0.0013069516312785787,0.000792215855788053
1778454705984838762,0.2794799496048772,-0.1192136150784556,9.311039350546842,-0.0021400736414102263,-0.0010342439356544608,0.001064923551412167
1778454706005301543,0.2785949978836324,-0.12884541017758286,9.329042575979496,-0.0011174197828198,-0.0008978900878424054,-0.00036679185061443175
1778454706025766842,0.285708487452215,-0.10011046992216177,9.333844329992631,-0.002344604413128313,-7.976700097006573e-05,0.0003149773884458533
1778454706046150530,0.2794917418337024,-0.10247181936513078,9.318172157451082,-0.0007083582393836284,-0.001579659326902693,-0.00029861492670840315
1778454706066720366,0.2881143013828169,-0.13239914893858484,9.322009589512787,-0.0029581967282825694,-0.0027386670333051748,0.0024966389534387652
1778454706087155831,0.2723700837968138,-0.11087305203238745,9.320489971731247,-0.0013219505545378832,-0.0006251823922182945,0.0007240389318820244
1778454706107591204,0.29177921610617885,-0.1312088422528171,9.326857203788991,-0.0013219505545378832,-0.0004206516205002078,-0.0015939764809229447
1778454706128027096,0.27846172858431595,-0.13001543453240516,9.319454206064993,-0.0028218428804705105,-0.0013751285551846064,-0.00036679185061443175
1778454706148442747,0.28303840727687346,-0.0988664450602102,9.315816358898056,-0.0017310120979740565,-0.0013069516312785787,0.0017466927904724518
1778454706168956287,0.2725607648485209,-0.11689026137767647,9.331303916715722,-0.0043899121303091655,-0.0007615362400303499,-0.00023043800280237456
1778454706189373549,0.2830258575967505,-0.10604003895859276,9.312245542575624,-0.0009128890111017134,-0.003147728576741348,0.0007240389318820244
1778454706209815829,0.27366966545002436,-0.11926219541523747,9.324136700619109,-0.0010492428589137705,0.0006020022380902185,0.0005876850840699673
1778454706230223295,0.25546525198621994,-0.09653299305227475,9.318978285920211,0.0007233571626429694,0.0012837714771505027,-0.0009122072418626596
1778454706250622390,0.2808595720317213,-0.11685430244024447,9.324239146386708,-0.0010492428589137705,-0.0027386670333051748,0.0022921081817206795
1778454706271206856,0.2783261869311061,-0.10248085344240071,9.320551807895916,-0.0009128890111017134,-0.0017841900986207762,0.0006558620079759958
1778454706291597377,0.28689229016423734,-0.10967304761026625,9.329101786814093,-0.002685489032658455,-0.003147728576741348,0.0003149773884458533
1778454706312026343,0.2807588131096589,-0.11444264477152383,9.318234831405574,-0.0021400736414102263,0.003601786889955473,-0.00036679185061443175
1778454706332454883,0.272803159523315,-0.11334949875931977,9.349277145826308,-0.0011174197828198,0.002033717640116818,0.0005195081601639387
1778454706352911089,0.26403115723424175,-0.12884129074055978,9.318028152330134,-0.0009810659350077428,-0.0009660670117484366,-0.0009803841657686882
1778454706373264721,0.27477780860023004,-0.11206592763785617,9.320531475104302,-0.0021400736414102263,0.0011474176293384472,-0.0009122072418626596
1778454706393634113,0.26771527520343696,-0.12167469411468929,9.326450995799082,0.0003824725431128273,-0.0006251823922182945,-0.002889338035137486
1778454706414278153,0.2808112841840439,-0.11445287462282039,9.321832124949879,-0.003094550576094625,-0.003556790120177518,-0.0043210534371640845
1778454706434536433,0.2783143947022809,-0.11922264915572556,9.313419000991678,-0.003980850586872996,-0.0012387747073725475,0.0006558620079759958
1778454706454880566,0.2796455312963383,-0.1395780122205097,9.314711662886456,-0.0024127813370343407,-0.0006933593161243187,0.000792215855788053
1778454706475401291,0.2686985155077416,-0.11086605475987532,9.315637944584731,-0.0013219505545378832,-0.0006933593161243187,-0.0006394995462385453
1778454706495790719,0.2794301468546043,-0.09767578363114698,9.315756310273631,-0.0011855967067258277,0.0006020022380902185,-0.00029861492670840315
1778454706516239370,0.27245924847516056,-0.10491040189401346,9.328861592316398,-0.0019355428696921397,0.00032929454246610756,-0.00036679185061443175
1778454706536718725,0.26762288273478985,-0.11448064051371365,9.322827225032903,-0.0017991890218800842,0.00032929454246610756,4.2269692821739376e-05
1778454706557127468,0.2661634175194214,-0.10247230565256654,9.309574474749294,-0.002003719793598171,-0.0004206516205002078,-0.00029861492670840315
1778454706577571082,0.28066889098001435,-0.11083709309495543,9.313425201402232,-0.002003719793598171,-0.00035247469659417663,0.0005876850840699673
1778454706597973325,0.28077287769237735,-0.12640545450302576,9.314681666564391,-0.0005038274676655435,-0.0004206516205002078,-0.0038438149698218848
1778454706618432958,0.27831192436327823,-0.11563414723131821,9.314604860228842,-0.002685489032658455,0.0008065330098083051,4.2269692821739376e-05
1778454706638893683,0.27719712764736215,-0.12163311105041957,9.318205672873335,-0.004185381358591082,-0.0017841900986207762,0.0003831543123518819
1778454706659417556,0.27356986196436905,-0.10130263604103962,9.324070507564425,-0.0020718967175041986,5.6586846841989724e-05,-0.0007076764701445738
1778454706679848522,0.2771256513122531,-0.10248306761880627,9.320533262644544,-0.0010492428589137705,0.000465648390278163,-0.0017985072526410305
1778454706700258987,0.280419085288212,-0.10361234994009005,9.299009550003138,-0.003571789043436826,0.0011474176293384472,-0.0016621534048289733
1778454706720800860,0.2976589022273567,-0.09648959638240229,9.331618348199198,0.0006551802387369417,-0.0005570054683122633,0.0005876850840699673
1778454706741171400,0.2748228686576071,-0.10131065171593062,9.3276863463601,-0.0017991890218800842,-0.0009660670117484366,0.003246585116405079
1778454706761571440,0.27725378194845485,-0.11925214293558861,9.322993238525116,-0.0024809582609403684,-0.0013069516312785787,-0.00016226107889634597
1778454706782034906,0.26629915715774055,-0.10489078322215156,9.31797698542663,-0.00036747361985348635,0.0005338253141841942,-0.001184914937486774
1778454706802482853,0.2807038716962711,-0.1108439129958198,9.315823397098436,-0.004321735206403138,-0.0021250747181509183,0.0006558620079759958
1778454706822950467,0.2772712723065831,-0.1192555528860208,9.324192336373219,-0.0015946582501619976,0.0006701791619962497,0.0014058081709423095
1778454706843339099,0.28172532050713284,-0.11319879728121993,9.30266069176131,-0.003435435195624767,-0.0011705977834665197,-0.0016621534048289733
1778454706863803046,0.2794333746449047,-0.11083248737049661,9.311008460454657,0.0002461186953007701,-1.1590077064034532e-05,0.002019400486096566
1778454706884226586,0.28179300958575293,-0.08450783163812192,9.318143054899139,-0.002549135184846396,0.0005338253141841942,-2.5907231084289217e-05
1778454706904622644,0.2856392834709993,-0.10966503193537525,9.325485948018418,-0.0028218428804705105,0.0008747099337143363,0.0014058081709423095
1778454706925097739,0.2746854161315829,-0.10487187403688053,9.316907704338124,-0.001458304402349942,-0.0006251823922182945,-9.408415499031781e-05
1778454706945580001,0.2832182515361623,-0.10607754841334682,9.325435618904741,-0.003980850586872996,0.0006701791619962497,0.0003831543123518819
1778454706966139078,0.2784200943023488,-0.12881131067326096,9.31705159749848,-0.003980850586872996,0.0008747099337143363,0.0004513312362579105
1778454706986491544,0.28088789918226764,-0.11566381838282896,9.326632929212598,-0.003571789043436826,-0.0009660670117484366,-0.0005031456984264889
1778454707006910565,0.27126365353431303,-0.11208961991923377,9.326471328590697,-9.476592422937198e-05,-0.00035247469659417663,0.001337631247036281
1778454707027384420,0.2793826164582246,-0.10484255762866518,9.309787298254996,-0.0013219505545378832,-0.00035247469659417663,-0.0005031456984264889
1778454707047788756,0.271220306364641,-0.1168651959506245,9.32169258867954,-0.0020718967175041986,-0.0014433054790906341,-0.0009803841657686882
1778454707068273870,0.27587340207031297,-0.11204325375885749,9.313355433267063,-0.002685489032658455,0.0009428868576203606,-0.003093868806855572
1778454707088669946,0.2784484214528953,-0.12762082661584545,9.31944538032437,-0.0016628351740680287,-0.0005570054683122633,-0.00029861492670840315
1778454707109193079,0.2699231950504333,-0.11206455449218183,9.316860000554515,-0.001458304402349942,-0.004034028587519719,-2.5907231084289217e-05
1778454707129662137,0.2675329606051453,-0.11087508883714525,9.318017595029561,-0.00466261982593328,0.0012155945532444784,0.002769346649062879
1778454707150027547,0.28925591034668385,-0.10607329743218341,9.327926540857796,-0.004117204434685055,-0.0013069516312785787,0.0003149773884458533
1778454707170629809,0.2736048426806258,-0.10130945594190399,9.326468703260629,0.0002461186953007701,-0.0036249670440835456,-0.001525799557016916
1778454707190909460,0.27592511569340017,-0.10248528179521182,9.320514717393173,-0.0009128890111017134,0.0005338253141841942,0.0002468004645398247
1778454707211371555,0.27593176925911056,-0.10368258575349165,9.320519130263486,-0.0013901274784439144,-0.00348861319627149,-9.408415499031781e-05
1778454707231774465,0.26860193981238667,-0.10606319912502721,9.310823901711073,-0.002003719793598171,0.0018291868683987314,0.0003831543123518819
1778454707252190783,0.29409379098965016,-0.11563946244236789,9.326836926977675,-0.0010492428589137705,-0.0015114824029966618,-0.0005031456984264889
1778454707272655712,0.2759576260706542,-0.09890359977166885,9.324098772326542,-0.0032309044239066838,-0.002670490109399147,-0.001184914937486774
1778454707293220548,0.2809103302184014,-0.12284423218207591,9.32546030858637,0.0001779417713947424,-0.0026023131854931193,-0.00029861492670840315
1778454707313523847,0.27582435677133776,-0.10007362412649118,9.314510402412042,-0.0028900198043765417,-0.0016478362508087208,-9.408415499031781e-05
1778454707333962497,0.2785326454532365,-0.11448117262865684,9.33018871938385,-0.00023111977204142917,-0.00021612084878212118,0.0005876850840699673
1778454707354421500,0.28572597781034337,-0.10011387987259396,9.335043427840732,-0.0024127813370343407,0.0003974714663721318,-0.0005713226223325175
1778454707374851725,0.2974463496057044,-0.1179762785732281,9.308914920750887,-0.0012537736306318555,0.001692833020586676,-0.0007758533940506024
1778454707395252006,0.2783951929272124,-0.11804239494960667,9.319410077361871,-0.0028218428804705105,-0.0006933593161243187,0.0011331004753181951
1778454707415719008,0.27824538870617477,-0.10366110764851966,9.31456073152572,-0.0036399659673428536,-0.001579659326902693,-0.00036679185061443175
1778454707436163326,0.27818873440508196,-0.10604207576335056,9.309773165873937,-0.00023111977204142917,-0.0014433054790906341,0.0011331004753181951
1778454707456616273,0.28178197480822553,-0.11081782916638894,9.307448257413093,-0.002208250565316254,-0.0013069516312785787,0.00011044661672776797
1778454707477024979,0.2817962373760534,-0.09766453537747155,9.313395205080168,-0.004049027510779023,-7.976700097006573e-05,-0.0005713226223325175
1778454707497431538,0.2772722277429903,-0.10370765118054359,9.330130458299669,-0.0015946582501619976,0.0010110637815263918,0.0009967466275061384
1778454707517885300,0.27720378121307243,-0.12283041500869946,9.318210085743647,-0.003435435195624767,-0.0021932516420569495,-0.00016226107889634597
1778454707538316099,0.27366719511102167,-0.11567369349083012,9.325322559856275,-0.0008447120871956856,-0.0004206516205002078,0.0005876850840699673
1778454707558774768,0.27107791316061147,-0.1132494144227596,9.313285665131891,-0.0017310120979740565,-0.00014794392487608998,0.0015421620187543662
1778454707579298734,0.28457030426375796,-0.11447692164749343,9.332679641336906,-0.0005038274676655435,-0.0023977824137750327,-0.0012530918613928017
1778454707599717570,0.2759209324666926,-0.10487647976133935,9.319324445285696,-0.0007765351632896562,0.0021018945640228492,-0.00023043800280237456
1778454707620198480,0.283126616518813,-0.10845169662731341,9.318249857556756,-0.0011855967067258277,0.0014883022488685893,0.0003149773884458533
1778454707640583409,0.276179862063208,-0.11688702879889198,9.332558650317937,-0.0024809582609403684,0.00019294069465405211,0.0014739850948483377
1778454707661153485,0.27231438493212834,-0.09770611844174126,9.321640528005913,-0.002276427489222285,-0.0032840824245534035,-0.001525799557016916
1778454707681449914,0.274757847903099,-0.10847401576301663,9.320518236493365,-0.0015946582501619976,-0.003011374728929289,0.0011331004753181951
1778454707701887083,0.27703991240931625,-0.09648631797611046,9.316913904748679,-0.0012537736306318555,0.00032929454246610756,0.0009967466275061384
1778454707722315531,0.2735272722459948,-0.11564641388737262,9.315729777071462,-0.002003719793598171,0.0010110637815263918,0.0014058081709423095
1778454707742775996,0.27719294442065445,-0.1240243090165471,9.31701540076586,-0.0005038274676655435,0.0008747099337143363,-0.00036679185061443175
1778454707763291573,0.27615743102707424,-0.10970661499964501,9.333731270944163,-0.002344604413128313,-0.00021612084878212118,0.0006558620079759958
1778454707783703705,0.2807955067136205,-0.10846976478185327,9.32300915844642,-0.0011855967067258277,-0.001988720870338863,0.0002468004645398247
1778454707804060430,0.28298593620248835,-0.09885621520891363,9.312219065353752,-0.003094550576094625,0.001079240705432423,0.00011044661672776797
1778454707824559600,0.2797521863328134,-0.13361877203256795,9.324282381319708,-0.0045262659781212244,0.001079240705432423,0.0024966389534387652
1778454707844954288,0.2783961483636195,-0.10249449324412946,9.325348199288323,-0.0005720043915715713,0.0007383560859022739,-0.0014576226331108875
1778454707865431568,0.27947006824886644,-0.10485960738082611,9.315782787495506,-0.0037081428912488813,-0.0009660670117484366,0.002360285105626708
1778454707885865904,0.28572996305194165,-0.12283878542688587,9.326733587439954,-0.001867365945786112,-0.0029431978050232614,-0.0019348611004530868
1778454707906349611,0.2723942277206526,-0.11207376594109947,9.32169348244966,-0.001458304402349942,-0.0021250747181509183,0.0024966389534387652
1778454707926816169,0.28072725816881194,-0.1024764250895896,9.320588898398656,-0.002685489032658455,0.00032929454246610756,0.0006558620079759958
1778454707947253431,0.2879985224416288,-0.13357258324383936,9.31362031744639,-0.001458304402349942,-0.0009660670117484366,0.00017862354063379613
1778454707967700452,0.2772246973466107,-0.11087442517806179,9.324161446281034,-0.0031627275000006526,-0.00035247469659417663,0.0009285697036001098
1778454707988231381,0.2736004614688088,-0.12881675742845095,9.315778318644897,-0.0031627275000006526,-0.0026023131854931193,0.0005876850840699673
1778454708012747977,0.28194110091908564,-0.10486881882974375,9.320616269390651,-0.003571789043436826,0.001079240705432423,-0.000844030317956631
1778454708029273905,0.278334355399412,-0.12281456103056515,9.313432239602614,-0.0009810659350077428,0.0008747099337143363,-0.0026848072634194004
1778454708049715296,0.27367727445214185,-0.10491159766804015,9.330079235415871,-0.002208250565316254,0.0017610099444927071,-0.0013212687852988303
1778454708070192836,0.2640028300836954,-0.13003177479797523,9.315634369504243,-0.0017310120979740565,0.001692833020586676,0.0026329928012508224
1778454708090637246,0.2807871402602051,-0.11325216071410832,9.320628614231465,-0.0012537736306318555,-0.003147728576741348,0.0012012773992242237
1778454708111101619,0.28547179090672403,-0.12039643820427551,9.309937391825907,-0.0016628351740680287,0.0018973637923047626,0.0026329928012508224
1778454708131510826,0.28794130867434775,-0.10126924602330861,9.321894854884668,-0.0036399659673428536,0.0022382484118349047,-0.0031620457307615997
1778454708151910532,0.27004981078403933,-0.10969722617907962,9.326443957598702,-0.0016628351740680287,0.0008065330098083051,0.0014739850948483377
1778454708172368572,0.2914919593591171,-0.12038877727267996,9.31122921593086,-0.002208250565316254,-0.0028750208811172337,0.0003831543123518819
1778454708192795260,0.28809796444620517,-0.09173173376225613,9.336248726099392,-0.0028900198043765417,-0.00028429777268815237,0.0029057004968749364
1778454708213264744,0.27950751930412576,-0.10845492920609784,9.316995123954543,-0.0005038274676655435,0.0027154868791771022,0.00017862354063379613
1778454708233727395,0.28077554601648946,-0.10487785290701368,9.322995919835483,-0.003026373652188597,-0.0016478362508087208,-0.0017985072526410305
1778454708254191582,0.28541704747844554,-0.0916816029081522,9.317026070027024,-0.0005038274676655435,-0.002329605489869005,-0.002889338035137486
1778454708274617456,0.2832241476505749,-0.09770665055668443,9.32900202235686,-0.0028218428804705105,0.0034654330421434176,0.0018830466382845088
1778454708295002366,0.2892758710438149,-0.109665209307023,9.327939779468732,-0.0027536659565644828,-0.0020568977942448906,-0.00029861492670840315
1778454708315501313,0.2892675045903996,-0.11444760523927805,9.32555923525378,-0.0045262659781212244,-0.00014794392487608998,0.0011331004753181951
1778454708335915038,0.2797090371482507,-0.11327824454353921,9.329003753916806,0.00010976484748871293,-0.0016478362508087208,0.0002468004645398247
1778454708356386985,0.2809586180660789,-0.12524565999950002,9.327867330023198,-0.0015946582501619976,0.0013519484010565339,-0.0017303303287350019
1778454708376829099,0.2905037783768071,-0.12402041277867915,9.324413985619545,-0.0013901274784439144,-0.0014433054790906341,-0.00043496877452046034
1778454708397268453,0.28325988581812944,-0.10728167227249102,9.327838227471256,-0.0009128890111017134,0.0006020022380902185,0.0015421620187543662
1778454708417732030,0.2713826602658016,-0.12407288935332891,9.330112750838124,-0.0021400736414102263,0.00032929454246610756,0.0006558620079759958
1778454708438114107,0.27956911428322395,-0.11325096494008169,9.319410971131992,-0.0029581967282825694,-0.00028429777268815237,-0.001525799557016916
1778454708458614128,0.2725358634733843,-0.10612134565402209,9.333662396579115,-0.0009810659350077428,-7.976700097006573e-05,-0.0022757457199832297
1778454708479042853,0.26502523433096437,-0.11683875737789814,9.30840978609357,-0.002208250565316254,-0.003147728576741348,-0.004389230361070112
1778454708499404596,0.2793742500048093,-0.10962495356092017,9.30740675404004,-0.0029581967282825694,0.0009428868576203606,-0.0017303303287350019
1778454708519912506,0.2710628931414858,-0.11683450639673479,9.310900708046624,0.00010976484748871293,-7.976700097006573e-05,0.0005876850840699673
1778454708540345491,0.26756300064339666,-0.10370490488919493,9.322787509200094,-0.002344604413128313,-0.0017160131747147485,0.000792215855788053
1778454708560859623,0.26867190124490015,-0.10607683892675596,9.315620293103482,-0.002276427489222285,0.0012155945532444784,-0.00036679185061443175
1778454708581391459,0.26993231895514636,-0.11685036037486912,9.315678554187663,-0.002344604413128313,-0.0011705977834665197,-0.0009803841657686882
1778454708601734332,0.28083714099558754,-0.10967388864099747,9.325411767012936,-0.0013901274784439144,-0.00014794392487608998,0.0008603927796940812
1778454708622245446,0.2651718107617015,-0.11806334093963555,9.318006981748693,-0.004117204434685055,0.00032929454246610756,0.0005195081601639387
1778454708642672208,0.2819068776541268,-0.11443020074382171,9.31465608311264,-0.0024809582609403684,-0.0014433054790906341,0.0012012773992242237
1778454708663212803,0.27236343023110343,-0.10967574807410757,9.320485558860934,-0.001458304402349942,-0.00035247469659417663,-0.00023043800280237456
1778454708683617806,0.27829861723185756,-0.1132395393147585,9.314596034488217,-0.002344604413128313,-0.003556790120177518,-0.0009122072418626596
1778454708704072105,0.28314239398923635,-0.11443480646828053,9.317072824060215,-0.002003719793598171,-0.0017160131747147485,0.0016785158665664232
1778454708724540570,0.274892632105011,-0.12644039503807886,9.322982625244249,-0.003435435195624767,0.000465648390278163,0.0008603927796940812
1778454708745071462,0.2698458226009117,-0.10128540891723098,9.315621186873603,-0.0011855967067258277,-0.001579659326902693,-9.408415499031781e-05
1778454708765379187,0.279420067513484,-0.1084378794539369,9.310999634714033,-0.0016628351740680287,0.000465648390278163,0.0024966389534387652
1778454708785840023,0.28805784506683363,-0.10966401353299637,9.326722136369261,-0.003435435195624767,0.0011474176293384472,-0.0013212687852988303
1778454708806267637,0.27609906383827665,-0.1180672830050109,9.32656757394774,-0.0017310120979740565,-0.0010342439356544608,0.004269238974995506
1778454708826800862,0.28442030205761093,-0.12521173786682582,9.318330182992497,0.00010976484748871293,-1.1590077064034532e-05,-0.0005031456984264889
1778454708847193790,0.27002889465050117,-0.12165321600971724,9.320492597061316,-0.002549135184846396,0.0010110637815263918,0.0004513312362579105
1778454708867674034,0.28193691769237805,-0.10726001679587127,9.319425997283172,-0.0015264813262559698,-0.0006251823922182945,-0.0020030380243591154
1778454708888303851,0.28536115062865064,-0.10363077283792538,9.308676513793435,-0.002276427489222285,-0.0017841900986207762,0.0017466927904724518
1778454708908519521,0.28921009283800914,-0.10726037153916673,9.324333660183804,-0.0031627275000006526,-1.1590077064034532e-05,-0.00036679185061443175
1778454708929060949,0.2761648420440824,-0.1204721207728672,9.33017369323267,-0.000640181315477599,-0.00021612084878212118,0.0004513312362579105
1778454708949475785,0.2710104220671008,-0.11682427654543823,9.30730341450232,-0.0024127813370343407,0.0015564791727746205,0.0018148697143784802
1778454708969927566,0.27245924847516056,-0.10491040189401346,9.328861592316398,-0.001867365945786112,-0.001852367022526804,0.0004513312362579105
1778454708990370402,0.2760591424440145,-0.11088345925533172,9.326541096725867,-0.004185381358591082,-0.0013751285551846064,-0.0006394995462385453
1778454709011190256,0.2737563597893683,-0.10971104335245607,9.333694180441423,-0.0005720043915715713,-0.0009660670117484366,0.0024966389534387652
1778454709031432574,0.27836021221095564,-0.11803557504874229,9.31701188166567,-0.0029581967282825694,0.0006701791619962497,-9.408415499031781e-05
1778454709052013095,0.269576813663276,-0.10003695570246829,9.297630306281766,-0.0013219505545378832,-1.1590077064034532e-05,-0.0020030380243591154
1778454709072521820,0.2747078471677167,-0.11205228783612742,9.315735083711896,-0.002344604413128313,-0.0029431978050232614,0.0012012773992242237
1778454709092775841,0.2665822306780947,-0.11810204616841627,9.332414701177283,-0.0007083582393836284,0.003329079194331362,-0.004116522665446
1778454709113256622,0.286905597295658,-0.11206765552682596,9.329110612554718,-0.0033672582717187392,-0.0012387747073725475,-0.00036679185061443175
1778454709133713513,0.2673681363649819,-0.10007889351003346,9.310783292108141,-0.000640181315477599,0.00019294069465405211,-0.002957514959043515
1778454709154150109,0.2714501513593124,-0.12049802723065031,9.336095001467696,-0.0016628351740680287,-0.0013069516312785787,-9.408415499031781e-05
1778454709174655296,0.2724809220599965,-0.10252261387831818,9.331250962271975,-0.0011855967067258277,-0.000488828544406239,-0.0009803841657686882
1778454709198274096,0.27704238274831905,-0.10007481990051781,9.315728045511515,-0.002003719793598171,0.00019294069465405211,0.0005195081601639387
1778454709216240302,0.28073295629811523,-0.11922163075334663,9.314655189342519,-0.003912673662966968,0.001079240705432423,0.0005876850840699673
1778454709236852268,0.2783370237235241,-0.10128695943455307,9.321746492873704,-0.0013219505545378832,-0.004034028587519719,0.0021557543339086227
1778454709257241955,0.28068144066013734,-0.10366349919657292,9.316996017724664,-0.0015946582501619976,-0.001852367022526804,-9.408415499031781e-05
1778454709277569514,0.28563015956628635,-0.10487922605268807,9.326667394385272,-0.0015946582501619976,-0.0021250747181509183,-0.0007076764701445738
1778454709298078665,0.27015379749640234,-0.12526558758714998,9.327700422760863,-0.0016628351740680287,-0.0005570054683122633,-0.002412099567795287
1778454709318542056,0.27719541475965725,-0.12761281094095445,9.315829541528695,-0.0028900198043765417,-0.0022614285659629772,0.0016103389426603948
1778454709339017318,0.2807514020926507,-0.10367713899830167,9.32179240911707,-0.0029581967282825694,-0.0038294978158016323,0.0021557543339086227
1778454709359853080,0.2903832567427229,-0.09290073971469953,9.327896544535731,-0.0017991890218800842,-0.001852367022526804,0.0022921081817206795
1778454709380104842,0.2783311276091115,-0.10965785729121547,9.318180089421585,-0.004117204434685055,-0.0012387747073725475,0.0029057004968749364
1778454709400884641,0.28430129532612225,-0.11322846843273077,9.314688760745069,-0.002685489032658455,0.0009428868576203606,0.0016103389426603948
1778454709421803014,0.28076698157796476,-0.13477635235968813,9.31111526311227,-0.002208250565316254,-0.0017160131747147485,-0.0011167380135807454
1778454709442078461,0.28451954607707786,-0.10848699190566191,9.331458479137243,-0.0009128890111017134,-0.001102420859560492,0.001064923551412167
1778454709462521538,0.2880154533335688,-0.0988916878589099,9.327881518384553,-0.00036747361985348635,-0.0008978900878424054,-0.00043496877452046034
1778454709482980281,0.26988821433417653,-0.11205773459131746,9.314461804858311,0.00045064946701885676,0.0013519484010565339,0.0011331004753181951
1778454709503520617,0.28900020854046893,-0.10721945213398049,9.309944486006584,-0.001458304402349942,-0.003556790120177518,0.00017862354063379613
1778454709524224805,0.27123950961047427,-0.11088890601052176,9.325267817872284,-0.002003719793598171,-0.002670490109399147,-0.00036679185061443175
1778454709544382586,0.28455775458363497,-0.121650515545876,9.329108825014474,-0.002208250565316254,-0.003011374728929289,0.0011331004753181951
1778454709564932200,0.28210839549825173,-0.119253516081263,9.326664713074905,-0.0010492428589137705,0.0012837714771505027,0.0019512235621905374
1778454709585491795,0.27024961574045947,-0.12050024140705587,9.336076456216325,-0.0027536659565644828,0.0010110637815263918,0.002360285105626708
1778454709605887798,0.276127390988823,-0.11687679894759542,9.328961356773632,-0.002003719793598171,-7.976700097006573e-05,-0.002957514959043515
1778454709626413615,0.2770739376891659,-0.11204103958245198,9.313373978518433,-0.000640181315477599,-0.0006933593161243187,0.0017466927904724518
1778454709646881766,0.2762870765658715,-0.1456120939463119,9.329067265661125,-0.003026373652188597,-0.0011705977834665197,-0.0011167380135807454
1778454709667405732,0.28210839549825173,-0.119253516081263,9.326664713074905,-0.0008447120871956856,-0.0014433054790906341,0.0014739850948483377
1778454709688300086,0.26751718313472195,-0.10489197899617819,9.319194628526102,-0.0008447120871956856,-7.976700097006573e-05,0.0024966389534387652
1778454709708753885,0.2748086060897792,-0.11446394550484812,9.321739398693026,-0.002344604413128313,0.0003974714663721318,-0.0017303303287350019
1778454709729318017,0.2818428123360259,-0.10604566308543051,9.313426095172353,-0.002208250565316254,-7.976700097006573e-05,4.2269692821739376e-05
1778454709750022613,0.2867415305067925,-0.11083966201465645,9.31831431905149,-0.0015264813262559698,-0.0008978900878424054,0.0016785158665664232
1778454709769981615,0.2710722150313083,-0.09650420875900256,9.319219374188028,-0.0019355428696921397,5.6586846841989724e-05,0.00011044661672776797
1778454709790521729,0.2805955037720911,-0.12278285307429651,9.303876547320542,-0.001867365945786112,0.0015564791727746205,-0.001184914937486774
1778454709811056158,0.2773111937008452,-0.12643937663569993,9.324218813595092,-0.002003719793598171,0.0006020022380902185,-0.0007076764701445738
1778454709831515179,0.2714410274545992,-0.11571222134796308,9.337276447834547,-0.0020718967175041986,-0.0009660670117484366,0.0018148697143784802
1778454709852011182,0.2735831690957897,-0.10369724395759933,9.32407933330505,-0.0007083582393836284,-0.00028429777268815237,0.0005876850840699673
1778454709872688499,0.2723966980596553,-0.11566226786550687,9.320507623212496,-0.0004356505437595141,-0.0016478362508087208,4.2269692821739376e-05
1778454709892903632,0.27588176852372825,-0.1072608578266025,9.315735977482017,-0.003503612119530798,0.001420125324962565,0.003519292812029193
1778454709913481079,0.2760815734801483,-0.11806387305457872,9.325368476099639,0.000587003314830914,0.0027154868791771022,0.0005195081601639387
1778454709934318193,0.27599412168950654,-0.11804682330241778,9.319372986859129,0.0007233571626429694,-0.0007615362400303499,-0.0009122072418626596
1778454709954724566,0.2820024979130744,-0.13478095808414697,9.313532004059846,-0.0015264813262559698,0.001692833020586676,0.0017466927904724518
1778454709975108346,0.2711229732179884,-0.10249413850083405,9.320440536387691,-0.0017310120979740565,0.0010110637815263918,0.00011044661672776797
1778454709996219849,0.2712661238733157,-0.11567812184364118,9.325285469353533,-0.0027536659565644828,-0.0029431978050232614,-0.0011167380135807454
1778454710016319944,0.2845020557189495,-0.10848358195522972,9.330259381289142,-0.00036747361985348635,0.001420125324962565,0.0014058081709423095
1778454710036974799,0.2796615067518712,-0.12044501854105738,9.323034741898171,-0.0024127813370343407,0.0005338253141841942,0.0003149773884458533
1778454710057489542,0.2673957060642306,-0.08932020763767573,9.31673906551584,-0.0011855967067258277,-0.0008978900878424054,-0.00016226107889634597
1778454710077920711,0.27466792577345456,-0.10486846408644834,9.315708606490023,-0.0017310120979740565,-0.0005570054683122633,0.0021557543339086227
1778454710098245140,0.2842838049679939,-0.11322505848229858,9.313489662896968,-0.0029581967282825694,0.002647309955271078,-9.408415499031781e-05
1778454710119005402,0.2844986299435396,-0.12044298173629953,9.325507118599859,0.0014051264017032553,0.002033717640116818,0.0004513312362579105
1778454710139800868,0.2725482151683979,-0.12406385527605904,9.32773310039329,-0.0017991890218800842,-0.0028750208811172337,0.0014739850948483377
1778454710160131074,0.2928175958089806,-0.09888283115328766,9.327955699390035,-0.0024809582609403684,-0.0006933593161243187,-0.003093868806855572
1778454710180325151,0.2855586832311773,-0.08572918262107482,9.328994984156479,-0.0017991890218800842,-0.00021612084878212118,-9.408415499031781e-05
1778454710200857950,0.2736063575832214,-0.12044585957178855,9.319344722097014,-0.0015946582501619976,0.0006020022380902185,-0.003298399578573657
1778454710221315008,0.2820243694830198,-0.10727706654803221,9.325421486523682,-0.0028218428804705105,-0.0013069516312785787,-0.00029861492670840315
1778454710242351640,0.2784392975481821,-0.12283502073315827,9.320626826691223,-0.0008447120871956856,-0.001579659326902693,0.0014058081709423095
1778454710262385347,0.2614861778899108,-0.10609353393562143,9.316708119443359,-0.000640181315477599,0.0012155945532444784,0.0002468004645398247
1778454710282828238,0.29404303280296995,-0.1096495327005364,9.325615764778012,-0.0009128890111017134,-0.003556790120177518,-0.0006394995462385453
1778454710303749648,0.2711187899912808,-0.10488533646696152,9.319250264280214,-0.0032309044239066838,-0.0008297131639363811,-0.000844030317956631
1778454710324219244,0.27715302302639233,-0.11684048526686797,9.316988923543986,-0.0019355428696921397,-0.00014794392487608998,0.000792215855788053
1778454710344797080,0.2892142760647167,-0.10486917357303921,9.325523932291283,-0.001458304402349942,-0.002329605489869005,0.0008603927796940812
1778454710365244360,0.2891733992340475,-0.11323325152883729,9.319559333142957,0.0006551802387369417,-0.0006251823922182945,0.00017862354063379613
1778454710385517770,0.28046832857229653,-0.09046587605203699,9.307354693366415,-0.0005038274676655435,0.0017610099444927071,-0.0017985072526410305
1778454710406178717,0.2940088095380111,-0.11921091461461436,9.3196555785,-0.0021400736414102263,0.0021700714879288735,-0.00029861492670840315
1778454710426386590,0.28187265438916786,-0.12399158265789953,9.30869589683463,-0.0007083582393836284,-0.0006251823922182945,-0.0018666841765470582
1778454710447003260,0.2831290868578157,-0.11204019855172076,9.317063998319592,-0.003435435195624767,0.0003974714663721318,0.0005195081601639387
1778454710468570596,0.2735287871485904,-0.1347828175172571,9.308605795907846,-0.0005720043915715713,0.0013519484010565339,-0.00043496877452046034
1778454710490296784,0.2829135044309722,-0.09525407348277753,9.308608533198509,-0.003503612119530798,-0.002806843957211206,-0.0015939764809229447
1778454710509269434,0.27956493105651625,-0.11564216290620921,9.318220699024517,-0.0011174197828198,0.0010110637815263918,4.2269692821739376e-05
1778454710529176455,0.2844379904008486,-0.10009904429683858,9.329029393348856,-0.0027536659565644828,-0.0024659593376810604,0.0015421620187543662
1778454710550519662,0.28910515068923903,-0.10723991183657361,9.317139073095195,-0.0004356505437595141,0.0015564791727746205,0.0024284620295327367
1778454710570799850,0.27840945549504026,-0.10488910116068917,9.325357025028948,-0.002276427489222285,0.00026111761856007637,-0.0012530918613928017
1778454710591015186,0.2855077270593879,-0.10485535639966276,9.31827370944856,-0.001458304402349942,0.0013519484010565339,0.000792215855788053
1778454710611910577,0.28062649924674954,-0.10006476742086895,9.314584583417524,-0.0019355428696921397,0.0010110637815263918,0.00011044661672776797
1778454710632246950,0.2725516409438077,-0.11210445549498915,9.332485363082576,-0.0017991890218800842,-0.0017841900986207762,0.0003831543123518819
1778454710653242472,0.2807105252619815,-0.11204121695409969,9.315827809968749,-0.002276427489222285,0.0003974714663721318,-0.00029861492670840315
1778454710673255122,0.28187608016457766,-0.11203218287682976,9.313448159523915,-0.004321735206403138,-0.001579659326902693,0.003314762040311107
1778454710693767903,0.2723351030805572,-0.11086623213152308,9.318091776035043,-0.002208250565316254,0.0003974714663721318,0.00017862354063379613
1778454710714170128,0.27130851560658054,-0.12645044751772766,9.32412608733824,-0.002208250565316254,-0.0005570054683122633,0.0002468004645398247
1778454710734856945,0.26878349695938064,-0.1072946025876289,9.322819293062402,-0.0032990813478127115,0.0015564791727746205,-0.002957514959043515
1778454710756090022,0.27588081308732104,-0.12280875953207962,9.309797855555566,-0.005003504445463422,0.0037381407377675285,4.2269692821739376e-05
1778454710776112340,0.28051813132256953,-0.11200370749934557,9.30263773363963,-0.0012537736306318555,-0.0009660670117484366,0.0005195081601639387
1778454710797057731,0.281839386560616,-0.11800506286650028,9.308673832483068,0.0007233571626429694,-0.0013069516312785787,-0.0018666841765470582
1778454710817492456,0.2772345787026216,-0.1252284328756913,9.319418009332374,-0.0009128890111017134,-0.000488828544406239,0.0003149773884458533
1778454710837786014,0.2842862753069967,-0.1168135604067059,9.312303803659805,-0.003435435195624767,0.00032929454246610756,0.0029738774207809645
1778454710858567610,0.27835698442065515,-0.10487887130939261,9.321759731484642,-0.0024127813370343407,0.0014883022488685893,-0.002412099567795287
1778454710878923409,0.27604583531259375,-0.10848885133877201,9.326532270985243,-0.0004356505437595141,-0.000488828544406239,-0.002957514959043515
1778454710899727541,0.28426479970727003,-0.09408524490198183,9.31941454621248,-0.0036399659673428536,-0.00035247469659417663,-0.00036679185061443175
1778454710919974266,0.2831840282712035,-0.11563893032742473,9.31947543262673,0.0014051264017032553,-0.0037613208918956045,0.0015421620187543662
1778454710940387676,0.2747527092399842,-0.12641311543462136,9.313389842459438,-0.002549135184846396,-0.001988720870338863,-0.00043496877452046034
1778454710960897160,0.28178026192052064,-0.1167975290569239,9.305072126068453,-9.476592422937198e-05,-0.0008978900878424054,-0.00043496877452046034
1778454710981677496,0.27466888120986166,-0.08932056238097119,9.32164672841647,-0.003503612119530798,0.0018291868683987314,0.0017466927904724518
1778454711002105906,0.28556191102147777,-0.09888588636042439,9.324247134337506,-0.0026173121087524273,-0.00035247469659417663,-0.0010485610896747168
1778454711022555742,0.27482191322119986,-0.11685855342140783,9.321748224433652,-0.0013901274784439144,0.0007383560859022739,-0.0030256918829495434
1778454711043024634,0.2781744718372541,-0.11919536955226803,9.303826218206865,0.001950541792951484,-0.0008297131639363811,0.003314762040311107
1778454711063552933,0.2769505497458602,-0.12756507163490377,9.29904217165527,-0.001458304402349942,-0.0008978900878424054,-0.0005713226223325175
1778454711084029898,0.2857067745645101,-0.10609016981269664,9.331468198647988,0.000587003314830914,0.0003974714663721318,0.003042054344686993
1778454711104571049,0.2856592441681304,-0.1132569438102149,9.325499186629354,-0.0024809582609403684,-0.001102420859560492,-0.0007076764701445738
1778454711125006607,0.291706026883365,-0.11803849871173872,9.326808662215557,-0.002276427489222285,0.000465648390278163,0.0016785158665664232
1778454711145711888,0.2821418613119129,-0.10012393235224287,9.336186889934723,-0.003503612119530798,0.0021018945640228492,0.0003149773884458533
1778454711166030539,0.2818952834104109,-0.10605589293672707,9.317023388716658,-0.0021400736414102263,-7.976700097006573e-05,0.0028375235729689078
1778454711186657152,0.28308669512455087,-0.10126787287763428,9.318223380334882,-0.0029581967282825694,-0.0013751285551846064,-0.001525799557016916
1778454711206999877,0.2807122381496864,-0.10606151706356481,9.318203941313389,-0.0020718967175041986,0.00032929454246610756,-0.0019348611004530868
1778454711227787324,0.2650045161825355,-0.1036786436881163,9.311958538064442,-0.0024809582609403684,0.00237460225964696,4.2269692821739376e-05
1778454711248060679,0.28803864182100036,-0.11564030347309912,9.323146907176517,-0.0012537736306318555,0.0027154868791771022,0.0021557543339086227
1778454711268562015,0.26629991460903835,-0.1144589850370939,9.314414994844823,-0.0010492428589137705,0.0012155945532444784,0.00017862354063379613
1778454711289124110,0.2806031127742086,-0.10843225532709921,9.309819082117302,-0.004117204434685055,-0.0021932516420569495,0.0008603927796940812
1778454711309553113,0.2807538724316534,-0.10726564092270902,9.320606549879905,-0.0021400736414102263,0.0012155945532444784,0.0012012773992242237
1778454711329957523,0.27009220251730426,-0.12046955185316616,9.325284575583412,-0.0028900198043765417,-0.0007615362400303499,0.00017862354063379613
1778454711350660840,0.2854402359658771,-0.10843021852234136,9.31229145881899,-0.0012537736306318555,-0.0019205439464328351,0.0014058081709423095
1778454711371341565,0.2879721061638968,-0.10366726389030051,9.323102778473395,-0.004730796749839311,0.0014883022488685893,0.001064923551412167
1778454711391739994,0.26651796737488453,-0.13483361203044447,9.321684600728739,-0.0037081428912488813,0.0003974714663721318,-0.0019348611004530868
1778454711412069867,0.2866873465447025,-0.11680913205389479,9.312340894162546,-0.0004356505437595141,-0.001852367022526804,-0.0019348611004530868
1778454711432587536,0.2831057003852747,-0.120407686457951,9.312298497019372,-0.0031627275000006526,0.0012837714771505027,0.000792215855788053
1778454711453021650,0.28071470848868907,-0.10965001898797216,9.317018082076224,-0.0009810659350077428,-0.0016478362508087208,0.0019512235621905374
1778454711473827467,0.27341567653151433,-0.11442865022649959,9.308530777112539,-0.002208250565316254,0.0007383560859022739,-0.0011167380135807454
1778454711494084452,0.27955999037851087,-0.1084651590573944,9.320592417498847,-0.004321735206403138,-1.1590077064034532e-05,0.0018830466382845088
1778454711514554436,0.2829615942935403,-0.12277160482062102,9.30151544212708,-0.0033672582717187392,-0.001852367022526804,-0.002071214948265144
1778454711535690383,0.2698946699147775,-0.13837114207001674,9.304966105220366,-0.0026173121087524273,-0.003147728576741348,0.0014739850948483377
1778454711556045126,0.2832197664387579,-0.12521395204323138,9.318311637741127,0.000927887934361056,0.0009428868576203606,0.0009967466275061384
1778454711576549277,0.2806937923551508,-0.12160600881860975,9.311066721538836,-0.0005038274676655435,-0.0008978900878424054,0.001337631247036281
1778454711597077891,0.2735846839983853,-0.12283364758748389,9.316955352141436,-0.0017310120979740565,-0.002670490109399147,0.0022239312578146513
1778454711617624116,0.28582976653759695,-0.14079834480108366,9.326799780494637,-0.0009128890111017134,0.0018291868683987314,0.0002468004645398247
1778454711639250470,0.2771781223866382,-0.10249329747010283,9.324130556188848,-0.002344604413128313,-0.00021612084878212118,-0.0009803841657686882
1778454711658563621,0.28550848451068567,-0.11442355821460504,9.314711718866752,-0.0024809582609403684,0.0014883022488685893,0.0014058081709423095
1778454711682040717,0.2819526951628014,-0.11324312663683839,9.318248963786631,-0.0033672582717187392,0.0012837714771505027,0.0008603927796940812
1778454711702193997,0.27936512610009623,-0.10483914767823299,9.308588200406895,-0.002344604413128313,0.0021018945640228492,0.0005876850840699673
1778454711722602648,0.27020798145849234,-0.11929611754791167,9.33367384764981,-0.0015264813262559698,-0.0005570054683122633,0.0004513312362579105
1778454711743133095,0.2928166403725734,-0.11443073285876487,9.322017577463585,-0.0024809582609403684,-0.0017841900986207762,-0.0024802764917013147
1778454711763850227,0.2831307997455206,-0.10606049866118589,9.319440129664232,-0.0029581967282825694,0.0013519484010565339,0.0002468004645398247
1778454711784245693,0.2868132048270109,-0.10487360192585032,9.32548684178854,-0.0024809582609403684,-0.0017841900986207762,-0.0017985072526410305
1778454711804813992,0.28573585916635424,-0.1144678875702235,9.330299990892073,-0.0007083582393836284,-0.00035247469659417663,0.0009967466275061384
1778454711825290365,0.2878654511274217,-0.10962650407824232,9.313532060040144,-0.00036747361985348635,0.0003974714663721318,0.000792215855788053
1778454711845770275,0.271009664615803,-0.10725607473049592,9.310865405084126,-0.0038444967390609402,-0.00014794392487608998,0.0004513312362579105
1778454711866163648,0.2806380934904653,-0.10843907522796359,9.312217277813508,-0.002685489032658455,0.0015564791727746205,0.002564815877344794
1778454711886769595,0.272327692063549,-0.10010072635830097,9.321649353746539,-0.005139858293275481,0.00019294069465405211,0.0003831543123518819
1778454711907160783,0.2783710490033737,-0.1168416810408946,9.31820656664346,-0.0017991890218800842,-0.0012387747073725475,0.0005195081601639387
1778454711927490971,0.28313649787482376,-0.12280570432494292,9.313506420608096,-0.002003719793598171,0.000465648390278163,0.0002468004645398247
1778454711947975862,0.28662917734101423,-0.10005369653884122,9.314677309674376,-0.0037081428912488813,0.003329079194331362,-0.0015939764809229447
1778454711968522310,0.27720378121307243,-0.12283041500869946,9.318210085743647,-0.0028900198043765417,-0.0008297131639363811,0.0018148697143784802
1778454711989033794,0.2808029177306286,-0.11923527055507538,9.319451580734924,-0.002344604413128313,-0.0008297131639363811,0.0003831543123518819
1778454712009869926,0.2830583679740045,-0.10245835693504979,9.315829597508992,-0.0015264813262559698,-0.0004206516205002078,-0.000844030317956631
1778454712030024836,0.2770589176700402,-0.11562613155642718,9.310989021433164,-0.0011855967067258277,0.0016246560966806448,0.0019512235621905374
1778454712050503135,0.28320645930733723,-0.12281934412667167,9.318302812000502,-0.0002992966959474569,0.001420125324962565,0.002769346649062879
1778454712071908101,0.27715720625310003,-0.11444928730074044,9.318179195651462,-0.003094550576094625,-0.0013069516312785787,-0.002412099567795287
1778454712091636214,0.27841192583404295,-0.10847760308509652,9.324171165791782,-0.0024809582609403684,0.0007383560859022739,-0.0005713226223325175
1778454712112197439,0.2867415305067925,-0.11083966201465645,9.31831431905149,-0.0027536659565644828,0.00019294069465405211,-0.0016621534048289733
1778454712132542497,0.29008592065454086,-0.0928427705573523,9.307511881118003,-0.0015946582501619976,-0.00014794392487608998,-0.0006394995462385453
1778454712153034056,0.2795824214146446,-0.1156455728566414,9.319419796872618,-0.002344604413128313,-0.00035247469659417663,0.0029057004968749364
1778454712173667632,0.27467286645145994,-0.11204546793526304,9.313336888015693,-0.0020718967175041986,0.000465648390278163,-0.0014576226331108875
1778454712194145191,0.29057278437291334,-0.13958195428588505,9.3232722550855,0.0018141879451394269,-0.0014433054790906341,-0.002889338035137486
1778454712214580452,0.2915419600944995,-0.1168105051995692,9.316012368712332,-0.0016628351740680287,-0.00035247469659417663,0.0002468004645398247
1778454712235026677,0.2892241574207276,-0.11922318127066872,9.320780495342621,-0.003094550576094625,-0.0021932516420569495,-0.00023043800280237456
1778454712255930143,0.284379623212051,-0.10845971230220441,9.32186569635243,-0.0026173121087524273,-0.0015114824029966618,0.0016103389426603948
1778454712276023609,0.2844279110597284,-0.1108611401196285,9.324272717789258,-0.003503612119530798,-0.0027386670333051748,0.0016103389426603948
1778454712296455685,0.2880186811238693,-0.11204839159825947,9.32313366856558,-0.0015264813262559698,-0.0004206516205002078,0.002360285105626708
1778454712317304299,0.29045891630453946,-0.10965958518018526,9.326759226872001,-0.001458304402349942,-0.004034028587519719,-0.0013212687852988303
1778454712337609154,0.27109635895514694,-0.09770492266771463,9.320422884906442,0.0003142956192067996,-0.004783974750486031,-0.0023439226438892583
1778454712358098304,0.27461127147236186,-0.1072494322012793,9.310921040838238,-0.003571789043436826,0.0007383560859022739,-0.0010485610896747168
1778454712378397418,0.2794966825117078,-0.10964882321394553,9.315800438976753,-0.0032309044239066838,-0.002806843957211206,0.0018830466382845088
1778454712398911143,0.27346149404018905,-0.11324157611951632,9.312123657786533,-0.0015946582501619976,-0.001852367022526804,0.0005195081601639387
1778454712419735238,0.2865299333215474,-0.1167784425000051,9.30154901352963,-0.0027536659565644828,0.0008065330098083051,-0.0005031456984264889
1778454712440248611,0.2760175081620474,-0.10967933539618752,9.32413848815935,-0.0011855967067258277,-0.0017841900986207762,0.0014739850948483377
1778454712460658632,0.2773978880401893,-0.11688822457291861,9.333776293417408,-0.0012537736306318555,-0.003147728576741348,-0.0014576226331108875
1778454712481131672,0.27718895917905617,-0.10129940346225519,9.325325241166638,-0.004594442902027252,-0.0019205439464328351,-0.0005031456984264889
1778454712501835323,0.2963283250994878,-0.11081853865297986,9.317263583214354,-0.0028900198043765417,-0.0005570054683122633,0.0003831543123518819
1778454712522345085,0.2927607435227785,-0.12637990278853806,9.313668021229997,-0.0008447120871956856,-0.001579659326902693,-0.002071214948265144
1778454712542750662,0.28309733393185943,-0.12519008239020604,9.309917952804415,-0.002549135184846396,0.0012837714771505027,-0.0023439226438892583
1778454712563563386,0.28708866934524746,-0.1324354626193123,9.33398202274243,4.1587923582685205e-05,0.0024427791835529913,0.0014058081709423095
1778454712583936500,0.27120871212092523,-0.10849088814352986,9.324059894283558,-0.001458304402349942,-1.1590077064034532e-05,-0.00036679185061443175
1778454712604398484,0.2759549577465422,-0.12043120136768093,9.315784519055452,-0.0007083582393836284,0.0009428868576203606,0.0005876850840699673
1778454712624744950,0.28220078796689885,-0.12644756968223866,9.330288483841082,-0.0013219505545378832,-0.0021932516420569495,0.00011044661672776797
1778454712645234749,0.2867407730554947,-0.10127146019971417,9.321876309633296,-2.658900032334252e-05,-1.1590077064034532e-05,0.0011331004753181951
1778454712665655622,0.29036556839948513,-0.11801343328468678,9.317197334179374,-0.0028900198043765417,-0.001102420859560492,0.0014058081709423095
1778454712686413013,0.2709530103147103,-0.10963704284532683,9.306077839432344,-0.0024127813370343407,-0.0006251823922182945,-0.0011167380135807454
1778454712706880886,0.2855560149070653,-0.10725678421708679,9.320680730885387,0.0012005956299851704,0.001692833020586676,0.002360285105626708
1778454712727232852,0.2818960408617087,-0.11562409475166935,9.313461398134852,0.00010976484748871293,0.00032929454246610756,0.00017862354063379613
1778454712748153410,0.2820593501992765,-0.10728388644889658,9.327819682219884,-0.003571789043436826,-0.0017160131747147485,0.00017862354063379613
1778454712768240728,0.28445452532256976,-0.11565035595274792,9.324290369270507,-0.0021400736414102263,0.0007383560859022739,-0.002752984187325429
1778454712788660786,0.266325771420582,-0.10967999905527098,9.317994636907878,-0.0027536659565644828,-0.002670490109399147,0.0008603927796940812
1778454712809399603,0.2867930461447704,-0.12639779357143022,9.315973490669347,-0.0015264813262559698,-0.0006933593161243187,0.0024966389534387652
1778454712829778588,0.2842938843091142,-0.1024629626595086,9.318246338456564,-0.0009810659350077428,0.0006020022380902185,-0.0020030380243591154
1778454712850411442,0.2734890637394376,-0.10248289024715856,9.31807943119423,-0.000640181315477599,-0.00028429777268815237,0.0002468004645398247
1778454712870870148,0.2855018309449753,-0.11322625425632521,9.31470730599644,0.0007233571626429694,0.00026111761856007637,0.0003149773884458533
1778454712891228040,0.2830657789910126,-0.11322386270827187,9.312272019797497,-0.0016628351740680287,0.0006701791619962497,-0.0007758533940506024
1778454712911680654,0.2867107330172435,-0.10844164414766455,9.317106395462766,-0.0020718967175041986,0.0008065330098083051,-0.0013212687852988303
1778454712932318601,0.27346225149148684,-0.12280977793445855,9.308561667204724,-0.0021400736414102263,0.0031927253465193067,-0.003434753426385714
1778454712952708789,0.2843220134745511,-0.1263885821225125,9.311140008774197,-0.0008447120871956856,-0.0008978900878424054,0.00017862354063379613
1778454712973118606,0.2616510021300741,-0.11688972926273328,9.323942422364778,-0.005276212141087536,-0.002329605489869005,-0.00036679185061443175
1778454712993629664,0.277347887304807,-0.12046649664602946,9.328993140635939,0.0014051264017032553,-0.0005570054683122633,0.0017466927904724518
1778454713014146648,0.2782345519137567,-0.1048550016563673,9.313366046547932,-0.0031627275000006526,0.0008065330098083051,0.0016103389426603948
1778454713034616633,0.2818036483930616,-0.10843004115069366,9.309837627368672,-0.0021400736414102263,0.0006020022380902185,0.003042054344686993
1778454713055080635,0.2845030111553566,-0.09293568024975263,9.33619750321559,-0.0024809582609403684,-0.0022614285659629772,0.0009967466275061384
1778454713075553490,0.27234936564838497,-0.09771293834260564,9.324038723702117,-0.0015946582501619976,-0.0008978900878424054,0.0011331004753181951
1778454713096270696,0.27710226483971223,-0.11085055552503648,9.315767761344324,-0.0008447120871956856,0.00012476377074802092,-0.0017303303287350019
1778454713116478550,0.27355978262324887,-0.11206473186382954,9.319313832004829,-0.002208250565316254,-0.002806843957211206,-0.0025484534156073432
1778454713137004609,0.28661662766089135,-0.10722729043722379,9.311106493351943,-0.0021400736414102263,-0.00035247469659417663,-0.00036679185061443175
1778454713157486222,0.2842847604044011,-0.09767715677682137,9.319427784823416,-0.0020718967175041986,-0.0032840824245534035,0.0017466927904724518
1778454713177985706,0.27467952001717033,-0.11324277189354298,9.313341300886004,-0.005753450608429737,0.0007383560859022739,0.002769346649062879
1778454713198453061,0.2722727506501612,-0.096501994582597,9.319237919439399,-0.0019355428696921397,-0.0027386670333051748,0.0005876850840699673
1778454713218860323,0.28309334869026115,-0.10246517683591416,9.318227793205194,-0.0015946582501619976,-0.0013751285551846064,0.0004513312362579105
1778454713239408344,0.2808479777880055,-0.10847999463314983,9.326606451990726,0.0003142956192067996,0.00026111761856007637,0.000792215855788053
1778454713259857847,0.28339371458363427,-0.14079595325303038,9.324364494295693,-0.0026173121087524273,-0.001852367022526804,-0.0005713226223325175
1778454713280308016,0.28808692966867777,-0.1180417312905232,9.325553928613346,-0.002344604413128313,-0.0012387747073725475,0.0016103389426603948
1778454713300667333,0.27962995181102424,-0.10847879885912315,9.325388808891255,-0.0019355428696921397,-0.0017160131747147485,0.00017862354063379613
1778454713321393466,0.27951664320883884,-0.11324073508878513,9.31581367758769,0.0016778340973273697,-0.0006933593161243187,0.0011331004753181951
1778454713342093987,0.28561836733746115,-0.12162102176601292,9.31953458748103,-0.0024809582609403684,0.00026111761856007637,4.2269692821739376e-05
1778454713362305101,0.28556685169948326,-0.10606289020923915,9.321875415863175,-0.0007083582393836284,-0.004034028587519719,0.004064708203277421
1778454713382815862,0.2832423954600011,-0.10727826232205884,9.326639129623155,-0.0015264813262559698,-0.0021932516420569495,-0.00016226107889634597
1778454713403232235,0.2711195474425786,-0.11445353828190385,9.315688273698408,-0.0019355428696921397,-0.0006251823922182945,0.0012012773992242237
1778454713423601683,0.2830807990101383,-0.10963877073429668,9.314656976882763,-0.0017310120979740565,-7.976700097006573e-05,0.000792215855788053
1778454713444138352,0.27472115429913746,-0.11444689575268718,9.31574390945252,-0.000640181315477599,0.00012476377074802092,-0.001525799557016916
1778454713464515966,0.29614429761349115,-0.1059986332659707,9.30645405110019,-0.0011855967067258277,-0.001102420859560492,0.0012012773992242237
1778454713484949487,0.28093276125453515,-0.1300246459813228,9.32428768796014,-0.001867365945786112,-0.0013069516312785787,-0.003434753426385714
1778454713505713119,0.2698490503912122,-0.11444211265658064,9.310873337054629,-0.004117204434685055,-0.0012387747073725475,0.0002468004645398247
1778454713525965899,0.2844870356998238,-0.11206867392920489,9.327874424203875,-0.0008447120871956856,-0.0009660670117484366,0.0009285697036001098
1778454713546261532,0.27582853999804546,-0.09768242616036366,9.315700674519519,0.0002461186953007701,-0.0021250747181509183,-0.00029861492670840315
1778454713566882719,0.2904414259464111,-0.10965617522975307,9.3255601290239,-0.0016628351740680287,-0.001102420859560492,0.000792215855788053
1778454713587604018,0.28189034273240554,-0.09887888908791231,9.319395107190987,-0.0026173121087524273,0.0018291868683987314,0.0005195081601639387
1778454713607856632,0.2771355326682641,-0.11683707531643578,9.315789825695886,0.0013369494777972259,0.0008747099337143363,4.2269692821739376e-05
1778454713628347283,0.2723392863072648,-0.10847503416539556,9.31928204814252,-0.0017310120979740565,0.0007383560859022739,-0.0005031456984264889
1778454713648819730,0.29404474569067496,-0.10366983281000153,9.327991896122654,0.0003824725431128273,-0.0025341362615870916,0.0005195081601639387
1778454713669165159,0.28200269589818383,-0.10966485456372754,9.3230321165681,-0.0043899121303091655,-0.0022614285659629772,-0.0009122072418626596
1778454713689706383,0.2832739504008479,-0.11924448200399307,9.324285062630073,-0.0005720043915715713,-0.0004206516205002078,-0.0017985072526410305
1778454713710129608,0.2808105267327461,-0.10488467280787805,9.325394115531688,-0.0009128890111017134,0.00032929454246610756,-9.408415499031781e-05
1778454713730476944,0.2771180423101357,-0.11683366536600359,9.314590727847783,-0.003026373652188597,-0.0025341362615870916,0.0004513312362579105
1778454713751160484,0.2722700823260491,-0.11802959617860906,9.310923666168305,-0.0011174197828198,0.0008747099337143363,-0.0017303303287350019
1778454713771636061,0.2785501358113649,-0.11448458257908903,9.33138781723195,-0.0033672582717187392,-0.0010342439356544608,0.0029057004968749364
1778454713791985415,0.2759724481046705,-0.12043461131811312,9.316983616903553,-0.0029581967282825694,-0.0029431978050232614,0.0015421620187543662
1778454713812457158,0.27946265723185826,-0.09409410160760401,9.319340365206997,-0.0012537736306318555,0.0018973637923047626,0.0009967466275061384
1778454713833171624,0.2735006579831535,-0.11085719805425315,9.315712125590213,-0.003503612119530798,0.00019294069465405211,0.0007240389318820244
1778454713853511664,0.2769724213158056,-0.10006118009878906,9.310931654119106,-0.0017991890218800842,0.001692833020586676,-0.0012530918613928017
1778454713874021963,0.2831074132729797,-0.11442798656741615,9.314674628364012,-0.0024127813370343407,-7.976700097006573e-05,0.0006558620079759958
1778454713894513262,0.2795949710947676,-0.10847197895825877,9.32299061319505,-0.001458304402349942,-0.003079551652835317,-0.001184914937486774
1778454713914875616,0.28783616854046823,-0.12636488984113495,9.305200155287803,-0.0010492428589137705,0.002306425335740936,0.0009967466275061384
1778454713935300841,0.28909507134811874,-0.11800200765936356,9.312382397535599,-0.0019355428696921397,0.0009428868576203606,0.0005195081601639387
1778454713955769047,0.27119444955309735,-0.12164418193244736,9.318112946616482,-0.0007083582393836284,0.0021700714879288735,-0.0007758533940506024
1778454713976050883,0.2722651416480437,-0.11085259232979433,9.313295384642638,-0.0024809582609403684,-0.0008978900878424054,-0.0016621534048289733
1778454713996594756,0.2759990623675119,-0.12522382715123248,9.317001268384802,-0.002003719793598171,-0.0005570054683122633,4.2269692821739376e-05
1778454714017103407,0.27856173005508056,-0.12285889038618361,9.329020511627935,-0.0038444967390609402,0.0021700714879288735,0.0006558620079759958
1778454714037374872,0.2938114749205938,-0.11199640131104549,9.308837220645215,-0.00425355828249711,0.0006701791619962497,0.0022921081817206795
1778454714057874727,0.28573167593964655,-0.11685908553635102,9.329109718784597,-0.0032990813478127115,-0.0007615362400303499,0.0006558620079759958
1778454714078688007,0.2783727618910786,-0.11086198115035967,9.320582697988101,0.0002461186953007701,-0.0013069516312785787,0.0016103389426603948
1778454714099060917,0.28446364922728296,-0.12043616183543515,9.323108922903653,-0.0016628351740680287,5.6586846841989724e-05,0.0022921081817206795
1778454714119551327,0.27603918174688347,-0.10729154738049218,9.32652785811493,-0.0011855967067258277,-0.0006251823922182945,0.0003831543123518819
1778454714140342256,0.283281361417856,-0.13000998777721517,9.320727484918578,-0.000640181315477599,-0.001852367022526804,0.0006558620079759958
1778454714160427166,0.2856035453034449,-0.10009001021956865,9.326649742904022,-0.0031627275000006526,0.001420125324962565,0.0009967466275061384
1778454714181012058,0.29051214483022236,-0.1192380168464241,9.3267945298345,-0.0011174197828198,0.0012837714771505027,0.00011044661672776797
1778454714201616134,0.28556438136048057,-0.1024743882848318,9.32306127510034,-0.002549135184846396,0.00019294069465405211,0.0008603927796940812
1778454714221863933,0.2867506544115056,-0.11562546789734374,9.317132872684638,-0.0024127813370343407,0.001692833020586676,-0.0009122072418626596
1778454714242372528,0.29384322784655004,-0.09884651747256024,9.31598326616039,-0.006026158304053852,-0.000488828544406239,0.0011331004753181951
1778454714263119587,0.2845003428312446,-0.11446328184576468,9.327883249944499,-0.001458304402349942,0.0027836638030831334,-0.0005713226223325175
1778454714283367182,0.2808122396204511,-0.09890497291734318,9.327770246876328,-0.004321735206403138,0.00032929454246610756,0.0016785158665664232
1778454714303885351,0.28668658909340483,-0.10724093023895254,9.315902884744352,-0.0008447120871956856,-0.0012387747073725475,-0.0011167380135807454
1778454714324373928,0.2831083687093868,-0.09888008486193894,9.320612750290461,-0.003094550576094625,0.0024427791835529913,-0.00016226107889634597
1778454714344820727,0.28198273520105277,-0.106072942688888,9.323018877957164,-0.0013901274784439144,-0.0022614285659629772,-0.002412099567795287
1778454714365375933,0.2809137559938113,-0.11088483240100605,9.330212571275654,-0.001867365945786112,0.0006020022380902185,-0.0012530918613928017
1778454714386102380,0.28800119076574093,-0.11204498164782728,9.32193457071748,-0.0013219505545378832,-7.976700097006573e-05,-0.00016226107889634597
1778454714406327975,0.2809095727671036,-0.11327603036713366,9.329022299168177,-2.658900032334252e-05,-7.976700097006573e-05,0.0014739850948483377
1778454714426827719,0.27588005563602325,-0.11324055771713742,9.313359846137374,-0.0017310120979740565,0.00012476377074802092,0.0012694543231302523
1778454714447543351,0.28194604159709113,-0.1120458226785585,9.31824455091632,-0.005480742912805623,-0.0006933593161243187,0.0022921081817206795
1778454714467830372,0.2783402515138246,-0.11444366317390275,9.316998643054733,0.0012687725538911981,-0.0023977824137750327,-0.0012530918613928017
1778454714488301004,0.27988469818083206,-0.12288054586280336,9.337432741816015,-0.002276427489222285,0.0031245484226132755,-0.00036679185061443175
1778454714509064988,0.2808529184660109,-0.11565699848196459,9.324234733516395,-0.0028900198043765417,-0.0006933593161243187,-0.002412099567795287
1778454714529360750,0.2855826291699066,-0.11204600005020621,9.320698382366636,-0.0032309044239066838,-0.0024659593376810604,-0.002071214948265144
1778454714549762753,0.27142106675746813,-0.11212030947312351,9.337263209223611,-0.0007083582393836284,0.001420125324962565,0.0012012773992242237
1778454714570061033,0.3034815380772232,-0.11438352566765739,9.312591701941109,-0.0037081428912488813,0.0010110637815263918,0.00017862354063379613
1778454714590592536,0.2775028301889595,-0.11690868427551177,9.340970880506019,-0.002344604413128313,0.0021018945640228492,-9.408415499031781e-05
1778454714611023020,0.2879496751277629,-0.09648685009105362,9.324275399099625,-0.0027536659565644828,0.0008747099337143363,0.00017862354063379613
1778454714631944023,0.29156952979374795,-0.10605181932721142,9.321968142120028,-0.0033672582717187392,0.0003974714663721318,-0.00016226107889634597
1778454714652031118,0.2723959406083575,-0.1060940660505646,9.324069613794302,-0.0024127813370343407,-0.0006251823922182945,0.00011044661672776797
1778454714672525546,0.27947006824886644,-0.10485960738082611,9.315782787495506,-0.0028900198043765417,-0.0011705977834665197,0.0029738774207809645
1778454714693037567,0.27609241027256626,-0.11686997904673102,9.326563161077429,-0.003026373652188597,0.002306425335740936,-0.00029861492670840315
1778454714713563940,0.27214936270685564,-0.11202602663504879,9.304906112576239,-0.002344604413128313,-0.001852367022526804,-0.0020030380243591154
1778454714733981276,0.283230603231176,-0.12402005803538368,9.319506322718915,0.00045064946701885676,-0.00021612084878212118,0.0009967466275061384
1778454714756327150,0.28804378048411516,-0.09770120380149439,9.330275301210444,-0.0021400736414102263,0.0005338253141841942,-0.0015939764809229447
1778454714775219430,0.27371624040999687,-0.12764332312319643,9.324167590711294,-0.003776319815154909,-0.0020568977942448906,-0.0007076764701445738
1778454714796294692,0.28940742745542647,-0.11447488484273557,9.33515201803859,0.0007233571626429694,0.0012837714771505027,0.001337631247036281
1778454714816442176,0.2892867078362329,-0.10847131529917531,9.329134464446524,0.0007233571626429694,0.0005338253141841942,0.0005876850840699673
1778454714837036623,0.2917410075996216,-0.11804531861260312,9.32920685791176,-0.0032990813478127115,-0.001988720870338863,-0.0017985072526410305
1778454714857415811,0.28562920412987913,-0.12042712775816522,9.320729272458822,-0.004117204434685055,0.0024427791835529913,-0.00036679185061443175
1778454714878695091,0.28176619733780217,-0.10483471932542188,9.308625290909635,-0.0004356505437595141,-0.003079551652835317,0.0015421620187543662
1778454714898681242,0.2818460401263264,-0.11920236682478016,9.30867824535338,-0.002344604413128313,0.00032929454246610756,-0.001184914937486774
1778454714919182448,0.2735780304326749,-0.12163634362920406,9.316950939271123,-0.0031627275000006526,-0.00028429777268815237,0.001064923551412167
1778454714939942803,0.28668754452981193,-0.09169302853347538,9.3218410066708,0.0007233571626429694,0.001079240705432423,0.0011331004753181951
1778454714960230102,0.28556513881177836,-0.11204259009977402,9.319499284518534,0.0002461186953007701,-0.00014794392487608998,-0.00043496877452046034
1778454714980761789,0.2917560276187473,-0.11446022663862795,9.331591814997026,-0.0009128890111017134,0.000465648390278163,-0.00016226107889634597
1778454715001102625,0.28793883833534506,-0.09768074409890126,9.323080714121833,-0.0010492428589137705,0.0012837714771505027,0.0015421620187543662
1778454715021688017,0.2795816639633468,-0.10607737104169912,9.322981787454424,-0.0013219505545378832,0.002306425335740936,0.000792215855788053
1778454715042209371,0.2844005393455892,-0.0965037224715668,9.327817056889817,-9.476592422937198e-05,0.001692833020586676,0.002360285105626708
1778454715062592318,0.28563605568069883,-0.09650832819602562,9.33023379783739,-0.002208250565316254,0.0006020022380902185,0.00017862354063379613
1778454715083206821,0.28450946673595756,-0.11924908772845189,9.326701803577647,-0.003776319815154909,-0.00021612084878212118,-0.0005713226223325175
1778454715103588416,0.28798864108561795,-0.1192185755462099,9.318363754395047,0.0003142956192067996,-0.00028429777268815237,0.0003831543123518819
1778454715124442437,0.27272825741279616,-0.1061588551087762,9.346852472908232,0.0010642417821731132,-0.0010342439356544608,-0.0005713226223325175
1778454715144723181,0.27472952075255264,-0.10966449982043208,9.318124453667473,-0.0005720043915715713,0.0011474176293384472,0.0017466927904724518
1778454715165104887,0.2820085920125964,-0.10129395670706515,9.326598520020221,-0.003776319815154909,0.0017610099444927071,-0.0026848072634194004
1778454715185739445,0.27952253932325144,-0.10486983723212268,9.319380081039808,-0.002208250565316254,0.001965540716210787,-0.0022757457199832297
1778454715206168133,0.2687694323766622,-0.09533179285612697,9.326372457903586,-9.476592422937198e-05,-0.00028429777268815237,-0.00016226107889634597
1778454715226609802,0.2807447485269403,-0.10247983504002178,9.321787996246757,4.1587923582685205e-05,-0.0027386670333051748,-0.0016621534048289733
1778454715247027323,0.28557179237748864,-0.11323989405805396,9.319503697388845,0.0006551802387369417,-0.0009660670117484366,0.0012012773992242237
1778454715267568270,0.28215421300692645,-0.1180664419742797,9.330257593748897,-0.0017991890218800842,0.00012476377074802092,0.0018830466382845088
1778454715288117773,0.28671662913165596,-0.10007074629100216,9.320672798914885,-0.0005720043915715713,-0.0025341362615870916,0.0011331004753181951
1778454715308498887,0.28079474926232273,-0.098901562966911,9.326571149028227,-0.0007765351632896562,0.0006701791619962497,0.0015421620187543662
1778454715328943389,0.2747994821850661,-0.10967813962216083,9.322920845059878,-0.0005038274676655435,-0.002806843957211206,-0.0007076764701445738
1778454715349400577,0.2758975459941516,-0.11324396766756961,9.314558943985475,-0.002208250565316254,0.0003974714663721318,-0.0005713226223325175
1778454715369956524,0.28936997640016704,-0.11087956301746377,9.333939681579553,0.00010976484748871293,0.0012155945532444784,-0.001525799557016916
1778454715390393490,0.28067155930412646,-0.0893094914989434,9.321739454673322,-0.002549135184846396,-0.0017841900986207762,-0.0012530918613928017
1778454715410853677,0.2795001082871177,-0.09768942343287573,9.320552701666037,-0.0019355428696921397,0.0022382484118349047,-0.0005713226223325175
1778454715431244347,0.2924761550998288,-0.09403223621238882,9.306354286642957,-0.002685489032658455,0.0018973637923047626,0.0008603927796940812
1778454715451795812,0.2713402685325368,-0.11330056367924243,9.331272132853414,-0.0009128890111017134,-0.00014794392487608998,-0.0010485610896747168
1778454715472249111,0.290180026010893,-0.09405712426779311,9.313511783228826,-0.003980850586872996,-0.00028429777268815237,-0.00016226107889634597
1778454715492644077,0.2843397018177889,-0.10127588855252528,9.321839219130556,-0.002344604413128313,-0.0004206516205002078,0.0005195081601639387
1778454715513158153,0.28435300894920956,-0.103670496469085,9.321848044871182,-0.003435435195624767,-0.0006251823922182945,-0.0009122072418626596
1778454715533893619,0.29287576501266877,-0.11563826666834126,9.325619283878204,-0.003026373652188597,0.001420125324962565,0.0021557543339086227
1778454715554101436,0.28804700827441565,-0.11085790754084401,9.325527451391473,-0.002344604413128313,0.001965540716210787,-0.0010485610896747168
1778454715574704254,0.27609563806286674,-0.13002668278608065,9.321815311258455,-0.003435435195624767,-0.0012387747073725475,0.0003149773884458533
1778454715595117164,0.28569442286949653,-0.08814766019065984,9.337397494833814,0.0002461186953007701,0.001420125324962565,-0.0032302226546676283
1778454715615728407,0.29046975309695755,-0.10846569117233756,9.327953911849791,-0.005208035217181509,-0.0013069516312785787,-0.0016621534048289733
1778454715636012799,0.285558485246068,-0.11084528614149419,9.31949487164822,-0.004117204434685055,0.0011474176293384472,0.000792215855788053
1778454715656532505,0.2722851023451748,-0.11444450420463392,9.313308623253574,-0.0021400736414102263,0.0012837714771505027,-0.002071214948265144
1778454715676893119,0.28445719364668187,-0.0941227543567359,9.332604622541599,-0.0009810659350077428,-0.0010342439356544608,-0.00016226107889634597
1778454715697417751,0.28562103566157326,-0.10009342017000084,9.327848840752123,0.0009960648582670838,-0.0009660670117484366,-0.004116522665446
1778454715717869272,0.29046309953124716,-0.10726838721405774,9.327949498979478,-0.003026373652188597,-0.003011374728929289,-0.00029861492670840315
1778454715738244589,0.2819635319552195,-0.11204923262899069,9.319443648764421,-0.002685489032658455,-0.001102420859560492,0.0005195081601639387
1778454715758951518,0.2796481996204504,-0.11805041062449767,9.323025916157546,-0.0027536659565644828,0.0017610099444927071,-0.00016226107889634597
1778454715780120410,0.284483609924414,-0.12402807371027474,9.32312216151459,-0.004798973673745339,-0.000488828544406239,0.0012012773992242237
1778454715800187134,0.2940671767268087,-0.11085024660924842,9.326819275496426,-0.0017310120979740565,-0.00035247469659417663,-0.0013212687852988303
1778454715820768933,0.2987542977123302,-0.1215830260238231,9.314942193853701,-0.0011855967067258277,-0.0022614285659629772,-0.001525799557016916
1778454715841373158,0.27241096062748316,-0.10250897407658943,9.32645457087957,-0.0037081428912488813,0.0034654330421434176,0.0006558620079759958
1778454715861676161,0.2927542879421775,-0.10006649530983874,9.32316372086794,-0.0024809582609403684,-0.0017841900986207762,0.0020875774100025946
1778454715882147941,0.29668060260105766,-0.11447523958603104,9.34005968093922,-0.0015264813262559698,0.0005338253141841942,-0.00043496877452046034
1778454715902872518,0.2808529184660109,-0.11565699848196459,9.324234733516395,0.0007915340865489989,0.0018291868683987314,-0.00016226107889634597
1778454715923033520,0.28557274781389586,-0.09769199235257675,9.325441819315296,-0.003503612119530798,0.0016246560966806448,-0.00036679185061443175
1778454715943542523,0.2881228658213416,-0.10250064948591037,9.333890246235997,-0.0021400736414102263,-0.0007615362400303499,-9.408415499031781e-05
1778454715964350877,0.2830258575967505,-0.10604003895859276,9.312245542575624,-0.0015264813262559698,-0.00021612084878212118,0.0021557543339086227
1778454715984713787,0.27577017280924776,-0.10604309416572949,9.308536977523094,-0.001458304402349942,-0.001988720870338863,0.0024966389534387652
1778454716005151734,0.27699238201293663,-0.1036530919736286,9.310944892730042,-0.0024127813370343407,0.0008747099337143363,-0.0015939764809229447
1778454716025832793,0.28082877454217225,-0.11445628457325258,9.32303122279798,-0.0007765351632896562,-0.0004206516205002078,-0.0010485610896747168
1778454716046192869,0.28077801635549215,-0.10846635483142109,9.321810060598319,-0.003980850586872996,-0.0006251823922182945,-0.002957514959043515
1778454716066746742,0.2806479748464761,-0.12279308292559307,9.307473840864844,-0.0021400736414102263,0.0008065330098083051,-0.0005713226223325175
1778454716087423837,0.2806898071135526,-0.09888110326431787,9.319376561939617,-0.0005038274676655435,-0.0010342439356544608,0.0015421620187543662
1778454716107622562,0.27703572918260866,-0.09887751594223798,9.315723632641202,-0.002208250565316254,0.0008747099337143363,-2.5907231084289217e-05
1778454716128167954,0.2832364993455885,-0.11564916017872129,9.323072726171034,-0.0029581967282825694,0.0017610099444927071,-0.0006394995462385453
1778454716148822882,0.29629752760993877,-0.10842052078598796,9.31605565962563,-0.0032309044239066838,0.003601786889955473,-0.0017303303287350019
1778454716169088514,0.28441213358930495,-0.10487803027866138,9.3254497512858,-0.002549135184846396,-0.00035247469659417663,-2.5907231084289217e-05
1778454716189548702,0.29177523086458057,-0.10848393669852513,9.33516704418977,-0.0036399659673428536,0.0018973637923047626,0.000792215855788053
1778454716210316909,0.2842798197263957,-0.09050015292800662,9.321799503297747,-0.0021400736414102263,0.0013519484010565339,0.000792215855788053
1778454716230674800,0.2868523687699752,-0.10248922386058718,9.32907530959222,-0.0017991890218800842,0.001079240705432423,-0.0015939764809229447
1778454716251124803,0.28903443180542787,-0.09765807021990258,9.315904672284596,0.00010976484748871293,-7.976700097006573e-05,-0.00023043800280237456
1778454716271549898,0.2856109563204531,-0.11085551599279075,9.323092165192525,-0.0015264813262559698,0.00026111761856007637,0.0005876850840699673
1778454716292027697,0.2794501075517354,-0.10126769550598658,9.315769548884568,-0.0021400736414102263,0.0003974714663721318,-0.00023043800280237456
1778454716312459792,0.27484111646703313,-0.11088226348130509,9.325323453626396,-0.002208250565316254,0.0027154868791771022,0.0014058081709423095
1778454716333178461,0.27989971819995774,-0.11929545388882815,9.339817698901282,-0.002549135184846396,0.0012837714771505027,0.0009967466275061384
1778454716353458890,0.278431886531174,-0.11206951495993611,9.324184404402718,-0.0013219505545378832,0.000465648390278163,-0.0021393918721711726
1778454716374012985,0.27724959872174715,-0.12164334090171613,9.32180296641764,-0.0015264813262559698,-0.0015114824029966618,0.0002468004645398247
1778454716394720191,0.2915235142999639,-0.13235499695461408,9.30887514893778,-0.0012537736306318555,0.0013519484010565339,-0.004184699589352027
1778454716414953638,0.2711646074999555,-0.10369826235997825,9.322843144954206,-0.0024127813370343407,0.0012155945532444784,-0.00043496877452046034
1778454716435426974,0.29298317750044167,-0.11924722829534176,9.331628011729647,-0.0013219505545378832,0.0017610099444927071,-9.408415499031781e-05
1778454716456285829,0.2845030111553566,-0.09293568024975263,9.33619750321559,-0.0009810659350077428,-0.0005570054683122633,4.2269692821739376e-05
1778454716476555146,0.27366795256231946,-0.12524189530577234,9.321760569274467,-0.0024127813370343407,-0.000488828544406239,-0.0007758533940506024
1778454716497023611,0.27619810987263416,-0.12645864056426645,9.33019575758423,-0.0033672582717187392,0.0009428868576203606,-0.0010485610896747168
1778454716517528651,0.27483522035262054,-0.11925316133796754,9.321757050174275,-0.0043899121303091655,0.0013519484010565339,4.2269692821739376e-05
1778454716538018987,0.28421232863288504,-0.09407501505068527,9.315817252668177,-0.003912673662966968,-0.0017160131747147485,-0.0007758533940506024
1778454716558482064,0.29283014548910347,-0.0917092372549051,9.331526515712467,-0.00425355828249711,0.001420125324962565,0.0019512235621905374
1778454716579510270,0.2903948509864387,-0.10127504752179411,9.325529238931715,0.0003142956192067996,0.0016246560966806448,0.0015421620187543662
1778454716599604773,0.29177694375228547,-0.10250423680799031,9.337543175534412,-0.002276427489222285,0.00026111761856007637,0.0002468004645398247
1778454716620060460,0.27605420176600903,-0.10370645540651696,9.328912815200198,-0.0017310120979740565,0.0012837714771505027,0.0016785158665664232
1778454716640692130,0.27462876183049023,-0.10725284215171149,9.312120138686343,-0.003503612119530798,0.0021018945640228492,-0.0007758533940506024
1778454716661043095,0.2880686818592516,-0.10847011952514868,9.327916821347051,-0.0016628351740680287,-0.000488828544406239,-0.002752984187325429
1778454716681504987,0.28325151936471415,-0.11206406820474607,9.325457683256303,-0.003503612119530798,-0.00035247469659417663,-0.0006394995462385453
1778454716702655600,0.28088714173096985,-0.10609561656788669,9.330194919794405,-0.0013901274784439144,0.0008065330098083051,-0.00036679185061443175
1778454716722975603,0.28803864182100036,-0.11564030347309912,9.323146907176517,-0.003026373652188597,-0.0022614285659629772,0.0036556466598412496
1778454716743349865,0.2785959533200395,-0.1132975084721057,9.334980697905943,-0.0037081428912488813,0.003601786889955473,0.0008603927796940812
1778454716764289071,0.2903773606283103,-0.10127163757136193,9.324330141083612,-0.001867365945786112,0.00237460225964696,0.0005876850840699673
1778454716784637296,0.27587682784572276,-0.10008385397778774,9.318107695956346,-0.0026173121087524273,0.001965540716210787,-0.0005713226223325175
1778454716805006391,0.2783894947979092,-0.10129718928584963,9.32534378641801,-0.0024809582609403684,0.0010110637815263918,-0.002071214948265144
1778454716826013486,0.2856027878521471,-0.09052180840462637,9.330211733485829,-0.0024809582609403684,-0.001988720870338863,0.0003149773884458533
1778454716846240896,0.2953243666467543,-0.10846706431801195,9.331625386399578,-0.004935327521557394,-0.0004206516205002078,-0.00016226107889634597
1778454716866702473,0.2809561477270761,-0.12165715807509261,9.329053189260362,-0.0013219505545378832,-0.0012387747073725475,0.0028375235729689078
1778454716887404809,0.2819610616162167,-0.10846073070458334,9.320629508001588,-0.0007765351632896562,0.0015564791727746205,0.00011044661672776797
1778454716907856738,0.285496132815672,-0.09648104859256812,9.320641015052578,-0.002276427489222285,0.0003974714663721318,-0.0022757457199832297
1778454716928327185,0.2808021602793308,-0.1096670687401331,9.32301357131673,-0.005139858293275481,0.0012155945532444784,-0.000844030317956631
1778454716949125095,0.27836363798636554,-0.10607617526767243,9.321764144354953,-0.0024127813370343407,0.00032929454246610756,-0.0006394995462385453
1778454716969530856,0.2772421877047391,-0.11087783512849397,9.325360544129136,-0.0016628351740680287,-0.00021612084878212118,-0.0028211611112314576
1778454716990234526,0.2735447626041232,-0.11564982383780481,9.316928874919563,0.0002461186953007701,-0.0004206516205002078,-0.000844030317956631
1778454717010431343,0.26887684486443497,-0.09894075448312745,9.33238118575503,-0.0001629428481353997,-0.0016478362508087208,-0.00036679185061443175
1778454717031011346,0.28325570259142174,-0.10967287023861855,9.326647955363779,-0.00023111977204142917,0.002033717640116818,-0.0005031456984264889
1778454717051459626,0.2844296239474333,-0.10488144022909357,9.326648849133901,-0.0031627275000006526,0.0018291868683987314,-0.00023043800280237456
1778454717071944536,0.2892732027197028,-0.13119281090303508,9.31962552619764,-0.001458304402349942,-0.0017841900986207762,-0.0007076764701445738
1778454717092396224,0.2676802944871802,-0.12166787421382491,9.324052800102878,-0.0009810659350077428,-0.001988720870338863,0.0003831543123518819
1778454717112924189,0.2806314399247549,-0.1072417712696837,9.312212864943195,-0.0007083582393836284,-0.0015114824029966618,-0.001184914937486774
1778454717133310896,0.28094873671006804,-0.11089165230187042,9.332610766971857,-0.003026373652188597,0.0003974714663721318,-0.003775638045915856
1778454717153885083,0.28335570406218646,-0.10251632609239703,9.336214260926718,-0.0028900198043765417,0.000465648390278163,-0.0017303303287350019
1778454717174341160,0.2821243709537845,-0.10012052240181063,9.33498779208662,-0.002549135184846396,0.001965540716210787,-0.0015939764809229447
1778454717194697088,0.28094702382236314,-0.11687135219240544,9.330234635627216,-0.0008447120871956856,-0.0012387747073725475,-0.00029861492670840315
1778454717215226239,0.28062155856874405,-0.09288776357205425,9.316956301891853,-0.0007083582393836284,-0.00021612084878212118,-0.0021393918721711726
1778454717236101575,0.2891152300303592,-0.09647781601378369,9.321895748654791,-0.002549135184846396,0.0012155945532444784,0.0005876850840699673
1778454717256380652,0.28663164768001703,-0.10364219846324857,9.313491450437212,-0.0026173121087524273,0.0025109561074590156,0.0031102312685930217
1778454717276850877,0.26863026696293313,-0.1048727150676117,9.313217684536967,-0.00568527368452371,0.0012837714771505027,0.0005876850840699673
1778454717297312527,0.29293907287947185,-0.11445460251179021,9.330411262400297,-0.002208250565316254,0.001079240705432423,-0.0024802764917013147
1778454717317835419,0.2831150222750971,-0.10007738882021883,9.320617163160774,-0.0028218428804705105,-0.0005570054683122633,-0.0009122072418626596
1778454717338427995,0.2736639673207212,-0.10251698975148044,9.330070409675246,-0.0017991890218800842,-1.1590077064034532e-05,0.0002468004645398247
1778454717358824887,0.2915527968869174,-0.11561661119172151,9.31720705369012,-0.0013219505545378832,0.0006701791619962497,0.0007240389318820244
1778454717379283075,0.2798080831826083,-0.12166960210279473,9.332631937553296,4.1587923582685205e-05,0.0012155945532444784,-0.001525799557016916
1778454717399762911,0.29136801194962303,-0.10122850398977012,9.309959512157763,-0.003980850586872996,0.0014883022488685893,-0.00036679185061443175
1778454717420687802,0.2854852960232541,-0.09767494260041581,9.319446330074786,0.0009960648582670838,0.0028518407269891577,0.0004513312362579105
1778454717440729693,0.27719561274476656,-0.10249670742053502,9.32532965403695,-0.0017991890218800842,0.002033717640116818,0.0021557543339086227
1778454717461205474,0.2821150490639621,-0.12045082003954283,9.326669125945218,-0.0020718967175041986,-0.0024659593376810604,-0.00023043800280237456
1778454717482368939,0.27361225369763387,-0.1120749617151261,9.322911125549133,-0.0007083582393836284,-0.0025341362615870916,-0.0005031456984264889
1778454717502482238,0.29157447047175344,-0.11322882317602617,9.319596423645697,-0.0009810659350077428,-0.0011705977834665197,-0.0007758533940506024
1778454717522964093,0.2917552701674495,-0.10489202482368559,9.335153805578834,-0.002208250565316254,0.0006701791619962497,-0.0006394995462385453
1778454717543430466,0.2808080563937434,-0.1012961708834707,9.326579974768851,-0.0024809582609403684,-0.0013751285551846064,-0.0018666841765470582
1778454717563844727,0.2844537678712721,-0.10608215413780564,9.327852359852313,-0.002208250565316254,-0.0006933593161243187,-0.0015939764809229447
1778454717584339897,0.2842813346289912,-0.10963655655789112,9.314675522134133,-0.0015946582501619976,0.0007383560859022739,0.0016785158665664232
1778454717605000510,0.28678164988616406,-0.09290738224391615,9.327840908781619,-0.0004356505437595141,-0.0008978900878424054,0.0008603927796940812
1778454717625390902,0.28694551868992013,-0.11925147927650517,9.32913708977659,-0.002208250565316254,-0.001102420859560492,-0.0014576226331108875
1778454717645888645,0.29403637923725967,-0.10845222874225657,9.325611351907702,0.0010642417821731132,-0.00021612084878212118,0.0004513312362579105
1778454717666660481,0.28915096819791364,-0.10605283772959029,9.320731953769187,-0.0008447120871956856,0.0010110637815263918,-0.0009803841657686882
1778454717686955428,0.28420224929176474,-0.10483711087347514,9.311060577108579,-0.0013219505545378832,-0.0013751285551846064,-0.0020030380243591154
1778454717707376542,0.2880728650859592,-0.10607892155902116,9.329107093454528,-0.003435435195624767,-7.976700097006573e-05,0.0005876850840699673
1778454717727969452,0.29387896601410446,-0.10842153918836689,9.314819471274786,-0.0027536659565644828,-0.00035247469659417663,-0.0005713226223325175
1778454717748375158,0.29410709812107083,-0.1180340703589276,9.326845752718299,-0.0004356505437595141,0.0018291868683987314,-0.0011167380135807454
1778454717769227661,0.28415149110508464,-0.0988471811316437,9.309839414908916,-0.002685489032658455,0.00019294069465405211,0.00017862354063379613
1778454717789584478,0.28550848451068567,-0.11442355821460504,9.314711718866752,0.000587003314830914,5.6586846841989724e-05,-0.001525799557016916
1778454717810086481,0.2771672855942202,-0.10368719147795047,9.322935871211058,-0.0019355428696921397,-0.00035247469659417663,0.0006558620079759958
1778454717830508150,0.2878472033179956,-0.10005489231286785,9.315894952773851,-0.0019355428696921397,0.0011474176293384472,0.0004513312362579105
1778454717850966523,0.28794206612564555,-0.11083744783825089,9.318332864302862,-0.0019355428696921397,0.00019294069465405211,4.2269692821739376e-05
1778454717871562562,0.2893384214593202,-0.0989133433355297,9.336293748572634,-0.0024127813370343407,0.001965540716210787,0.0015421620187543662
1778454717891909084,0.29163873377496363,-0.09649725731399789,9.330326524094243,-0.0028218428804705105,-0.0006933593161243187,-0.0005713226223325175
1778454717912283327,0.2759133234645751,-0.11922707750853667,9.313381910488935,-0.0013219505545378832,-1.1590077064034532e-05,-0.0010485610896747168
1778454717932615515,0.28554764845365,-0.11203918014934183,9.318300186670433,-0.0002992966959474569,0.0021018945640228492,0.000792215855788053
1778454717953245351,0.2915944311688845,-0.11682073505086576,9.319609662256635,-0.001458304402349942,-0.0021250747181509183,-9.408415499031781e-05
1778454717973629316,0.2917084972223677,-0.12162700063614607,9.325622802978392,-0.0005720043915715713,-0.003079551652835317,-0.003775638045915856
1778454717994070208,0.2876915029825453,-0.09404450286844324,9.307479203485576,-0.0013219505545378832,-0.0036931439679895733,-0.0015939764809229447
1778454718014686229,0.2725940326770726,-0.12287678116907572,9.331325981067282,-0.0028218428804705105,-0.0027386670333051748,-0.0007076764701445738
1778454718034976102,0.2927675950735982,-0.10246110322639845,9.323172546608564,-0.0019355428696921397,0.00298819457480122,-0.0017303303287350019
1778454718055483289,0.28451536285037016,-0.11087818987178943,9.330268207029766,-0.0024127813370343407,5.6586846841989724e-05,-0.00043496877452046034
1778454718076521699,0.27813208010398927,-0.10842304387818147,9.304985600222157,0.0002461186953007701,0.0012155945532444784,-0.0009803841657686882
1778454718096671165,0.2773262137199709,-0.12285428466172477,9.326603770680359,-0.00036747361985348635,0.0008065330098083051,-0.0006394995462385453
1778454718117234260,0.28083961133459023,-0.11326239056540488,9.32422590777577,-0.0021400736414102263,-0.0008978900878424054,0.0016103389426603948
1778454718137817188,0.28205022629456344,-0.10249808056620935,9.329001128586738,-0.003435435195624767,0.002033717640116818,0.0033829389642171357
1778454718158189228,0.27599165135050374,-0.11445832137801037,9.320558846096295,-0.0002992966959474569,-0.0014433054790906341,0.0002468004645398247
1778454718178637360,0.2842246803278985,-0.11201752467272208,9.309887956482351,-0.0007083582393836284,0.0008747099337143363,-2.5907231084289217e-05
1778454718199404863,0.285506014171683,-0.11083505629019763,9.315897578103918,-0.00036747361985348635,0.0006701791619962497,0.0028375235729689078
1778454718219647291,0.27726043551416524,-0.1204494468938685,9.32299765139543,-0.0020718967175041986,-0.0017841900986207762,-0.0020030380243591154
1778454718241277442,0.2757502121121167,-0.10245118229088995,9.308523738912157,-0.0028218428804705105,-1.1590077064034532e-05,0.0014058081709423095
1778454718262060648,0.2940070966503061,-0.12519061450514923,9.31727944715536,-0.0017991890218800842,-0.0006251823922182945,0.002360285105626708
1778454718282329836,0.29149861292482737,-0.12158608123095979,9.31123362880117,-0.00425355828249711,-0.0004206516205002078,-0.00016226107889634597
1778454718302790765,0.27820622476321033,-0.10604548571378275,9.310972263722038,-0.0007765351632896562,0.00032929454246610756,0.0018148697143784802
1778454718323495656,0.2795858471900545,-0.1036861730755716,9.324172059561903,-0.003026373652188597,-7.976700097006573e-05,-0.0017303303287350019
1778454718343818899,0.28582235552058877,-0.13003283902786159,9.33035735820613,-0.0017991890218800842,0.0013519484010565339,-0.0017985072526410305
1778454718364273513,0.28894012846396633,-0.12155982002988122,9.300404657665519,-0.0001629428481353997,-0.0016478362508087208,0.0012694543231302523
1778454718384630627,0.2882285654214095,-0.11208931100344577,9.3375228427428,-0.0011174197828198,-0.00014794392487608998,-0.0006394995462385453
1778454718405172055,0.2902381952145813,-0.11081255978284665,9.311175367716992,-0.003094550576094625,-1.1590077064034532e-05,-0.0026848072634194004
1778454718425676280,0.2868181455050163,-0.11205060577466502,9.323115123314208,-0.0019355428696921397,-0.0014433054790906341,-0.00023043800280237456
1778454718446492449,0.2867373472800848,-0.11323085998078403,9.317124046944013,-0.0009128890111017134,0.001692833020586676,-0.0010485610896747168
1778454718467044600,0.28445870854927746,-0.11325915798662045,9.325480641377984,-0.0020718967175041986,-0.0012387747073725475,0.00011044661672776797
1778454718487309177,0.26278253175282074,-0.10132597357912176,9.325102698150191,-0.0032309044239066838,0.0018291868683987314,0.0017466927904724518
1778454718508287179,0.2771355326682641,-0.11683707531643578,9.315789825695886,-0.003980850586872996,-0.002329605489869005,0.0014739850948483377
1778454718528732071,0.2867548376382132,-0.11323426993121621,9.318323144792114,-0.002003719793598171,0.0018973637923047626,0.001337631247036281
1778454718549129481,0.28935153060563146,-0.1264240547725088,9.326802461805002,-0.0021400736414102263,0.001420125324962565,-0.000844030317956631
1778454718569625687,0.2975946389241465,-0.11322116224443063,9.320888247750654,-0.000640181315477599,-0.00014794392487608998,-0.0036392841981038
1778454718590153189,0.28446631755139495,-0.09890856023942307,9.331423176174745,-0.0016628351740680287,0.0012155945532444784,0.0028375235729689078
1778454718610710692,0.28204185984114816,-0.1072804764984644,9.326620584371783,-0.0037081428912488813,-0.0005570054683122633,-0.004184699589352027
1778454718631011102,0.27729788656942456,-0.12404476871914022,9.324209987854468,-0.0032309044239066838,-0.0008978900878424054,0.0004513312362579105
1778454718651607827,0.2806580541875964,-0.11203098710280313,9.312230516424444,-0.003571789043436826,0.0008747099337143363,0.0008603927796940812
1778454718671980922,0.27951341541853836,-0.10008403134943544,9.320561527406662,-0.00023111977204142917,-0.00021612084878212118,-0.0017985072526410305
1778454718692653554,0.2891844340115748,-0.08692325400057016,9.330254130629005,-0.00036747361985348635,-0.0010342439356544608,0.0011331004753181951
1778454718713110112,0.28204680051915354,-0.1144574803472792,9.324248865897452,-0.0011855967067258277,-0.00021612084878212118,-0.002207568796077201
1778454718733581689,0.28094949416136583,-0.12045985411681279,9.329048776390051,-0.00023111977204142917,0.0003974714663721318,-0.00016226107889634597
1778454718754081988,0.2783269443824039,-0.11204905525734299,9.31698981731411,-0.0029581967282825694,5.6586846841989724e-05,-0.00023043800280237456
1778454718774484990,0.27604165208588616,-0.11088004930489953,9.325341998877766,-0.002685489032658455,-0.0013751285551846064,0.000792215855788053
1778454718794989252,0.27834861796723986,-0.10966126724164765,9.319379187269686,0.001132418706079141,0.00019294069465405211,0.0012012773992242237
1778454718815456144,0.27825546804729495,-0.09289901182572974,9.319317407085315,4.1587923582685205e-05,-1.1590077064034532e-05,-0.0009122072418626596
1778454718835985331,0.28671834201936097,-0.09409104640046728,9.323048930259525,-0.004117204434685055,-0.00028429777268815237,-0.0005031456984264889
1778454718856745834,0.2829551387129392,-0.09645819734192174,9.311011141765023,-0.0008447120871956856,0.0005338253141841942,-0.0017303303287350019
1778454718876994448,0.27246000592645836,-0.1144786037089558,9.32529960173459,-0.0004356505437595141,-0.0012387747073725475,-0.0025484534156073432
1778454718897593283,0.2797972463901903,-0.12286349611064243,9.331437252575506,0.0006551802387369417,-0.000488828544406239,-0.0014576226331108875
1778454718918069082,0.28935324349333646,-0.12044435488197394,9.329178593149646,-0.0015264813262559698,-0.001102420859560492,0.00017862354063379613
1778454718938567696,0.2830640661033077,-0.1192035625988068,9.309895888452854,-0.0028900198043765417,0.0010110637815263918,0.0022921081817206795
1778454718959043828,0.278338736611229,-0.09530725954401814,9.324122624218347,-0.002549135184846396,0.0012837714771505027,0.0002468004645398247
1778454718979425423,0.29287994823937646,-0.11324706870221374,9.32680955598568,-0.002685489032658455,-0.00014794392487608998,0.0028375235729689078
1778454718999932315,0.2868040809222978,-0.10008779604316309,9.326668288155393,-0.0017310120979740565,0.0027154868791771022,-0.000844030317956631
1778454719020601706,0.28324486579900376,-0.11086676424646624,9.32545327038599,-0.0013219505545378832,0.0009428868576203606,-0.00016226107889634597
1778454719040943672,0.2796932596778273,-0.10729513470257207,9.330180787413347,-0.0017991890218800842,5.6586846841989724e-05,0.000792215855788053
1778454719061383508,0.2889511632414936,-0.09524982250161412,9.311099455151563,-0.0010492428589137705,0.0003974714663721318,0.0009967466275061384
1778454719081899677,0.28171619660241976,-0.10841299139853267,9.303842138128166,-0.002344604413128313,0.002033717640116818,0.0014058081709423095
1778454719102676124,0.2807514020926507,-0.10367713899830167,9.32179240911707,-0.0013901274784439144,0.00298819457480122,-0.0017303303287350019
1778454719123048219,0.28689723084224283,-0.11685005145908106,9.326730068339764,-0.0012537736306318555,0.0030563714987072443,-0.00023043800280237456
1778454719143541166,0.2761140838574022,-0.11448219103103571,9.328952531033007,-0.003571789043436826,0.0007383560859022739,-0.0007076764701445738
1778454719163954187,0.29399721529429534,-0.11083660680751967,9.322022884104019,0.00010976484748871293,-0.0016478362508087208,0.00017862354063379613
1778454719184484301,0.2723134294957211,-0.11325402014721847,9.315702406079465,-0.002276427489222285,0.0016246560966806448,0.0005876850840699673
1778454719204997007,0.28430300821382726,-0.10724876854219578,9.317064892089713,-0.002208250565316254,0.00032929454246610756,-0.00023043800280237456
1778454719225520472,0.27598918101150105,-0.11086981945360297,9.32174470533346,-0.00023111977204142917,0.002306425335740936,0.0031102312685930217
1778454719245933475,0.2782912062148494,-0.10247403354153634,9.318153612199712,-0.0005038274676655435,0.0018973637923047626,0.002701169725156851
1778454719266474033,0.2783860690224993,-0.11325658906691943,9.320591523728725,-0.002276427489222285,-0.000488828544406239,-0.0007758533940506024
1778454719286940073,0.27846762469872854,-0.12164453667574276,9.323020609517112,-0.001458304402349942,-0.000488828544406239,0.0007240389318820244
1778454719307313464,0.27846268402072305,-0.11446753282692806,9.325392327991445,-0.003776319815154909,-0.0013751285551846064,4.2269692821739376e-05
1778454719327824930,0.28188938729599844,-0.11442679079338952,9.313456985264539,-0.0013219505545378832,-0.00021612084878212118,-0.0032302226546676283
1778454719348779080,0.27715226557509454,-0.10727228345192569,9.320550914125793,-0.0020718967175041986,0.004283556129015757,-0.0026848072634194004
1778454719368952361,0.28308916546355356,-0.10485637480204163,9.317037521097719,-2.658900032334252e-05,0.003260902270425331,-0.002071214948265144
1778454719389430493,0.2821741737040575,-0.12165835384911924,9.330270832359833,-0.000640181315477599,0.0012837714771505027,-0.0005031456984264889
1778454719410011199,0.29166515005269567,-0.12640257666753674,9.320844063067234,-0.0024809582609403684,-0.0017160131747147485,0.0004513312362579105
1778454719430461220,0.2867082626782408,-0.1048531422232572,9.31829225469993,-0.002344604413128313,-0.0012387747073725475,-0.0017303303287350019
1778454719450925760,0.28210763804695393,-0.10968531426632067,9.330226703656711,0.002018718716857512,0.0021018945640228492,-0.0007076764701445738
1778454719471636151,0.27482191322119986,-0.11685855342140783,9.321748224433652,-0.002344604413128313,-0.0017841900986207762,-0.001389445709204859
1778454719492028024,0.2894439230742787,-0.13361810837348445,9.330426232571181,4.1587923582685205e-05,0.0011474176293384472,-0.0011167380135807454
1778454719512398101,0.28810442002680614,-0.11804514124095539,9.326753026461446,-0.0015946582501619976,0.0012155945532444784,0.003246585116405079
1778454719533168326,0.2822509866873907,-0.09775319408870847,9.34457174913081,-0.0011855967067258277,-0.001102420859560492,0.0031102312685930217
1778454719553257087,0.288064498632544,-0.1108613174912762,9.326726549239574,-0.0021400736414102263,-0.0007615362400303499,4.2269692821739376e-05
1778454719573938220,0.28309239325385405,-0.11801307854139129,9.312289671278746,-0.0007765351632896562,0.0018291868683987314,-0.00036679185061443175
1778454719594315407,0.28335817440118916,-0.10610482801680432,9.335028401689552,-0.0029581967282825694,-0.000488828544406239,-0.0016621534048289733
1778454719614749965,0.2831806024957936,-0.12759833010849453,9.314723169937446,-0.0013219505545378832,-0.0020568977942448906,0.001064923551412167
1778454719635203394,0.28923347931055,-0.09889288363293652,9.329099161484026,-0.0008447120871956856,0.001420125324962565,-0.0014576226331108875
1778454719655980582,0.2857556218783759,-0.1431759029654824,9.320813116994753,-0.0016628351740680287,0.00012476377074802092,-0.001525799557016916
1778454719676076843,0.2676346749636149,-0.09773884480038875,9.329960031937143,0.0007233571626429694,0.0018973637923047626,-0.00023043800280237456
1778454719696621161,0.2843737270976384,-0.11683061015886687,9.318299292900312,-0.0016628351740680287,0.0006020022380902185,-0.00023043800280237456
1778454719717374682,0.2735481883795331,-0.10369042405673495,9.321681137608847,-0.0015946582501619976,-0.0008978900878424054,0.00011044661672776797
1778454719737660795,0.27350559866115887,-0.1180342019030679,9.313340407115883,-0.0015264813262559698,0.0005338253141841942,0.001337631247036281
1778454719758270242,0.2821182768542626,-0.13360752377889246,9.321921276126245,-0.002208250565316254,-0.0023977824137750327,0.0006558620079759958
1778454719779059486,0.2783944354759146,-0.10847419313466433,9.32297206794368,-0.0007083582393836284,5.6586846841989724e-05,0.0011331004753181951
1778454719799435507,0.2868647204649888,-0.12043173348262404,9.323146013406394,-0.0037081428912488813,0.0010110637815263918,0.000792215855788053
1778454719819888935,0.28810270713910113,-0.12402484113149026,9.324376895116805,-0.0019355428696921397,0.001079240705432423,-0.00023043800280237456
1778454719840449827,0.2831224332921053,-0.11084289459344093,9.317059585449279,-0.0016628351740680287,-0.000488828544406239,-0.00016226107889634597
1778454719860848940,0.29168853652523663,-0.11803508876130653,9.325609564367456,-0.00036747361985348635,0.001420125324962565,4.2269692821739376e-05
1778454719881516184,0.28440300968459187,-0.1000922243959742,9.326631197652652,-0.0011174197828198,-0.0007615362400303499,0.000792215855788053
1778454719901995742,0.28689894372994773,-0.11087035156854613,9.329106199684405,-0.0013901274784439144,-0.0006251823922182945,0.0016103389426603948
1778454719922371930,0.28215497045822424,-0.12763464378922196,9.32669560316709,-0.0016628351740680287,0.00026111761856007637,0.0012012773992242237
1778454719942868154,0.2831657804617773,-0.10606731856205026,9.321838325360435,-0.004798973673745339,0.004283556129015757,-0.001525799557016916
1778454719963320898,0.2832714800618452,-0.11565598007958566,9.32547092186724,-0.0019355428696921397,-0.0010342439356544608,-0.00029861492670840315
1778454719983760826,0.2880194385751671,-0.1216165934132018,9.319571677983772,-0.0032309044239066838,0.0015564791727746205,0.0017466927904724518
1778454720004229903,0.278496907285682,-0.1049061509128501,9.331352514269454,-0.003503612119530798,-0.00021612084878212118,-0.0017985072526410305
1778454720024750609,0.2906537805829541,-0.11328559655934675,9.338763443963954,-0.0011174197828198,-0.0010342439356544608,0.0004513312362579105
1778454720045222926,0.27714979523609184,-0.10368378152751828,9.321736773362957,-0.0005038274676655435,-7.976700097006573e-05,0.0008603927796940812
1778454720066283484,0.28420567506717465,-0.09287771109240539,9.315812839797864,-0.0015946582501619976,0.0003974714663721318,4.2269692821739376e-05
1778454720086402431,0.2905995966208641,-0.11925506659858506,9.332790019075007,-0.0015264813262559698,0.0003974714663721318,0.0017466927904724518
1778454720106849823,0.2831707211397827,-0.11324432241086502,9.319466606886104,0.0006551802387369417,-0.0011705977834665197,0.00017862354063379613
1778454720127582881,0.28204604306785586,-0.10488927853233687,9.32781085647926,-0.0024809582609403684,0.002033717640116818,-0.0010485610896747168
1778454720148051217,0.2893199756647846,-0.11445783509057464,9.329156528798084,-0.002276427489222285,-0.0012387747073725475,-0.00043496877452046034
1778454720168395849,0.2845971165117087,-0.09415003396019345,9.342197405326411,-0.0026173121087524273,0.0027836638030831334,0.00017862354063379613
1778454720189122796,0.28429806753582176,-0.10007176469338108,9.319436610564042,-9.476592422937198e-05,-0.0012387747073725475,-0.00036679185061443175
1778454720209578095,0.28046490279688674,-0.10242527583310673,9.302602430677132,-0.002208250565316254,0.0014883022488685893,0.0024966389534387652
1778454720230144338,0.2723792077015269,-0.11565885791507469,9.319308525364393,-0.0013901274784439144,-0.00348861319627149,-0.00023043800280237456
1778454720250372137,0.27719047408165176,-0.12043580709213975,9.318201260003024,-0.0019355428696921397,0.0025109561074590156,-0.0005713226223325175
1778454720271051862,0.2962733836861,-0.10721980687727589,9.314852148907214,-0.003503612119530798,-0.0029431978050232614,0.002701169725156851
1778454720291432716,0.28330741621450906,-0.10011489827497289,9.333807239489891,-0.0017310120979740565,-0.00028429777268815237,0.00017862354063379613
1778454720312397200,0.2735898226615001,-0.10489454791587921,9.324083746175363,-0.002003719793598171,-0.0012387747073725475,-0.003093868806855572
1778454720332662758,0.2869504593679256,-0.1264284831253199,9.32676537130226,-0.001458304402349942,0.0009428868576203606,0.0006558620079759958
1778454720353130483,0.27988469818083206,-0.12288054586280336,9.337432741816015,0.0015414802495153125,-0.0006933593161243187,0.0014058081709423095
1778454720373558245,0.28563015956628635,-0.10487922605268807,9.326667394385272,-0.0037081428912488813,-0.00014794392487608998,0.002019400486096566
1778454720394232766,0.28309753191696885,-0.10007397886978664,9.319418065312671,-0.00023111977204142917,-0.0011705977834665197,0.003314762040311107
1778454720414553194,0.2892891781752356,-0.11205981722358271,9.327948605209357,-0.0032309044239066838,0.0009428868576203606,-0.002071214948265144
1778454720435135474,0.293956338463626,-0.1192006847633178,9.316058284955698,-0.0019355428696921397,5.6586846841989724e-05,-0.00036679185061443175
1778454720455571144,0.28322243476287,-0.1036863504472193,9.326625891012219,0.0010642417821731132,0.0008747099337143363,-0.0007758533940506024
1778454720476362998,0.29141307200699995,-0.09047322806784458,9.317114383413564,-0.0011174197828198,-0.00028429777268815237,0.0018830466382845088
1778454720496516575,0.2772246973466107,-0.11087442517806179,9.324161446281034,0.0001779417713947424,-0.0013069516312785787,-0.0009122072418626596
1778454720517111559,0.29409797421635775,-0.1132482644762404,9.32802719908515,0.0012005956299851704,-0.0017841900986207762,-0.0009122072418626596
1778454720537540024,0.2784284607557642,-0.12402891474100591,9.319432141713433,-0.0017991890218800842,0.0012155945532444784,-0.002071214948265144
1778454720558075101,0.28426061648056233,-0.0964764428681093,9.318224274105004,-0.0001629428481353997,0.0025109561074590156,-0.0005713226223325175
1778454720578480826,0.28678316478875954,-0.11204378587380065,9.320716927618006,-0.0009128890111017134,0.0030563714987072443,0.0005195081601639387
1778454720598874476,0.28319486506362146,-0.11444503631957709,9.32067011760452,-0.0011174197828198,-0.0006251823922182945,0.0009967466275061384
1778454720619444905,0.28561589699845846,-0.11803251984160551,9.320720446718196,-0.001867365945786112,0.0031245484226132755,0.0009967466275061384
1778454720639886907,0.2854877663622568,-0.10126344452482317,9.318260470837622,-0.003094550576094625,0.0021018945640228492,-0.00036679185061443175
1778454720660319465,0.2917094526587748,-0.10607909893066891,9.33156092490484,-0.001458304402349942,-0.0004206516205002078,0.0016785158665664232
1778454720680859301,0.2794875586069947,-0.1048630173312583,9.316981885343607,-0.002549135184846396,-0.0006251823922182945,-0.0007076764701445738
1778454720701282489,0.2784836001542613,-0.1025115429962904,9.331343688528829,-0.0020718967175041986,-0.0006251823922182945,0.0012012773992242237
1778454720722093603,0.2785077440781,-0.10371225690500246,9.332547199247244,-0.0029581967282825694,0.001079240705432423,-0.0006394995462385453
1778454720742407124,0.2880260921408774,-0.12281389737148163,9.319576090854085,-0.0002992966959474569,-0.00028429777268815237,-0.000844030317956631
1778454720763613793,0.29394474421991024,-0.1108263769562231,9.318425590559714,-0.0021400736414102263,-0.00035247469659417663,0.0005876850840699673
1778454720783511147,0.29299401429285965,-0.11805333428749412,9.332822696707437,0.0001779417713947424,-0.0007615362400303499,0.0004513312362579105
1778454720804138076,0.2881768517983222,-0.12164728296709151,9.330363558616687,-0.0009128890111017134,-0.001852367022526804,-0.0014576226331108875
1778454720824521763,0.27709979450070954,-0.10726205360062913,9.316953620581488,-0.002344604413128313,0.0016246560966806448,0.0009967466275061384
1778454720845344896,0.2963374490042009,-0.11560434453566709,9.316082136847502,-0.000640181315477599,0.00019294069465405211,0.0015421620187543662
1778454720865506546,0.28424559646143677,-0.10006153484208452,9.315839317019739,0.0010642417821731132,-0.0012387747073725475,-0.00043496877452046034
1778454720886088308,0.2797198739406688,-0.11208435053569149,9.330198438894596,-0.005003504445463422,0.0012837714771505027,-0.0010485610896747168
1778454720906766440,0.29261189473814797,-0.0964507137819739,9.314756797320294,-0.0017991890218800842,-1.1590077064034532e-05,-0.0007076764701445738
1778454720926889202,0.27476697180781207,-0.11325982164570392,9.31933679012651,-0.0037081428912488813,-7.976700097006573e-05,-9.408415499031781e-05
1778454720947420945,0.26977833150740105,-0.10486027103990958,9.309638936244031,-0.002276427489222285,-0.0006251823922182945,-0.002412099567795287
1778454720968283281,0.2915404451919039,-0.09767410156968459,9.323136349875943,0.00045064946701885676,0.0014883022488685893,0.0014058081709423095
1778454720988490598,0.2758526839218841,-0.09888314006907573,9.316904185237933,-0.0005038274676655435,-0.0023977824137750327,-0.0013212687852988303
1778454721008975601,0.2903756477406054,-0.1072513374618968,9.32195400973897,-0.0016628351740680287,-0.002329605489869005,0.0022921081817206795
1778454721029601178,0.27624811060801646,-0.1228803684911556,9.334978910365699,-2.658900032334252e-05,0.0006701791619962497,-0.002071214948265144
1778454721049942236,0.2843761974366411,-0.12041911208327422,9.317113433663147,-0.0031627275000006526,-0.0012387747073725475,0.0008603927796940812
1778454721070415331,0.286811491939306,-0.1108533018163852,9.323110710443895,-0.0013219505545378832,-0.0021932516420569495,4.2269692821739376e-05
1778454721091245889,0.28193691769237805,-0.10726001679587127,9.319425997283172,0.00010976484748871293,0.001079240705432423,-0.001184914937486774
1778454721111128447,0.2831716765761899,-0.09769642070538787,9.325404728812556,-0.0010492428589137705,-0.0006933593161243187,-0.00016226107889634597
1778454721131739098,0.28089455274797803,-0.11686112234110885,9.326637342082911,-0.0011855967067258277,0.0015564791727746205,-0.0012530918613928017
1778454721152250378,0.28067630199702254,-0.12160259886817756,9.309867623690735,-0.000640181315477599,0.003260902270425331,-0.0005031456984264889
1778454721172501029,0.2751182938729747,-0.1324644242842322,9.33619476592493,-0.0032990813478127115,0.0012155945532444784,0.0008603927796940812
1778454721192988513,0.28337319442031483,-0.10251973604282921,9.33741335877482,-0.0011174197828198,0.001420125324962565,0.001064923551412167
1778454721213706830,0.277124695875846,-0.11803096932428347,9.314595140718094,-0.0028218428804705105,0.0024427791835529913,-9.408415499031781e-05
1778454721234056832,0.2760633256707221,-0.1084922612892042,9.327731368833344,-0.0011855967067258277,0.00026111761856007637,0.0024284620295327367
1778454721254533316,0.2749002411071285,-0.11208979729088148,9.328925160041013,0.00045064946701885676,-0.004238559359237802,0.0016785158665664232
1778454721275267782,0.2758709317313103,-0.10845475183445014,9.314541292504227,-0.0027536659565644828,-0.0005570054683122633,4.2269692821739376e-05
1778454721295398895,0.29267006394183614,-0.11320614929702746,9.312420381808462,-0.003912673662966968,0.0015564791727746205,0.0016785158665664232
1778454721315971213,0.28178444514722834,-0.11440633109079637,9.306262398175928,-0.001458304402349942,-0.001988720870338863,-2.5907231084289217e-05
1778454721336780641,0.28689476050324003,-0.11326154953467374,9.327915927576926,4.1587923582685205e-05,-0.0013069516312785787,-0.0007076764701445738
1778454721356915014,0.2905579623388971,-0.11805094273944086,9.330387410508491,0.0009960648582670838,-0.00014794392487608998,0.005155538985773877
1778454721377368146,0.2808704088241393,-0.11566040843239678,9.325433831364498,-0.002276427489222285,0.0022382484118349047,-0.00023043800280237456
1778454721398137834,0.2902857256109609,-0.10364578578532851,9.317144379735629,-0.002208250565316254,0.002306425335740936,0.00011044661672776797
1778454721418372614,0.2760157952743425,-0.11565903528672244,9.321762356814709,-0.0024127813370343407,-0.00035247469659417663,-0.0012530918613928017
1778454721439031172,0.27709561127400184,-0.10965325156675665,9.315763348474011,-0.002685489032658455,0.000465648390278163,0.00017862354063379613
1778454721459399286,0.2746329450571978,-0.10486164418558397,9.31331041079382,-0.0015946582501619976,-0.000488828544406239,-2.5907231084289217e-05
1778454721479798363,0.27720644953718454,-0.10130281341268738,9.326524339014739,0.0006551802387369417,-0.0008297131639363811,0.0022239312578146513
1778454721500275754,0.2880203940115742,-0.1060686917077246,9.325509799910224,-0.003503612119530798,-0.003011374728929289,0.0014058081709423095
1778454721521817775,0.27472876330125484,-0.10009629800548986,9.32168644424928,-0.0024127813370343407,0.0014883022488685893,-0.00036679185061443175
1778454721541352555,0.2783801729080867,-0.12162748692358183,9.317025120276606,0.0007233571626429694,-0.001988720870338863,0.0024284620295327367
1778454721561843910,0.27482438356020256,-0.12044705534581518,9.320562365196487,-0.002549135184846396,-1.1590077064034532e-05,-0.0007758533940506024
1778454721582728709,0.2820177159173094,-0.10607976258975238,9.32541707365337,-0.0028900198043765417,-0.0012387747073725475,0.0012012773992242237
1778454721602926804,0.2906062501865745,-0.12045237055686495,9.33279443194532,-0.0007083582393836284,-0.0010342439356544608,0.0016785158665664232
1778454721623405880,0.27967234354428905,-0.11925112453320968,9.324229426875961,0.0010642417821731132,0.0008747099337143363,4.2269692821739376e-05
1778454721644314605,0.2653816950592417,-0.11810426034482183,9.332396155925913,-0.003980850586872996,-0.0006933593161243187,-0.00029861492670840315
1778454721664455145,0.276012567484042,-0.10250233154737276,9.326510206633682,-0.002276427489222285,0.0009428868576203606,-0.00029861492670840315
1778454721684896517,0.29294724134777783,-0.1347883100999545,9.323291694106993,-0.0028218428804705105,-0.0017841900986207762,0.0005195081601639387
1778454721705303205,0.2734324094383449,-0.10486385836198953,9.31329186554245,-0.0009810659350077428,-0.0017160131747147485,-0.0025484534156073432
1778454721725885708,0.2917400521632145,-0.13359322031808024,9.32326873598531,0.001473303325609283,0.0021700714879288735,-0.00016226107889634597
1778454721746297821,0.27357727298137713,-0.11206814181426172,9.320512929852931,-0.002276427489222285,-0.0017160131747147485,0.00017862354063379613
1778454721767168324,0.2736622544330163,-0.10849668964201531,9.327694278330604,-0.003776319815154909,-7.976700097006573e-05,-0.0006394995462385453
1778454721787663141,0.28679153124217494,-0.10726138994154566,9.32309747183296,-0.0029581967282825694,0.0021700714879288735,0.0029738774207809645
1778454721808171736,0.2770157684854776,-0.09528560406739839,9.315710394030265,-0.003776319815154909,0.0013519484010565339,-0.0011167380135807454
1778454721828584294,0.28446289177598516,-0.11086796002049287,9.326670913485462,-0.0005038274676655435,0.0007383560859022739,-0.0006394995462385453
1778454721848979686,0.28914925531020874,-0.11203253762012522,9.318355822424545,-0.0019355428696921397,-0.0005570054683122633,-0.0019348611004530868
1778454721870168929,0.28924164777885597,-0.11922659122110091,9.321979593190722,0.00010976484748871293,-0.0005570054683122633,-0.0020030380243591154
1778454721890252932,0.2855976491890323,-0.10846090807623104,9.323083339451902,0.0001779417713947424,-0.0017160131747147485,0.0021557543339086227
1778454721910735101,0.2842222099888958,-0.10842902274831473,9.311073815719515,-0.004117204434685055,0.0016246560966806448,0.00011044661672776797
1778454721931446418,0.28556095558507066,-0.1144337880659016,9.318309012411056,-0.002003719793598171,-0.0015114824029966618,-9.408415499031781e-05
1778454721951767865,0.28186771371116237,-0.11681457880908483,9.311067615308959,-0.002276427489222285,-1.1590077064034532e-05,-0.00023043800280237456
1778454721972196794,0.2856109563204531,-0.11085551599279075,9.323092165192525,-0.0010492428589137705,0.0017610099444927071,-0.0006394995462385453
1778454721992915648,0.2820758851209977,-0.12283519810480598,9.323080658141535,-0.003094550576094625,-0.0026023131854931193,-0.001525799557016916
1778454722013157428,0.2746312321694929,-0.11084134407611884,9.310934279449175,0.0002461186953007701,0.0024427791835529913,0.0007240389318820244
1778454722033693190,0.29277006541260087,-0.10604960515080586,9.3219866873714,0.0002461186953007701,-0.001988720870338863,0.00011044661672776797
1778454722054484322,0.2831815579322007,-0.11205042840301732,9.320661291863896,-0.004458089054215197,-0.0007615362400303499,-0.00016226107889634597
1778454722074647899,0.2759034421085642,-0.10487306981090716,9.318125347437595,-0.0005720043915715713,0.0003974714663721318,-0.0015939764809229447
1778454722095148309,0.26997566612481827,-0.1120747843434784,9.32045729409882,-0.003503612119530798,-0.0019205439464328351,-0.0009122072418626596
1778454722115747219,0.2747078471677167,-0.11205228783612742,9.315735083711896,-0.0043899121303091655,0.000465648390278163,-0.0013212687852988303
1778454722136107536,0.2893241588914923,-0.11206663712444709,9.330346800905561,0.0008597110104550266,-0.0008297131639363811,-0.00016226107889634597
1778454722156589112,0.2782204873310382,-0.09289219192486536,9.316919211389113,-0.0027536659565644828,0.001965540716210787,-0.0005713226223325175
1778454722177410133,0.2794767218145767,-0.106056911339106,9.315787200365817,-0.0028218428804705105,-0.0013069516312785787,-0.0024802764917013147
1778454722197846803,0.2832847871932659,-0.11805058799614537,9.325479747607863,-0.002003719793598171,-0.0029431978050232614,-0.000844030317956631
1778454722218264268,0.26868198058602033,-0.09531474310396604,9.320376968663078,-0.0021400736414102263,0.0010110637815263918,0.001337631247036281
1778454722239307586,0.27341416162891885,-0.09529224659661506,9.315654758276155,-2.658900032334252e-05,-0.0008978900878424054,-0.0011167380135807454
1778454722259506181,0.2748103189774841,-0.10848424561431319,9.32411553003767,-0.000640181315477599,-0.003215905500647376,-0.0024802764917013147
1778454722280004035,0.2891319629371898,-0.0869130241492736,9.3266568370847,-0.0007083582393836284,0.002920017650895189,-0.0012530918613928017
1778454722300793649,0.2809711677462018,-0.11807206610111745,9.331438146345628,-0.0008447120871956856,0.00298819457480122,-0.0009122072418626596
1778454722321948244,0.2987660899411553,-0.10484123031049825,9.322075000757941,-0.0026173121087524273,0.0005338253141841942,0.0020875774100025946
1778454722344825098,0.28067307420672205,-0.10844589512882796,9.31461547350971,-0.0019355428696921397,-0.0013069516312785787,0.0003831543123518819
1778454722364053953,0.28219413440118857,-0.12525026572395884,9.330284070970771,-0.0001629428481353997,-0.0025341362615870916,-0.00029861492670840315
1778454722384538937,0.26746813783574663,-0.09292234936381188,9.32034959767108,-0.001458304402349942,0.0008065330098083051,0.0003831543123518819
1778454722404950235,0.2867957144688825,-0.10487019197541814,9.324287743940438,-0.0005720043915715713,-0.0008297131639363811,0.0008603927796940812
1778454722425300219,0.2866957129981178,-0.11202673612163971,9.314721438377498,-0.003094550576094625,-0.0004206516205002078,-2.5907231084289217e-05
1778454722445524148,0.28068391099914003,-0.10725200112098027,9.3158101584875,-0.001867365945786112,-0.0004206516205002078,-0.0033665765024796855
1778454722466092984,0.281916956995247,-0.10366810492103173,9.319412758672236,-0.0020718967175041986,0.0011474176293384472,-9.408415499031781e-05
1778454722486651171,0.2748992856707214,-0.12763769899635868,9.322987038114562,-0.0028900198043765417,0.0021018945640228492,-0.0009122072418626596
1778454722507110248,0.2818585898064493,-0.11202877292639757,9.312249061675814,-0.0024809582609403684,0.001420125324962565,-9.408415499031781e-05
1778454722527801362,0.27740968026901447,-0.1001464288595938,9.340909100321648,-0.004185381358591082,0.0022382484118349047,0.001337631247036281
1778454722548787346,0.28315000299135384,-0.1000842087210832,9.323015358856976,0.000927887934361056,0.002579133031365047,0.0014739850948483377
1778454722569155348,0.28698619753548005,-0.1360035048411265,9.325601576416657,-0.0015946582501619976,0.0006020022380902185,-0.0013212687852988303
1778454722589938054,0.2798556135789879,-0.1145028281052766,9.338600949571932,-0.0017310120979740565,0.0033972561182373864,0.0003149773884458533
1778454722610066075,0.27719637019606436,-0.1120649092354773,9.321767663455143,-0.0045262659781212244,0.0016246560966806448,0.0004513312362579105
1778454722630586226,0.2845611803590449,-0.10969111576480611,9.333861087703758,-0.0026173121087524273,-0.0006933593161243187,-0.0005031456984264889
1778454722651005506,0.26267340637734304,-0.10369671184265616,9.316717838954105,-0.0015946582501619976,0.0006020022380902185,0.003314762040311107
1778454722671515101,0.28558015883090393,-0.10845749812579886,9.3218842416038,-0.0005038274676655435,0.0012837714771505027,0.0024966389534387652
1778454722691945882,0.2831815579322007,-0.11205042840301732,9.320661291863896,-0.0027536659565644828,-0.002806843957211206,4.2269692821739376e-05
1778454722712380514,0.2784360697578816,-0.10967831699380859,9.325374676510195,-0.003026373652188597,-0.0025341362615870916,-0.0012530918613928017
1778454722732862090,0.2844478717568595,-0.11445305199446809,9.324285956400194,-0.004321735206403138,-0.00014794392487608998,0.0009967466275061384
1778454722753418222,0.28067231675542426,-0.09887769331388568,9.318177464091516,0.0002461186953007701,-0.000488828544406239,-0.0011167380135807454
1778454722773698114,0.28319904829032905,-0.11205383835344951,9.321860389711997,-0.0020718967175041986,-0.0013751285551846064,-2.5907231084289217e-05
1778454722794212209,0.2831317551819278,-0.09051259695570874,9.325378251590683,-0.0010492428589137705,0.001692833020586676,0.0018148697143784802
1778454722814667637,0.28551019739839056,-0.10844385832407011,9.317087850211395,-0.0015946582501619976,0.0018973637923047626,-0.0007076764701445738
1778454722835076566,0.27735892208233437,-0.09415649911776236,9.339687938121983,-0.0028900198043765417,0.0005338253141841942,0.0003831543123518819
1778454722855559420,0.2808696513728415,-0.1060922066174545,9.328995821946304,-0.0009810659350077428,-0.0007615362400303499,-0.0014576226331108875
1778454722875971441,0.28789206539026313,-0.11441571991136174,9.313549711521393,-0.0024127813370343407,-0.0006933593161243187,-0.0009803841657686882
1778454722896412925,0.2880295179162873,-0.11085449759041183,9.32432835354337,-0.0021400736414102263,0.0018291868683987314,-0.0005031456984264889
1778454722916887539,0.2809696528436062,-0.09893566247123292,9.338562127509244,0.000927887934361056,-1.1590077064034532e-05,-0.0014576226331108875
1778454722937342393,0.2869280283317919,-0.11924806932607299,9.327937991928488,-0.0013219505545378832,0.001079240705432423,-0.002207568796077201
1778454722957844692,0.2794833753802871,-0.10725421529738582,9.31579161323613,0.000927887934361056,0.002033717640116818,-0.0018666841765470582
1778454722978204287,0.28314829010364895,-0.10606390861161807,9.320639227512334,-0.002549135184846396,-1.1590077064034532e-05,0.000792215855788053
1778454722998731030,0.29393980354190485,-0.1036493731074084,9.320797309034045,-0.0013219505545378832,0.0010110637815263918,-0.001184914937486774
1778454723019130070,0.2892384199885555,-0.10606988748175122,9.326727443009695,-0.0024809582609403684,0.001079240705432423,-0.0012530918613928017
1778454723039583961,0.28661587020959356,-0.09765908862228151,9.314668483933751,-0.0021400736414102263,-0.0005570054683122633,-0.0015939764809229447
1778454723060048390,0.2952886284791999,-0.0988920426022053,9.332789181285182,-0.0024127813370343407,0.002033717640116818,-0.002207568796077201
1778454723080559596,0.27967748220740396,-0.10131202486160501,9.331357820909886,-0.0015946582501619976,-0.0006251823922182945,0.0024284620295327367
1778454723101057043,0.2893315699085004,-0.12283214289766925,9.326789223194066,-0.0005720043915715713,0.0007383560859022739,-0.0007076764701445738
1778454723121500008,0.2832264200044683,-0.1264112560015112,9.318316050611438,0.0003824725431128273,0.0015564791727746205,0.0009285697036001098
1778454723141910307,0.28203843406573825,-0.11923987627953425,9.321868321682498,-0.0028218428804705105,0.00012476377074802092,0.0011331004753181951
1778454723162363624,0.2894916514557677,-0.10133523085554691,9.34589535709807,-0.0016628351740680287,-0.0021932516420569495,0.0005195081601639387
1778454723182823293,0.2940821967459344,-0.10726515463527325,9.329204232581693,-0.002685489032658455,-0.0012387747073725475,-0.003911991893727913
1778454723203299666,0.27825279972318284,-0.11442661342174179,9.311003153814223,-0.001458304402349942,-7.976700097006573e-05,0.0006558620079759958
1778454723223768002,0.29152960839948583,-0.09886799557753229,9.321941664898155,-0.004049027510779023,0.0006020022380902185,-0.0005713226223325175
1778454723244190245,0.2808196506374592,-0.10967047869056529,9.324212669164833,-0.0011174197828198,0.0006701791619962497,-0.0018666841765470582
1778454723264674340,0.28099949489674814,-0.116881582043702,9.33383192917152,-0.00466261982593328,-0.001579659326902693,-0.00043496877452046034
1778454723285072621,0.2907543415199072,-0.1408133577484868,9.33526764643683,-0.0031627275000006526,0.0021018945640228492,-0.0005031456984264889
1778454723305534549,0.2760066713696294,-0.11087322940403516,9.32294380318156,0.0003824725431128273,-0.0026023131854931193,-0.0017985072526410305
1778454723326049496,0.29873776279060893,-0.1060317143679137,9.319681217932049,-0.0005720043915715713,0.0005338253141841942,-0.0018666841765470582
1778454723346508387,0.2879587990324761,-0.1012726559737408,9.32309395273277,-0.00036747361985348635,0.0013519484010565339,-0.0017985072526410305
1778454723367060242,0.27230773136641795,-0.09650881448346138,9.321636115135602,-0.0016628351740680287,-0.00028429777268815237,-0.0017985072526410305
1778454723387505578,0.279558277490806,-0.11444485894792938,9.318216286154204,-0.00036747361985348635,0.00019294069465405211,0.0005876850840699673
1778454723407978654,0.2772680445162826,-0.10609884914667111,9.328940186192192,-0.003571789043436826,0.0018291868683987314,-0.0007758533940506024
1778454723428408045,0.28925419745897885,-0.11205299732271834,9.325550409513156,-0.0015946582501619976,0.0014883022488685893,0.0015421620187543662
1778454723448881585,0.2818654413572691,-0.08810997336425802,9.321753587054381,-0.0013219505545378832,0.0016246560966806448,0.0002468004645398247
1778454723469318717,0.28193691769237805,-0.10726001679587127,9.319425997283172,-0.0001629428481353997,0.00019294069465405211,-2.5907231084289217e-05
1778454723489784090,0.28699304908629986,-0.1120847052789869,9.335106101795224,-0.0024127813370343407,0.0006020022380902185,0.0012694543231302523
1778454723510175889,0.27609830638697885,-0.10849908119006857,9.330129564529548,-0.001458304402349942,-0.001579659326902693,0.0014058081709423095
1778454723530618910,0.2807080549229787,-0.10845271502969234,9.317013669205913,-0.0020718967175041986,0.0018973637923047626,0.0019512235621905374
1778454723551104023,0.28337223898390773,-0.11806763774830634,9.33147523684837,0.0002461186953007701,0.002579133031365047,-0.00036679185061443175
1778454723571649378,0.27835013286983545,-0.12879767087153218,9.312255206106075,-0.004185381358591082,-0.0011705977834665197,0.0002468004645398247
1778454723592078325,0.2856525906024201,-0.11205963985193496,9.325494773759043,-0.0001629428481353997,-0.0006933593161243187,-2.5907231084289217e-05
1778454723612495475,0.2913322737820685,-0.09165348227396347,9.311123307043367,-0.0016628351740680287,-0.0017160131747147485,0.0028375235729689078
1778454723632922274,0.27950676185282797,-0.09888672739115562,9.32055711453635,-0.0009810659350077428,-0.0006933593161243187,-0.0013212687852988303
1778454723653378962,0.28814015819436056,-0.12762016295676198,9.325589231575844,-0.000640181315477599,0.00012476377074802092,0.0004513312362579105
1778454723673814909,0.28209755870583375,-0.12044741008911064,9.325470028097117,-0.003571789043436826,0.0010110637815263918,0.001337631247036281
1778454723694279133,0.2831825133686079,-0.09650252669754017,9.326599413790346,-0.002685489032658455,-1.1590077064034532e-05,0.001337631247036281
1778454723714704895,0.2748044228630715,-0.11685514347097564,9.32054912658555,4.1587923582685205e-05,0.002579133031365047,-0.0023439226438892583
1778454723735133749,0.2845478732276242,-0.1072965078482464,9.333852261963134,-0.003435435195624767,0.0012837714771505027,-0.0012530918613928017
1778454723755555400,0.28093714246635226,-0.10251734449477584,9.334978072575874,-0.0015946582501619976,0.00019294069465405211,0.0003831543123518819
1778454723775982866,0.2915961440565894,-0.11084103516033078,9.321985793601277,-0.0016628351740680287,0.001079240705432423,0.0009285697036001098
1778454723796421183,0.2760066713696294,-0.11087322940403516,9.32294380318156,-0.0027536659565644828,-0.0008297131639363811,-0.002752984187325429
1778454723816808056,0.29255942366376286,-0.09644048393067733,9.311159503775988,-0.0001629428481353997,-0.00028429777268815237,0.0012012773992242237
1778454723837277651,0.2915978569442943,-0.10486133526979591,9.32436192494592,-0.0004356505437595141,-0.0012387747073725475,0.0021557543339086227
1778454723857702153,0.28321064253404493,-0.12042814616054415,9.319493084107979,4.1587923582685205e-05,0.0027836638030831334,-9.408415499031781e-05
1778454723878339285,0.2928732946736661,-0.11204976474393386,9.326805143115369,-0.0038444967390609402,0.0012837714771505027,-0.0011167380135807454
1778454723898704973,0.28435129606150467,-0.10965019635961987,9.319471913526538,-0.002685489032658455,0.0016246560966806448,-2.5907231084289217e-05
1778454723919085420,0.2760224488400529,-0.11685633924500227,9.321766769685022,-0.0012537736306318555,-0.0007615362400303499,0.001064923551412167
1778454723939600422,0.281906120202829,-0.10486199892887937,9.318218073694448,-0.0010492428589137705,0.0033972561182373864,0.000792215855788053
1778454723959958962,0.29277823388090685,-0.12638331273897024,9.314867119078098,-0.0015264813262559698,-0.001852367022526804,0.0009285697036001098
1778454723980435205,0.2916434764678597,-0.12879036468323207,9.318454693111656,0.000587003314830914,-0.0014433054790906341,-0.00043496877452046034
1778454724000907985,0.28215421300692645,-0.1180664419742797,9.330257593748897,-0.0011174197828198,-0.0005570054683122633,0.000792215855788053
1778454724021482506,0.2977113733017418,-0.09649982623369885,9.335215641743503,-0.002344604413128313,-0.0012387747073725475,0.0002468004645398247
1778454724041940935,0.2845944481875966,-0.11567763555620544,9.33388315205532,-0.001458304402349942,-0.0020568977942448906,-0.0007076764701445738
1778454724062426197,0.29046975309695755,-0.10846569117233756,9.327953911849791,-0.0028218428804705105,0.0006701791619962497,-0.0009803841657686882
1778454724082833681,0.27718895917905617,-0.10129940346225519,9.325325241166638,-0.001867365945786112,0.0003974714663721318,0.0012012773992242237
1778454724103265239,0.2808147099594538,-0.10249347484175053,9.326584387639164,-0.0053443890649935676,0.001692833020586676,-0.00029861492670840315
1778454724123704982,0.2916027976222998,-0.11203833911861066,9.32199020647159,-0.0011174197828198,0.0017610099444927071,-0.00023043800280237456
1778454724144072799,0.28692631544408687,-0.12522776921660783,9.325561860583848,-0.0016628351740680287,0.0005338253141841942,0.00017862354063379613
1778454724164550116,0.2867565505259182,-0.10725457004068129,9.320699276136757,-0.003571789043436826,0.0008747099337143363,-0.00043496877452046034
1778454724185011637,0.28682651195843156,-0.10726820984241003,9.325495667529164,0.000927887934361056,0.0012837714771505027,-0.0005713226223325175
1778454724205510677,0.2782237151213387,-0.10604889566421494,9.312171361570142,-0.0015264813262559698,-0.0019205439464328351,0.0012012773992242237
1778454724225930957,0.2855850995089094,-0.11563450197461367,9.31951252312947,-0.0011174197828198,0.0018973637923047626,0.0022239312578146513
1778454724246373515,0.291506221926945,-0.1072354834837625,9.317176163597935,-0.0024127813370343407,0.001079240705432423,0.0004513312362579105
1778454724266821425,0.2857649437681983,-0.12284560532775027,9.329131783136157,-0.0007083582393836284,-0.0025341362615870916,0.0005195081601639387
1778454724287305372,0.2809120431061064,-0.11686453229154106,9.327836439931012,-0.0010492428589137705,-0.0006933593161243187,-0.0014576226331108875
1778454724307765411,0.2854944199279671,-0.10246074848310305,9.318264883707934,4.1587923582685205e-05,-0.0006251823922182945,-0.0007758533940506024
1778454724328194951,0.2794392707593173,-0.10246158951383422,9.314574863906778,-0.002344604413128313,0.002647309955271078,-0.00029861492670840315
1778454724348677935,0.29051804094463496,-0.11086711898976165,9.330360933286618,-0.0007083582393836284,-0.00035247469659417663,0.0011331004753181951
1778454724369301771,0.3000090172932731,-0.11561134180817922,9.32093416399402,4.1587923582685205e-05,0.002920017650895189,0.00011044661672776797
1778454724389821033,0.28919335993117856,-0.11682516340367682,9.319572571753895,-0.0048671505976513665,-0.000488828544406239,0.0009967466275061384
1778454724410090683,0.2819044073151241,-0.1108416988194143,9.315841942349806,0.000587003314830914,0.0009428868576203606,-0.0010485610896747168
1778454724430577445,0.2894557153031039,-0.11687631266015966,9.337559039475419,-0.003026373652188597,0.0008747099337143363,-0.0010485610896747168
1778454724451015651,0.285558485246068,-0.11084528614149419,9.31949487164822,-2.658900032334252e-05,0.0010110637815263918,-0.0013212687852988303
1778454724471477598,0.291589490490879,-0.10964373120205095,9.321981380730964,-0.0009128890111017134,0.003260902270425331,-0.0018666841765470582
1778454724491952934,0.2975480639641741,-0.10484003453647162,9.32085735765847,-0.0033672582717187392,-0.003215905500647376,-0.0007758533940506024
1778454724512377658,0.28435547928821225,-0.10725899839349234,9.320662185634017,-0.0016628351740680287,-0.00035247469659417663,0.0009967466275061384
1778454724532878124,0.2688500326164842,-0.11926764217042751,9.322863421765524,-0.0027536659565644828,0.00032929454246610756,0.0009967466275061384
1778454724553336460,0.2868523687699752,-0.10248922386058718,9.32907530959222,-0.003980850586872996,0.001079240705432423,0.0003831543123518819
1778454724573780592,0.2832672968351375,-0.11804717804571319,9.32428064975976,-0.004594442902027252,0.0011474176293384472,0.0011331004753181951
1778454724594281150,0.2905929430551537,-0.11805776264030524,9.332785606204695,-0.0016628351740680287,-0.0008978900878424054,0.0005876850840699673
1778454724614714634,0.28677061510863666,-0.11921737977218327,9.317146111295575,0.0007233571626429694,0.0007383560859022739,-0.00036679185061443175
1778454724635159988,0.2865917262857548,-0.0964583747135695,9.31346497321534,-0.0017991890218800842,0.0010110637815263918,-0.0005031456984264889
1778454724655605528,0.29530592085221885,-0.12401155607305692,9.324488166625027,-0.002276427489222285,0.00298819457480122,0.00011044661672776797
1778454724676039123,0.2700589346887524,-0.11448303206176691,9.32526251123185,-0.0026173121087524273,-0.0005570054683122633,-0.0022757457199832297
1778454724696490496,0.28077307567748666,-0.10128935098260633,9.324181779072648,-0.0026173121087524273,0.0033972561182373864,0.0002468004645398247
1778454724716891387,0.28450870928465977,-0.10968088591350955,9.330263794159453,-0.0007765351632896562,-0.00035247469659417663,-0.001184914937486774
1778454724737439908,0.28199185910576585,-0.11085874857157524,9.321837431590312,-0.0005038274676655435,0.00019294069465405211,-0.0028211611112314576
1778454724757956318,0.27957748073663924,-0.10846856900782659,9.321791515346948,0.0001779417713947424,-0.0016478362508087208,-0.001525799557016916
1778454724778262431,0.28313992365023366,-0.11084630454387312,9.31825868329738,-0.0005720043915715713,0.002306425335740936,0.0011331004753181951
1778454724798734934,0.289007619557477,-0.11798495790720262,9.306386908295089,-0.0028900198043765417,0.00026111761856007637,4.2269692821739376e-05
1778454724819193307,0.2881236232726394,-0.11206885130085259,9.33032825565419,-0.00036747361985348635,0.0021700714879288735,0.001064923551412167
1778454724839648828,0.2916003272832971,-0.10844983719420326,9.323176065708754,0.000927887934361056,0.00019294069465405211,-0.0007076764701445738
1778454724860118515,0.2929117011653326,-0.10009718486372843,9.333955601500856,-0.002344604413128313,-0.0032840824245534035,-0.0020030380243591154
1778454724880590221,0.3003462747757173,-0.12285313471520554,9.34134530463362,-0.0028218428804705105,0.001692833020586676,-0.0012530918613928017
1778454724901025631,0.28430225076252946,-0.09768056672725356,9.320626882671519,-0.0021400736414102263,-0.004102205511425747,0.0006558620079759958
1778454724921546615,0.2831657804617773,-0.10606731856205026,9.321838325360435,-0.0016628351740680287,0.0008065330098083051,0.0002468004645398247
1778454724941941988,0.269906660128712,-0.0965132428362725,9.321599024632862,-0.0011174197828198,0.00019294069465405211,-0.0021393918721711726
1778454724962427324,0.2868156751660136,-0.10846210385025767,9.324300982551375,-0.0028900198043765417,0.0024427791835529913,-0.0009803841657686882
1778454724982929252,0.2879728636151946,-0.11323546570524284,9.319540787891587,-0.0002992966959474569,0.001965540716210787,-0.0036392841981038
1778454725003413440,0.29287919078807867,-0.10367886688727146,9.330371546567488,-0.00036747361985348635,0.0008065330098083051,-0.0012530918613928017
1778454725023846850,0.2962809926882175,-0.09286920913007862,9.320794683703975,-0.0032990813478127115,0.0027836638030831334,-0.001184914937486774
1778454725044202815,0.2760192210497524,-0.10369963550565259,9.326514619503994,-0.0011855967067258277,-0.0012387747073725475,0.0003831543123518819
1778454725064603447,0.28694970191662783,-0.11686028131037765,9.330327361884068,-0.0015946582501619976,0.004010848433391646,0.0003831543123518819
1778454725085107246,0.29764216932052623,-0.10605438824691238,9.32685725976929,-0.0031627275000006526,0.0008065330098083051,0.0003831543123518819
1778454725105583767,0.2880760928762597,-0.11923562529837084,9.324359243635556,-0.003094550576094625,-0.00028429777268815237,-0.00023043800280237456
1778454725126055936,0.28199775522017834,-0.10248785071491279,9.325403835042433,-9.476592422937198e-05,0.00019294069465405211,0.00017862354063379613
1778454725146515161,0.2954549676219588,-0.12882464155920167,9.332899503042988,-0.0016628351740680287,0.002306425335740936,-0.001389445709204859
1778454725166943941,0.2831773747054931,-0.1144416263691449,9.319471019756417,-0.0016628351740680287,0.0008065330098083051,0.0003831543123518819
1778454725187352833,0.2786590632017333,-0.137229947835974,9.330272563919783,-0.0011855967067258277,-0.00028429777268815237,0.0012012773992242237
1778454725207831261,0.2786991825811047,-0.1192976680652337,9.339799153649912,-0.0021400736414102263,0.00032929454246610756,0.0024966389534387652
1778454725228221819,0.28921085028930693,-0.11682857335410901,9.320771669601998,-0.001458304402349942,-0.0010342439356544608,0.0002468004645398247
1778454725248618507,0.28089036952127033,-0.11925232030723631,9.325447069975434,-0.0028900198043765417,0.0005338253141841942,-0.00036679185061443175
1778454725269017991,0.2700037952902553,-0.13600040380648237,9.313350964416454,-0.000640181315477599,0.0008747099337143363,-0.00036679185061443175
1778454725289592845,0.27841439617304564,-0.11206610500950392,9.322985306554616,-0.0024127813370343407,0.00012476377074802092,0.0031784081924990503
1778454725310021977,0.2843870342290591,-0.11922521807542658,9.318308118640935,-0.0032990813478127115,-0.0005570054683122633,-0.0020030380243591154
1778454725330444072,0.2914978554735297,-0.11201787941601754,9.31479561938298,-0.002344604413128313,-0.0019205439464328351,-0.0014576226331108875
1778454725350897871,0.2784917686225672,-0.12284525058445483,9.324224120235527,-0.0009128890111017134,-0.000488828544406239,0.0020875774100025946
1778454725371418873,0.27946759790986364,-0.10127110545641876,9.316968646732668,-0.0013901274784439144,0.00012476377074802092,0.0012012773992242237
1778454725391861339,0.2856077285301526,-0.09769881225344113,9.327840015011498,-0.0010492428589137705,0.0008065330098083051,0.0009285697036001098
1778454725412249526,0.2807622388850687,-0.10248324499045397,9.322987094094858,-0.002685489032658455,0.001965540716210787,0.002701169725156851
1778454725432777566,0.2843222114596605,-0.1012724786020931,9.320640121282455,-0.0048671505976513665,0.0006020022380902185,-0.0006394995462385453
1778454725453250661,0.2661193128984516,-0.09767967986901493,9.308357725419944,-0.00023111977204142917,-0.00028429777268815237,-0.0009122072418626596
1778454725473753960,0.29266341037612587,-0.11200884533874761,9.31241596893815,-0.0008447120871956856,0.0013519484010565339,-0.0032302226546676283
1778454725494160129,0.28215078723151654,-0.13002584175534948,9.325505331059613,-0.003026373652188597,-0.0008297131639363811,0.001337631247036281
1778454725514643557,0.2797565675446304,-0.10611147054602099,9.33497276593544,-0.0016628351740680287,0.0010110637815263918,-0.0009122072418626596
1778454725535019448,0.2854826276991419,-0.11920254419642787,9.311132076803695,-0.003776319815154909,-0.003215905500647376,0.0005876850840699673
1778454725555512488,0.28213748010009587,-0.12763123383878977,9.32549650531899,-0.0009810659350077428,0.00012476377074802092,-0.00036679185061443175
1778454725575940787,0.27477191248581756,-0.12043682549451862,9.316965071652183,0.00045064946701885676,0.0006020022380902185,0.0004513312362579105
1778454725596357308,0.28563015956628635,-0.10487922605268807,9.326667394385272,-0.003912673662966968,-0.00014794392487608998,0.0004513312362579105
1778454725616865958,0.2904880009063836,-0.11803730293771209,9.325591019116086,0.0018823648690454546,-0.00035247469659417663,0.0009285697036001098
1778454725637298664,0.2915320787384885,-0.10245649750193964,9.32075580566099,-0.002685489032658455,-0.0021250747181509183,0.0008603927796940812
1778454725657832482,0.2795257671135519,-0.11802654097147236,9.314632231220836,-0.0016628351740680287,5.6586846841989724e-05,0.0009967466275061384
1778454725678219317,0.2748994836558307,-0.10252159547593925,9.33248715062282,-0.0015946582501619976,0.002306425335740936,0.0006558620079759958
1778454725698695876,0.2831840282712035,-0.11563893032742473,9.31947543262673,-0.0005038274676655435,0.002579133031365047,-0.00016226107889634597
1778454725719133600,0.27488275074900026,-0.11208638734044929,9.32772606219291,-0.0015946582501619976,0.002033717640116818,4.2269692821739376e-05
1778454725739636788,0.28919164704347355,-0.12280486329421175,9.317196440409253,-0.004117204434685055,0.0010110637815263918,-0.0010485610896747168
1778454725760067124,0.2797023835825404,-0.1120809405852593,9.328999341046496,-2.658900032334252e-05,0.004283556129015757,-0.00016226107889634597
1778454725780561626,0.26893425661682546,-0.10612798818323876,9.333606760825004,-0.0011174197828198,0.0007383560859022739,-2.5907231084289217e-05
1778454725801011943,0.28667917807639665,-0.09647542446573043,9.319460462455845,-0.0032990813478127115,-0.0019205439464328351,-0.00036679185061443175
1778454725821450983,0.277168043045518,-0.1132553932928928,9.31937388062925,-0.0032990813478127115,0.0005338253141841942,-0.0025484534156073432
1778454725841880930,0.29277329320290135,-0.11920630889015549,9.317238837552429,-0.0009810659350077428,0.001965540716210787,-0.0009803841657686882
1778454725862390691,0.292757515732478,-0.11322319904918843,9.318415871048968,-0.0008447120871956856,-0.0015114824029966618,-0.00036679185061443175
1778454725882833361,0.2881186825946339,-0.10489184745203789,9.332699974128522,-0.0020718967175041986,0.0037381407377675285,0.0003149773884458533
1778454725903216919,0.2830692047664225,-0.10126446292720209,9.31702428248678,-0.003026373652188597,-0.0006251823922182945,-0.002412099567795287
1778454725923720940,0.2974872264363737,-0.10961220061743004,9.31487951989921,-0.003435435195624767,0.00019294069465405211,0.0003831543123518819
1778454725944163627,0.2816563145110266,-0.097637255774014,9.303802422295355,-0.0011855967067258277,-0.0021932516420569495,-0.0013212687852988303
1778454725964610685,0.27850507575398786,-0.12523985850101454,9.324232945976153,-0.0024809582609403684,0.0006020022380902185,-0.001184914937486774
1778454725985091706,0.2830783286711356,-0.10605026880988933,9.315842836119929,-0.0027536659565644828,-0.003011374728929289,4.2269692821739376e-05
1778454726005555246,0.28078144213090195,-0.09650695505035128,9.326562323287604,0.0007915340865489989,-7.976700097006573e-05,-0.0021393918721711726
1778454726026067656,0.29509280876437816,-0.11081393292852104,9.31484684226678,-0.0021400736414102263,-0.0007615362400303499,0.0052237159096799055
1778454726046449880,0.28309828936826664,-0.10964218068472886,9.315856074730865,-0.002208250565316254,-0.0011705977834665197,0.0002468004645398247
1778454726066930772,0.28557768849190124,-0.1048689962013915,9.323070100840965,-0.0009810659350077428,-0.0016478362508087208,0.0002468004645398247
1778454726087376681,0.2937074882082308,-0.09642803990297516,9.307580755483054,-0.0001629428481353997,0.0003974714663721318,0.0012694543231302523
1778454726107829628,0.2783220037043985,-0.10487205140852823,9.319361535788438,-0.002549135184846396,-0.0017160131747147485,-0.0007076764701445738
1778454726128239501,0.2890751106509877,-0.11441009578452396,9.312369158924662,-0.0020718967175041986,0.002920017650895189,0.0017466927904724518
1778454726148724985,0.2843436870593872,-0.12400079410681725,9.313529378729779,-0.0021400736414102263,0.0030563714987072443,-0.0014576226331108875
1778454726169260802,0.28694970191662783,-0.11686028131037765,9.330327361884068,0.0014051264017032553,0.00019294069465405211,0.0016103389426603948
1778454726189666360,0.2940088095380111,-0.11921091461461436,9.3196555785,-0.003503612119530798,-0.00014794392487608998,0.0005195081601639387
1778454726210156474,0.29158379236157583,-0.09289852553829397,9.327915089787101,-0.003776319815154909,0.002306425335740936,-0.00016226107889634597
1778454726230645754,0.29521105804456893,-0.11322900054767387,9.322050255096013,-0.0031627275000006526,0.0006701791619962497,0.0014058081709423095
1778454726251112220,0.2977052792022198,-0.12998682761078073,9.322149125783126,-0.0007083582393836284,0.00019294069465405211,-0.002071214948265144
1778454726271697037,0.2807447485269403,-0.10247983504002178,9.321787996246757,-0.002276427489222285,0.00032929454246610756,0.0009285697036001098
1778454726292125576,0.28788883759996264,-0.10125901617201205,9.318297561340364,0.0003142956192067996,-0.0019205439464328351,-0.0006394995462385453
1778454726312586857,0.2915377768677918,-0.11920170316569667,9.314822096604853,-0.00036747361985348635,0.00026111761856007637,0.0008603927796940812
1778454726333003692,0.27837029155207593,-0.10727347922595232,9.321768557225266,-0.0038444967390609402,-1.1590077064034532e-05,-0.0013212687852988303
1778454726353453584,0.28699038076218775,-0.13361230687499898,9.326791848524135,-0.0032309044239066838,-7.976700097006573e-05,0.002019400486096566
1778454726373950993,0.2725324376979744,-0.11808074543509192,9.328910133889831,-0.0056170967606176785,0.0012837714771505027,-0.001389445709204859
1778454726394399774,0.28534270483411517,-0.11917526459297037,9.301539294018884,-2.658900032334252e-05,-0.0017160131747147485,0.0016785158665664232
1778454726414847443,0.29162028798042816,-0.11204174906904285,9.32318930431969,-0.002685489032658455,-0.0009660670117484366,0.0006558620079759958
1778454726435269130,0.28208843480112067,-0.11566160420642341,9.326651474463969,-0.00036747361985348635,-0.002670490109399147,-0.0007076764701445738
1778454726455960948,0.29157028724504575,-0.1156200211421537,9.318406151538221,0.0009960648582670838,-0.0025341362615870916,0.0008603927796940812
1778454726476244321,0.2892749156074077,-0.12521311101250016,9.322001657542284,0.002018718716857512,0.0021700714879288735,0.0009967466275061384
1778454726496750619,0.2878563272227087,-0.10484069819555508,9.314713506406997,-0.0013219505545378832,-0.004374913207049861,0.004473769746713592
1778454726517180159,0.2831241461798103,-0.104863194702906,9.31943571679392,-0.0024809582609403684,-0.0019205439464328351,0.000792215855788053
1778454726537679532,0.285506014171683,-0.11083505629019763,9.315897578103918,0.0013369494777972259,0.000465648390278163,4.2269692821739376e-05
1778454726558164793,0.2869230876537864,-0.11207106547725815,9.330309710402819,-0.0012537736306318555,0.0011474176293384472,0.0003831543123518819
1778454726579022537,0.278390252249207,-0.11086539110079185,9.321781795836202,-0.0021400736414102263,0.0009428868576203606,0.0004513312362579105
1778454726599311706,0.28573832950535694,-0.11805638949463085,9.329114131654908,-0.0001629428481353997,-0.000488828544406239,0.0009967466275061384
1778454726619711153,0.28794624935235313,-0.10844624987212337,9.31952313641034,-0.0017310120979740565,-0.0007615362400303499,0.0018830466382845088
1778454726640162785,0.28293916325740653,-0.11559119102137408,9.302688062753308,0.0003142956192067996,-0.0008978900878424054,-0.0021393918721711726
1778454726660674694,0.29174272048732663,-0.11206561872206816,9.331582989256402,-0.001867365945786112,0.001692833020586676,-0.0007758533940506024
1778454726681145141,0.28320988508274714,-0.11085994434560187,9.323055074689785,-0.002344604413128313,-0.0009660670117484366,0.0009285697036001098
1778454726701562310,0.2928617004299503,-0.10367545693683927,9.329172448719387,-0.0016628351740680287,-0.003079551652835317,-0.001389445709204859
1778454726722064572,0.29294990967188983,-0.11326070850394251,9.331605947378085,-0.0011174197828198,0.001079240705432423,-0.0028211611112314576
1778454726742588926,0.27594754672953403,-0.10966569559445877,9.319342096766944,-0.000640181315477599,-0.002670490109399147,0.0016103389426603948
1778454726762980021,0.2843288650253708,-0.10246978256037298,9.320644534152768,-0.0013901274784439144,5.6586846841989724e-05,-0.001389445709204859
1778454726783483080,0.285420275268746,-0.10483830664750182,9.312278220208054,-0.0016628351740680287,-0.0004206516205002078,0.0009967466275061384
1778454726803880249,0.2747095600554216,-0.10607258794559254,9.318111215056536,-0.002344604413128313,-0.0009660670117484366,-0.00016226107889634597
1778454726824396177,0.2892891781752356,-0.11205981722358271,9.327948605209357,-0.000640181315477599,0.003533609966049449,0.0016103389426603948
1778454726844788087,0.29746973607824534,-0.10960879066699786,9.313680422051108,-0.002685489032658455,-0.0016478362508087208,0.0018148697143784802
1778454726865284367,0.2796991557922399,-0.09892423684590967,9.333747190865466,-0.003094550576094625,0.0005338253141841942,-0.0018666841765470582
1778454726885688999,0.2819036498638263,-0.10127349700447202,9.31940393293161,0.0003142956192067996,-0.0013751285551846064,0.0029738774207809645
1778454726906366057,0.28803617148199756,-0.11205180154869165,9.324332766413683,-0.0016628351740680287,-0.0007615362400303499,0.0015421620187543662
1778454726926695948,0.28566912552414125,-0.12761095150784435,9.320755749680695,-0.0009810659350077428,-0.0023977824137750327,-0.0030256918829495434
1778454726947138432,0.2833948680051508,-0.10013194802713388,9.3398027287304,-0.0011174197828198,0.0008747099337143363,0.003042054344686993
1778454726967590046,0.29271930722592077,-0.10005967540897437,9.320765525171739,-0.0028900198043765417,0.0018291868683987314,-0.0023439226438892583
1778454726988000363,0.28320323151703675,-0.10966264038732199,9.323050661819472,-0.004117204434685055,-0.0026023131854931193,0.0006558620079759958
1778454727008460977,0.29404131991526505,-0.11562923259107133,9.323239633433369,-0.0021400736414102263,0.0007383560859022739,-0.0006394995462385453
1778454727028897183,0.2854510727582952,-0.10723632451449366,9.313486143796778,-0.0038444967390609402,-0.00014794392487608998,-0.00029861492670840315
1778454727049599278,0.2819236105609574,-0.10486540887931156,9.319417171542549,-0.0036399659673428536,-0.0006251823922182945,0.0034511158881231642
1778454727069892114,0.30373628444703094,-0.1287852726713375,9.32463563486587,-0.0002992966959474569,0.0005338253141841942,0.0005876850840699673
1778454727090366357,0.2905412294320665,-0.12761573460395087,9.325626322078584,-0.003026373652188597,0.0012837714771505027,0.002564815877344794
1778454727110808989,0.2987461292440242,-0.10124931843565865,9.322061762147003,-0.0015946582501619976,-0.0005570054683122633,0.0006558620079759958
1778454727131233380,0.2928641707689531,-0.10726395886124662,9.32798658948222,-0.001867365945786112,0.001420125324962565,-0.0018666841765470582
1778454727151662790,0.2771823056133458,-0.1001020995039753,9.325320828296327,-0.0017991890218800842,-0.001579659326902693,0.0002468004645398247
1778454727172175311,0.2856043027547427,-0.10965821203451087,9.323087752322213,-2.658900032334252e-05,0.0006020022380902185,0.0014739850948483377
1778454727192559721,0.29878700607469355,-0.09288524047986063,9.328026361295326,-0.0012537736306318555,-0.00028429777268815237,-0.00016226107889634597
1778454727213035020,0.28535545249934746,-0.0868855671741684,9.314610222849572,4.1587923582685205e-05,0.001420125324962565,-0.001525799557016916
1778454727233528207,0.2797124629236606,-0.10131884476246938,9.33375601660609,-0.002276427489222285,0.0010110637815263918,0.0011331004753181951
1778454727253980432,0.28435300894920956,-0.103670496469085,9.321848044871182,-0.0012537736306318555,-0.0005570054683122633,0.0005876850840699673
1778454727274503008,0.2843813360997559,-0.10248001241166954,9.324241827697072,-0.0027536659565644828,0.0034654330421434176,0.002564815877344794
1778454727294883974,0.28677746665945636,-0.09529858021004367,9.326650636674144,-0.001458304402349942,0.0005338253141841942,-0.00016226107889634597
1778454727315350976,0.27235582122898605,-0.12402634582130495,9.314543024064173,-0.001867365945786112,0.0010110637815263918,-0.0006394995462385453
1778454727335819775,0.2929250082967534,-0.10249179278028814,9.33396442724148,-0.002003719793598171,-0.000488828544406239,0.0016103389426603948
1778454727356272796,0.28076642211177627,-0.10009204702432645,9.324177366202337,-0.0008447120871956856,0.0018291868683987314,0.0026329928012508224
1778454727376785261,0.2793759628925143,-0.10364525367038535,9.309782885384683,-0.0005038274676655435,0.0012155945532444784,0.0008603927796940812
1778454727397209782,0.2820251269343176,-0.11684526836297454,9.321859495941874,0.0003824725431128273,0.0003974714663721318,0.0009967466275061384
1778454727417666877,0.2929624593520128,-0.10608711460555992,9.335176763700517,-0.0007765351632896562,-0.0006251823922182945,-0.0016621534048289733
1778454727438193176,0.2867614912039236,-0.11443157388949604,9.318327557662426,-0.002344604413128313,-0.000488828544406239,-0.0020030380243591154
1778454727458580864,0.2712161231379333,-0.11925639391675202,9.320502316572062,-0.0007083582393836284,0.0009428868576203606,-0.0017303303287350019
1778454727479010477,0.2822916655329506,-0.11450521965332988,9.341036235770876,-0.0005038274676655435,-0.0006251823922182945,-0.0007076764701445738
1778454727499418368,0.2833798479860252,-0.10371704000110904,9.337417771645132,0.001132418706079141,-0.0009660670117484366,-0.002412099567795287
1778454727519967945,0.28335893185248695,-0.11567302983174663,9.331466411107746,-0.0024127813370343407,-0.001102420859560492,-0.00036679185061443175
1778454727540421225,0.2951834883453204,-0.1239876864200316,9.316094481688317,-0.0013219505545378832,0.0030563714987072443,-0.0010485610896747168
1778454727560923357,0.2904347723807008,-0.10845887127147319,9.32555571615359,-0.0005038274676655435,-0.00035247469659417663,0.001064923551412167
1778454727581370267,0.2783811283444939,-0.10607958521810462,9.322963242203054,-9.476592422937198e-05,-0.0010342439356544608,0.0005876850840699673
1778454727601812399,0.28336805575720003,-0.12045883571443386,9.330284964740894,-0.002344604413128313,0.00019294069465405211,0.0004513312362579105
1778454727622395476,0.2819253234486623,-0.09888570898877669,9.32179330288719,0.0005188263909248845,-0.001102420859560492,-2.5907231084289217e-05
1778454727642729126,0.2869147212003712,-0.11685346140951328,9.327929166187864,-0.0019355428696921397,0.0012155945532444784,-0.0007758533940506024
1778454727663196110,0.268757640147837,-0.11207358856945177,9.319239650999346,-0.0008447120871956856,-0.0011705977834665197,-0.0020030380243591154
1778454727683708816,0.2939048228256481,-0.10364255320654403,9.318399113337842,-0.0013901274784439144,-0.0024659593376810604,-0.0009122072418626596
1778454727704111689,0.30110138297305544,-0.10243196418983086,9.318505971975751,-0.0028900198043765417,-0.0006251823922182945,-0.0009122072418626596
1778454727724583043,0.2881810350250299,-0.11925608500096399,9.331553830724165,-0.001458304402349942,-0.0008978900878424054,0.0002468004645398247
1778454727745032342,0.2880179236725715,-0.10248018978331724,9.326695659147388,0.0001779417713947424,-0.00014794392487608998,-0.0009122072418626596
1778454727765497548,0.2927675950735982,-0.10246110322639845,9.323172546608564,-0.0008447120871956856,-0.0008297131639363811,0.0005876850840699673
1778454727785990977,0.28557521815289855,-0.1012804942769841,9.32425596007813,-0.00425355828249711,-0.0008297131639363811,0.00017862354063379613
1778454727806454183,0.29166439260139787,-0.11683437485259451,9.324406053649042,-0.00466261982593328,5.6586846841989724e-05,-0.0025484534156073432
1778454727826964056,0.2797048539215431,-0.11566944250966674,9.32781348180933,-0.001458304402349942,5.6586846841989724e-05,0.0008603927796940812
1778454727847368280,0.27482115576990207,-0.10729035160646555,9.32531021501546,-0.0016628351740680287,-0.0008978900878424054,0.000792215855788053
1778454727867819746,0.2842889436311087,-0.09528595881069385,9.320618056930895,-0.002685489032658455,0.00019294069465405211,0.0034511158881231642
1778454727888191359,0.2843305779130758,-0.09649008266983805,9.32302066549741,-0.002276427489222285,-0.0005570054683122633,0.0002468004645398247
1778454727908659417,0.27355635684783897,-0.1240241316448994,9.314561569315545,-0.0009810659350077428,0.0016246560966806448,-0.0010485610896747168
1778454727929112031,0.2795540942640983,-0.11683605691405691,9.317026014046728,-0.0020718967175041986,-0.0009660670117484366,0.0005195081601639387
1778454727949550144,0.2892209296304271,-0.10606647753131904,9.325528345161594,-0.0016628351740680287,-0.005193036293922201,0.0005876850840699673
1778454727969965758,0.28187779305228267,-0.10605248298629488,9.315824290868557,-0.004049027510779023,-0.0006251823922182945,-0.0021393918721711726
1778454727990454427,0.2856676106215458,-0.10847454787795979,9.327879730844309,-0.0005720043915715713,0.001420125324962565,0.0021557543339086227
1778454728010898744,0.2882376893261226,-0.11687511688613303,9.336341396375948,-0.002276427489222285,0.0024427791835529913,-0.0016621534048289733
1778454728031363839,0.29036803873848793,-0.12160193520909413,9.31601147494221,-0.0009810659350077428,0.0008065330098083051,-0.0014576226331108875
1778454728051764156,0.2974914096630814,-0.10722100265130252,9.316069792006688,0.0006551802387369417,-0.0007615362400303499,0.0028375235729689078
1778454728072230529,0.28214831689251385,-0.12643733983094207,9.326691190296778,0.0005188263909248845,0.0018291868683987314,-0.0005713226223325175
1778454728092645365,0.28437049930733793,-0.10367390641951718,9.323047142719282,-0.00023111977204142917,-0.00021612084878212118,0.0036556466598412496
1778454728113101867,0.2798056128436056,-0.11808110017838738,9.333817796790461,-0.000640181315477599,5.6586846841989724e-05,-0.0007758533940506024
1778454728133531851,0.2759792996554902,-0.09651581175597351,9.326488142282122,-0.0009810659350077428,0.002647309955271078,-0.0012530918613928017
1778454728153986705,0.2880203940115742,-0.1060686917077246,9.325509799910224,-0.002276427489222285,-0.0011705977834665197,-0.0035711072741977713
1778454728174536115,0.28214090587550567,-0.11567183405772,9.330248768008273,-0.0020718967175041986,0.0006701791619962497,-0.000844030317956631
1778454728194928877,0.290325647005223,-0.11082960953500759,9.317170856957501,-0.0027536659565644828,-0.0011705977834665197,0.0002468004645398247
1778454728215376787,0.29998658625713936,-0.10843092800893223,9.322106784620248,-0.0009810659350077428,-0.0008297131639363811,-0.00023043800280237456
1778454728235828826,0.281851936240739,-0.11083146896811774,9.312244648805502,-0.0026173121087524273,0.000465648390278163,0.0018830466382845088
1778454728256268143,0.27249669953042,-0.10850572371928524,9.330073928775436,-0.0032309044239066838,-0.0011705977834665197,0.0005876850840699673
1778454728276757664,0.2868632055623932,-0.10129532985273948,9.330269994570008,-0.0019355428696921397,0.004283556129015757,0.0002468004645398247
1778454728297177352,0.2951869141207303,-0.1120282866389618,9.3208467443776,-0.0019355428696921397,-0.0007615362400303499,4.2269692821739376e-05
1778454728317662521,0.28414902076608184,-0.09525867920723635,9.31102527414608,-0.003912673662966968,0.00032929454246610756,0.0006558620079759958
1778454728338122653,0.2806989310182657,-0.1036669091470051,9.318195115572765,-0.00036747361985348635,0.0008065330098083051,-0.0005713226223325175
1778454728358580563,0.2782296112357513,-0.09767799780755254,9.315737765022261,-9.476592422937198e-05,0.0017610099444927071,-0.001525799557016916
1778454728379058862,0.28787971369524956,-0.09647321028932487,9.319479007707217,4.1587923582685205e-05,0.001692833020586676,-0.0017985072526410305
1778454728399539327,0.29271759433821587,-0.1060393752995093,9.318389393827095,-0.0032990813478127115,0.0010110637815263918,0.001064923551412167
1778454728419975774,0.28809282578309026,-0.10967083343386075,9.329120332065465,-0.0037081428912488813,0.00298819457480122,-0.0025484534156073432
1778454728440484813,0.2904830602283782,-0.11086029908889727,9.327962737590415,-0.000640181315477599,0.00237460225964696,-0.0018666841765470582
1778454728460967001,0.28424806680043946,-0.10365003676649187,9.314653457782573,-0.0005038274676655435,0.0003974714663721318,-0.0011167380135807454
1778454728481459318,0.2926983910923826,-0.11201566523961198,9.314814164634353,-0.002003719793598171,-0.00035247469659417663,-0.00016226107889634597
1778454728501899247,0.28200022555918103,-0.10607635263932019,9.324217975805267,-0.0011855967067258277,0.001420125324962565,0.0026329928012508224
1778454728522396323,0.2963975290807035,-0.10126397663976633,9.325621965188567,-0.0013901274784439144,0.002033717640116818,-0.0007076764701445738
1778454728542868140,0.2878122226017389,-0.10004807241200347,9.313496757077647,-0.0026173121087524273,-0.0007615362400303499,-0.0005713226223325175
1778454728563393032,0.28194528414579334,-0.10247762086361623,9.321806541498127,-0.0026173121087524273,0.0012155945532444784,0.0011331004753181951
1778454728583902071,0.2845944481875966,-0.11567763555620544,9.33388315205532,0.0008597110104550266,0.0018973637923047626,0.0016103389426603948
1778454728604335166,0.2891209281596624,-0.11322302167754072,9.315962039598654,-0.0017310120979740565,-0.0021250747181509183,-0.0007758533940506024
1778454728624858076,0.27715075067249906,-0.08813587982204119,9.327674895289407,0.0003142956192067996,0.0006020022380902185,-0.0021393918721711726
1778454728645260708,0.28935989705904674,-0.12164165884025377,9.329183006019957,-0.005480742912805623,0.0012155945532444784,0.004064708203277421
1778454728665906507,0.2878080393750312,-0.102439270378131,9.31230648497017,-0.0010492428589137705,-0.0012387747073725475,0.0008603927796940812
1778454728686253917,0.2858033502598649,-0.11089302544754487,9.336282241521644,-0.002003719793598171,0.0009428868576203606,0.000792215855788053
1778454728706774678,0.29173092825850144,-0.128807414435393,9.324450182352164,-0.0001629428481353997,-0.0022614285659629772,0.0007240389318820244
1778454728727220588,0.2858198851815861,-0.12644433710345424,9.331543217443295,-0.0029581967282825694,-0.0008978900878424054,-0.0011167380135807454
1778454728747686239,0.27947006824886644,-0.10485960738082611,9.315782787495506,-0.002276427489222285,-0.001988720870338863,0.0016785158665664232
1778454728768062222,0.2820642908772819,-0.11446089029771139,9.325447963745555,-0.002344604413128313,0.0013519484010565339,0.0012012773992242237
1778454728788550132,0.2807622388850687,-0.10248324499045397,9.322987094094858,-0.002276427489222285,-0.0010342439356544608,0.003246585116405079
1778454728808981987,0.2772303954759139,-0.12761963084181882,9.318227737224897,0.0005188263909248845,-0.001579659326902693,0.0015421620187543662
1778454728829477545,0.26531173362672833,-0.11809062054309308,9.327599764533506,-0.0009810659350077428,-0.001102420859560492,-0.0012530918613928017
1778454728849898991,0.30115803727414814,-0.1000509960749999,9.323293537627533,-0.0028900198043765417,-0.00035247469659417663,0.0017466927904724518
1778454728870432272,0.2917045119807694,-0.09890209508185416,9.333932643379171,-0.0031627275000006526,0.001079240705432423,0.001064923551412167
1778454728890824904,0.28899279752346074,-0.09645394636075838,9.313502063718081,-0.0037081428912488813,0.002579133031365047,0.0011331004753181951
1778454728911328295,0.2832931536466812,-0.11326819206389035,9.327860291822816,-0.0009810659350077428,0.0017610099444927071,4.2269692821739376e-05
1778454728931772464,0.30246255960536406,-0.11561714330666467,9.324568548041066,-0.002549135184846396,-0.0006933593161243187,0.00011044661672776797
1778454728952195300,0.2868523687699752,-0.10248922386058718,9.32907530959222,-0.001458304402349942,-0.0016478362508087208,-0.0009122072418626596
1778454728972736987,0.28563262990528904,-0.10846772797709542,9.325481535148107,-0.0002992966959474569,5.6586846841989724e-05,-0.0013212687852988303
1778454728993126675,0.27361225369763387,-0.1120749617151261,9.322911125549133,-0.0004356505437595141,0.0021018945640228492,-0.002616630339513372
1778454729013624992,0.2916419615652641,-0.10965396105334752,9.32557867427527,0.0001779417713947424,0.0013519484010565339,-0.002616630339513372
1778454729034005921,0.28551019739839056,-0.10844385832407011,9.317087850211395,-0.0029581967282825694,0.0011474176293384472,0.0031784081924990503
1778454729054416645,0.2821359651975003,-0.10849483020890521,9.332620486482604,-0.0015264813262559698,-0.00021612084878212118,0.0005876850840699673
1778454729074924740,0.282085964462118,-0.112073102282016,9.327837333701133,0.0010642417821731132,0.0010110637815263918,-0.0006394995462385453
1778454729095321965,0.29415956919545594,-0.11804430021022419,9.330443046262603,-0.0032309044239066838,-0.00035247469659417663,0.000792215855788053
1778454729115809060,0.2903332560073405,-0.09647901178781032,9.323113391754262,-0.0013219505545378832,0.003601786889955473,0.0014739850948483377
1778454729136285340,0.2796390757157373,-0.11326460474181044,9.3242073625244,-0.0011174197828198,-0.0006933593161243187,0.001064923551412167
1778454729156725713,0.2938515942999653,-0.09406412154030519,9.318363810375343,-0.0024127813370343407,0.002579133031365047,0.0015421620187543662
1778454729177166789,0.2734865934004349,-0.09889438832275116,9.319265290431394,-0.0029581967282825694,0.0009428868576203606,-0.0009122072418626596
1778454729197636403,0.29163702088725874,-0.10247695720453276,9.3279503927496,-0.0021400736414102263,-0.0008297131639363811,0.002769346649062879
1778454729218061553,0.277178879837936,-0.11206149928504511,9.320568565607042,-0.0015946582501619976,-0.0015114824029966618,-2.5907231084289217e-05
1778454729238501852,0.29036062772147975,-0.11083642943587196,9.319569052653703,-0.0009810659350077428,-0.0011705977834665197,-9.408415499031781e-05
1778454729258965780,0.2796058078871856,-0.10727808495041113,9.32418529817284,-0.0028900198043765417,0.001420125324962565,0.0004513312362579105
1778454729279476190,0.28451536285037016,-0.11087818987178943,9.330268207029766,-0.0002992966959474569,-0.00014794392487608998,0.0036556466598412496
1778454729299901859,0.30248347573890233,-0.10366115347602706,9.330519908578452,-0.0024127813370343407,-0.000488828544406239,-0.001389445709204859
1778454729320449047,0.283011793014032,-0.09407722922709078,9.315798707416807,0.0002461186953007701,0.0015564791727746205,0.0002468004645398247
1778454729340811938,0.2807038716962711,-0.1108439129958198,9.315823397098436,-0.0024809582609403684,0.0012155945532444784,4.2269692821739376e-05
1778454729361259107,0.2807504466562436,-0.11922504070377882,9.315854287190621,-0.0005038274676655435,-0.0027386670333051748,0.000792215855788053
1778454729381744850,0.28078466992120243,-0.10966365878970091,9.32181447346863,-0.0027536659565644828,0.0018291868683987314,-0.0030256918829495434
1778454729402172408,0.291495385134527,-0.10842937749161013,9.315981478620147,-0.002276427489222285,0.0027154868791771022,0.0015421620187543662
1778454729422681392,0.27715322101150175,-0.09172438174644854,9.326489036052243,-0.0024809582609403684,-0.0022614285659629772,-0.001389445709204859
1778454729443153265,0.27594754672953403,-0.10966569559445877,9.319342096766944,-0.0024127813370343407,-0.0022614285659629772,-0.0007076764701445738
1778454729463762601,0.29400311140870783,-0.10246570895085727,9.32558928755614,-0.00023111977204142917,-0.002329605489869005,-0.0009122072418626596
1778454729484085399,0.28666491550856876,-0.10962871825464782,9.313513514788772,-0.0009810659350077428,-0.000488828544406239,0.0016103389426603948
1778454729504514846,0.28920419672359654,-0.11563126939582918,9.320767256731685,-0.0010492428589137705,0.001079240705432423,0.0021557543339086227
1778454729525024163,0.28088542884326495,-0.11207531645842156,9.327818788449763,-0.004049027510779023,-0.0012387747073725475,0.0024966389534387652
1778454729545476314,0.2918033600300176,-0.13240955616152913,9.328060714507405,-0.003503612119530798,-0.0009660670117484366,0.003042054344686993
1778454729566094502,0.28675882287981147,-0.13595917548550804,9.310013304391335,-0.0012537736306318555,-0.0017160131747147485,-0.000844030317956631
1778454729586487634,0.2818095445074741,-0.10005914329403126,9.313404030820793,-0.0009128890111017134,5.6586846841989724e-05,0.0016785158665664232
1778454729606920284,0.2770598731064473,-0.10007822985095,9.316927143359615,0.0006551802387369417,0.0012155945532444784,0.0006558620079759958
1778454729627506972,0.2892874652875307,-0.11803951711411764,9.325572473864716,0.0001779417713947424,0.001420125324962565,-0.00016226107889634597
1778454729647854567,0.28309143781744694,-0.13356098024686844,9.306351549352296,-0.002344604413128313,-0.0024659593376810604,-0.0005713226223325175
1778454729668285106,0.28435129606150467,-0.10965019635961987,9.319471913526538,-0.0012537736306318555,0.00032929454246610756,0.004269238974995506
1778454729688718683,0.2856084859814503,-0.10726701406838335,9.324278024429692,-0.0028218428804705105,-7.976700097006573e-05,-0.002752984187325429
1778454729709148167,0.2722892855718825,-0.11205330623850634,9.314498895361051,-0.002685489032658455,-0.0013069516312785787,0.0012012773992242237
1778454729729650169,0.28087459205084697,-0.11326921046626925,9.326624103471973,-0.0016628351740680287,-0.0006933593161243187,-0.0021393918721711726
1778454729750060597,0.28088200306785516,-0.12403471623949136,9.323066525760478,-0.002685489032658455,0.00012476377074802092,-0.0010485610896747168
1778454729770626378,0.2794284339668993,-0.10365548352168191,9.31338017892899,-0.0017991890218800842,-0.0004206516205002078,-0.0020030380243591154
1778454729790993676,0.28313992365023366,-0.11084630454387312,9.31825868329738,-0.0031627275000006526,0.0008747099337143363,0.0033829389642171357
1778454729811374753,0.28682726940972936,-0.11683641165735231,9.321933676947356,-2.658900032334252e-05,0.00019294069465405211,-0.0011167380135807454
1778454729831845977,0.2748194428821972,-0.11327005149700048,9.322934083670814,0.001132418706079141,-0.0014433054790906341,0.0003831543123518819
1778454729852274628,0.2878928228415609,-0.12398392172630399,9.309987720939585,-0.0028218428804705105,-0.00028429777268815237,0.0024284620295327367
1778454729872747797,0.29284249718411703,-0.10965174687694196,9.325597219526642,-0.002549135184846396,-0.0027386670333051748,0.0005195081601639387
1778454729893162207,0.28551609351280305,-0.10007296046740771,9.320654253663514,-0.0007765351632896562,0.0018973637923047626,-9.408415499031781e-05
1778454729913724357,0.2870612976311083,-0.11807804497125066,9.337526361842988,-0.0013901274784439144,0.0028518407269891577,-0.0005713226223325175
1778454729934201860,0.28542788427086363,-0.0904877089003045,9.318220755004813,-0.002276427489222285,-0.00014794392487608998,-0.00036679185061443175
1778454729954584825,0.2786643998499574,-0.09417474464394993,9.346901070461964,-0.002003719793598171,-0.0007615362400303499,0.0006558620079759958
1778454729975001105,0.2892216870817249,-0.11563467934626137,9.321966354579786,-0.002003719793598171,-0.0015114824029966618,-0.0009122072418626596
1778454729995413848,0.29063381988582304,-0.10969368468450719,9.338750205353017,-0.0013219505545378832,-7.976700097006573e-05,0.0024966389534387652
1778454730015875573,0.28072554528110705,-0.10845612498012452,9.318212767054014,-0.001867365945786112,-0.0012387747073725475,0.0024284620295327367
1778454730036248575,0.28094284059565544,-0.1192625501585329,9.329044363519738,-0.0007765351632896562,-0.0007615362400303499,-0.00043496877452046034
1778454730056737226,0.28076717956307407,-0.10966024883926873,9.320615375620529,0.0003824725431128273,-0.0005570054683122633,-2.5907231084289217e-05
1778454730077170858,0.2914929147955242,-0.10484087556720278,9.317167337857311,-0.0043899121303091655,0.00012476377074802092,0.0018148697143784802
1778454730097637416,0.2927542879421775,-0.10006649530983874,9.32316372086794,-0.003094550576094625,-0.0008978900878424054,-0.0017303303287350019
1778454730118077548,0.29393466487879005,-0.12158847277901308,9.313668915000118,-0.0024127813370343407,-0.0022614285659629772,-0.0022757457199832297
1778454730138533402,0.28921598895242173,-0.09888947368250434,9.327900063635923,-0.0001629428481353997,0.0008065330098083051,0.0014058081709423095
1778454730158981349,0.28552521741751624,-0.10485876635009495,9.31947280729666,0.0003142956192067996,0.001420125324962565,-0.0013212687852988303
1778454730179407425,0.2749194443529618,-0.10611350735077879,9.332500389233756,-0.0009810659350077428,-0.00389767473970766,-0.0009803841657686882
1778454730199815187,0.28688221082311716,-0.12043514343305622,9.324345111254496,-0.0011174197828198,-0.0017841900986207762,-0.0010485610896747168
1778454730220336227,0.27728952011600927,-0.12882716465139527,9.321829443639514,-0.0038444967390609402,0.0003974714663721318,-0.0006394995462385453
1778454730240715988,0.2784885408322667,-0.10968854684510515,9.3289719700545,-0.0008447120871956856,0.0003974714663721318,0.0016785158665664232
1778454730261237398,0.2904480795121215,-0.1108534791880329,9.325564541894213,-0.0032309044239066838,-7.976700097006573e-05,0.003042054344686993
1778454730281664086,0.29045720341683456,-0.11563928507072019,9.32438309552736,-0.002344604413128313,5.6586846841989724e-05,-0.0013212687852988303
1778454730302132255,0.290601309508569,-0.11327536670805019,9.335166150419647,-0.001458304402349942,0.0021700714879288735,4.2269692821739376e-05
1778454730322575313,0.29162200086813306,-0.10606204917850798,9.325565435664334,-0.0009128890111017134,-0.0015114824029966618,0.0021557543339086227
1778454730342917611,0.2820618205382792,-0.11087238837330399,9.32663382298272,-0.0005720043915715713,-0.0028750208811172337,0.0009285697036001098
1778454730363423317,0.28692974121949677,-0.11326836943553811,9.33031412327313,-0.0028900198043765417,0.000465648390278163,-0.0026848072634194004
1778454730383879209,0.28562920412987913,-0.12042712775816522,9.320729272458822,-0.0009810659350077428,-0.0005570054683122633,0.0009967466275061384
1778454730404357452,0.28948081466334974,-0.10252912486339455,9.344700672120283,0.0001779417713947424,0.00012476377074802092,0.0016103389426603948
1778454730424800621,0.290592185603856,-0.10848956082536293,9.336347596786503,-0.0005038274676655435,-0.00389767473970766,-0.0005713226223325175
1778454730445244012,0.28330303500269205,-0.12762219976151984,9.323116854874156,-9.476592422937198e-05,-0.0014433054790906341,0.00011044661672776797
1778454730465815107,0.28672651048766695,-0.11442475398863167,9.315929361966225,-0.003435435195624767,0.0009428868576203606,0.0017466927904724518
1778454730486224350,0.2795883175290572,-0.10727467499997895,9.322986200324737,-0.0013219505545378832,-0.0012387747073725475,0.0004513312362579105
1778454730506716982,0.2857607605414907,-0.1252368032938778,9.32794151102868,-0.0005720043915715713,0.001965540716210787,4.2269692821739376e-05
1778454730527134596,0.29167447194251805,-0.10607227902980454,9.329162729208639,-0.002685489032658455,-0.0020568977942448906,0.0020875774100025946
1778454730547622524,0.28673240660207944,-0.10605385613196922,9.319495765418342,-0.0026173121087524273,0.0006020022380902185,0.0004513312362579105
1778454730568068952,0.2830758583321328,-0.10246176688548198,9.317028695357093,-0.003435435195624767,0.0017610099444927071,-0.002957514959043515
1778454730588435677,0.28434787028609476,-0.12160959614068972,9.314719650837255,-0.0002992966959474569,-0.0004206516205002078,-0.0005031456984264889
1778454730608895105,0.28776126642994937,-0.11917424619059144,9.302775482369727,-0.0008447120871956856,0.0008747099337143363,0.004678300518431678
1778454730629362848,0.2821625794603416,-0.11328404604202466,9.332638137963851,-0.0011174197828198,-0.00028429777268815237,0.0009967466275061384
1778454730649766240,0.29772201210905047,-0.12042203574627064,9.326910214213036,-0.002549135184846396,-0.0004206516205002078,0.0008603927796940812
1778454730670344946,0.3039155692401315,-0.10131207068911247,9.347316997962619,-0.000640181315477599,-0.00021612084878212118,0.0014739850948483377
1778454730690626856,0.2879587990324761,-0.1012726559737408,9.32309395273277,-0.0020718967175041986,-0.0017160131747147485,0.0003831543123518819
1778454730711090654,0.2918092561444302,-0.12403865830486674,9.331627117959524,-0.00036747361985348635,0.002647309955271078,0.002360285105626708
1778454730731548490,0.28694057801191475,-0.11207447542769033,9.33150880825092,-0.0011855967067258277,-0.0015114824029966618,0.003042054344686993
1778454730752001215,0.29029903274238156,-0.10604039370188817,9.317153205476252,-0.0013219505545378832,-0.0007615362400303499,0.0016103389426603948
1778454730772301828,0.28835155739449636,-0.1467974859918328,9.332854424589447,-0.001458304402349942,-0.0012387747073725475,0.0004513312362579105
1778454730792758090,0.28325570259142174,-0.10967287023861855,9.326647955363779,-0.0027536659565644828,-0.0008297131639363811,0.00011044661672776797
1778454730813214925,0.2878696343541294,-0.10723530611211479,9.314722332147621,-0.00036747361985348635,-0.0021932516420569495,-0.0005713226223325175
1778454730833640576,0.2794924992850002,-0.11204002118007306,9.314610166869276,-0.0009128890111017134,-0.00035247469659417663,0.0031784081924990503
1778454730854092949,0.2834372597384157,-0.11090427370122036,9.338643346715108,-0.0019355428696921397,0.0036699638138615043,-0.0015939764809229447
1778454730874604766,0.2878987189559735,-0.11561302386964162,9.313554124391706,-0.0024809582609403684,-0.00014794392487608998,0.00011044661672776797
1778454730895127120,0.28683316552414195,-0.10846551380068986,9.325500080399477,-0.0002992966959474569,-7.976700097006573e-05,0.0011331004753181951
1778454730915644993,0.2795991543214752,-0.10608078099213131,9.324180885302527,-0.0017310120979740565,0.001965540716210787,-0.0011167380135807454
1778454730936025588,0.28794130867434775,-0.10126924602330861,9.321894854884668,-0.0005038274676655435,0.0006020022380902185,-0.0009803841657686882
1778454730956499590,0.28315836944476913,-0.09530181278882816,9.325395903071932,-0.0010492428589137705,-0.001102420859560492,-0.0005713226223325175
1778454730976958926,0.2881428265184727,-0.1060925613607499,9.333903484846934,0.0003142956192067996,0.0009428868576203606,-0.0015939764809229447
1778454730997386873,0.287009584008021,-0.12763601693489632,9.330367077716877,-0.00466261982593328,-0.0011705977834665197,0.0020875774100025946
1778454731017925375,0.28442125749401803,-0.10966383616134862,9.324268304918945,4.1587923582685205e-05,-0.0012387747073725475,-0.0013212687852988303
1778454731038397081,0.2844395053034442,-0.11923544792672314,9.32190541218524,-0.0016628351740680287,0.0014883022488685893,-0.002616630339513372
1778454731058890436,0.29140032434176766,-0.12276292548664655,9.304043454582876,-0.0005038274676655435,0.0009428868576203606,0.0014739850948483377
1778454731079359845,0.292715881450511,-0.11201907519004417,9.316013262482455,-0.003094550576094625,0.0014883022488685893,0.0002468004645398247
1778454731099785533,0.29398048238746477,-0.12040139867202981,9.317261795674112,0.0007915340865489989,-0.001852367022526804,0.0012012773992242237
1778454731120288572,0.28199604233247344,-0.10846755060544772,9.32302770369779,-0.0037081428912488813,0.000465648390278163,0.0002468004645398247
1778454731140674093,0.2807413227515305,-0.11443923482109164,9.317035733557473,-0.002685489032658455,0.0007383560859022739,0.0009967466275061384
1778454731161125281,0.29978753875201714,-0.10719611459589834,9.308912295420818,-0.003026373652188597,-0.00021612084878212118,0.0009967466275061384
1778454731181592468,0.2868057938100027,-0.09410809615262822,9.329044419500034,0.00010976484748871293,0.00032929454246610756,-0.0013212687852988303
1778454731202091545,0.2892241574207276,-0.11922318127066872,9.320780495342621,-0.0028218428804705105,0.0006701791619962497,0.0018830466382845088
1778454731222631232,0.2928208235992811,-0.1120395348926373,9.323207849571062,-0.0001629428481353997,0.0021700714879288735,0.0002468004645398247
1778454731243059698,0.2858082909378703,-0.1180700292963596,9.333910523047313,-0.0016628351740680287,0.0005338253141841942,-0.0020030380243591154
1778454731263480219,0.29868282137722124,-0.10243298259220979,9.31726978362491,-0.003094550576094625,-0.0012387747073725475,0.0014739850948483377
1778454731283875221,0.2867481840725029,-0.11203696597293628,9.318318731921803,0.0003142956192067996,-0.0020568977942448906,0.0021557543339086227
1778454731304363686,0.2845395067742089,-0.11207890378050145,9.33147171774818,0.0006551802387369417,-0.0028750208811172337,-0.0035711072741977713
1778454731325117559,0.28425472036614985,-0.1048473407247717,9.314657870652885,-0.0028218428804705105,5.6586846841989724e-05,0.0014739850948483377
1778454731345432173,0.28425472036614985,-0.1048473407247717,9.314657870652885,-0.0017310120979740565,0.00032929454246610756,0.003042054344686993
1778454731365911156,0.28567159586314406,-0.1311994534322517,9.319569890443528,-0.00023111977204142917,0.00019294069465405211,-0.0019348611004530868
1778454731386388937,0.29524432587312066,-0.11921552033907318,9.322072319447575,-0.0027536659565644828,-0.00021612084878212118,0.00011044661672776797
1778454731406822272,0.2891260668227772,-0.095283922005936,9.32309043363258,-0.0008447120871956856,0.0017610099444927071,0.0011331004753181951
1778454731427289793,0.28810613291451104,-0.1120654413504204,9.32912915780609,-0.002276427489222285,0.0005338253141841942,0.0009967466275061384
1778454731447744851,0.28429464176041197,-0.11203116447445083,9.314684347874758,-0.0032990813478127115,0.0031245484226132755,0.0006558620079759958
1778454731468193650,0.2844828524731162,-0.11445987189533247,9.326684152096398,-0.000640181315477599,-0.0008978900878424054,0.0014058081709423095
1778454731488620152,0.2818536491284439,-0.10485176907758281,9.314620780150143,-0.001458304402349942,0.0006701791619962497,-0.0009122072418626596
1778454731509074229,0.2809694548584969,-0.12405176599165232,9.329062015000988,-0.0009810659350077428,-0.0009660670117484366,-0.00029861492670840315
1778454731529534435,0.2830842247855482,-0.09767937095322693,9.319409239572046,-0.0005038274676655435,-7.976700097006573e-05,0.0009285697036001098
1778454731549991993,0.2856567738291277,-0.10966844188580743,9.326685045866519,-0.0011174197828198,0.00026111761856007637,0.0017466927904724518
1778454731570423754,0.287979517180905,-0.11443276966352267,9.3195452007619,-0.0005038274676655435,-0.002329605489869005,-0.0005713226223325175
1778454731590830109,0.29144956762585217,-0.10961645159859346,9.312388597946153,-0.0017991890218800842,-0.0017160131747147485,0.001337631247036281
1778454731611261592,0.2746513908517333,-0.089317152430539,9.320447630568369,-0.001458304402349942,0.003260902270425331,0.0003149773884458533
1778454731631691317,0.2903889548720261,-0.10964594537845651,9.321962835479594,-0.0017991890218800842,0.0018291868683987314,-0.0017303303287350019
1778454731652138986,0.2819677151819271,-0.10965803466286317,9.320633920871899,-0.0015946582501619976,-0.0045112670548619165,0.0006558620079759958
1778454731672637007,0.28903594670802335,-0.11679447384978711,9.308780691120981,-0.000640181315477599,0.00237460225964696,0.0024284620295327367
1778454731693062083,0.27708401703028607,-0.10127894375966207,9.318130654078027,-0.002276427489222285,-0.0024659593376810604,-0.0031620457307615997
1778454731713492345,0.29020664027373444,-0.09884634010091253,9.313529434710075,-0.0031627275000006526,-7.976700097006573e-05,0.0029738774207809645
1778454731733938718,0.3072171716843962,-0.12277506059856064,9.318673717027913,-0.0021400736414102263,0.00032929454246610756,-0.0007758533940506024
1778454731754385035,0.2975522471908817,-0.10244883657034409,9.322047629765946,-0.0017991890218800842,-0.0010342439356544608,-0.0005031456984264889
1778454731774850889,0.28920590961130144,-0.10965156950529426,9.323143388076325,-0.003026373652188597,0.0003974714663721318,0.002360285105626708
1778454731795251484,0.2904414259464111,-0.10965617522975307,9.3255601290239,-0.001458304402349942,-0.0017841900986207762,0.0016103389426603948
1778454731815767357,0.28676985765733887,-0.10964917795724094,9.320708101877381,-0.0020718967175041986,0.001692833020586676,0.0016103389426603948
1778454731836204563,0.2852845356304269,-0.10241982907791675,9.303875709530717,-0.002276427489222285,0.0016246560966806448,0.0009967466275061384
1778454731856658639,0.2880711521982543,-0.11205862144955603,9.326730962109886,-0.0008447120871956856,-0.0008297131639363811,-9.408415499031781e-05
1778454731877143364,0.2917227597901956,-0.10847370684722857,9.331569750645466,-0.002208250565316254,0.0010110637815263918,-9.408415499031781e-05
1778454731897567903,0.27599336423820875,-0.10847862148747545,9.322934977440937,-0.0007083582393836284,-0.00028429777268815237,4.2269692821739376e-05
1778454731917998498,0.29046461443384264,-0.1264047908439423,9.320825517815864,-0.0007083582393836284,0.0015564791727746205,-0.001525799557016916
1778454731938455260,0.28326235615713213,-0.11087017419689843,9.326652368234091,-0.001458304402349942,0.0011474176293384472,-0.0012530918613928017
1778454731958827392,0.2890152285595945,-0.10363436016000527,9.312329443091853,-0.0024809582609403684,0.00032929454246610756,-0.003093868806855572
1778454731979331487,0.28910268035023634,-0.1036514099121662,9.31832493233236,-0.005480742912805623,-0.0007615362400303499,0.0009967466275061384
1778454731999760878,0.2735381090384128,-0.11445251987952493,9.31692446204925,-0.0008447120871956856,-0.004443090130955889,0.0006558620079759958
1778454732020252084,0.29145793407926757,-0.10483405566633841,9.314769142161108,-0.0005038274676655435,0.0025109561074590156,-0.0009122072418626596
1778454732040658439,0.28446536211498785,-0.11445646194490028,9.325485054248297,-9.476592422937198e-05,0.0016246560966806448,-0.0005031456984264889
1778454732061052108,0.2756994539254365,-0.09646125254905846,9.307302576712495,-0.0011174197828198,0.0008065330098083051,-0.0017303303287350019
1778454732081500869,0.29630589406335406,-0.10363812485373292,9.318436203840582,-0.0019355428696921397,-7.976700097006573e-05,-0.0015939764809229447
1778454732101919260,0.28330152010009646,-0.10848579613163528,9.330240836037772,-0.0008447120871956856,-0.002670490109399147,0.0004513312362579105
1778454732122486837,0.28067972777243233,-0.10964319908710779,9.31461988638002,0.0001779417713947424,5.6586846841989724e-05,-0.002071214948265144
1778454732142895098,0.2734924895148475,-0.09052349046608876,9.322831693883513,-0.001458304402349942,-0.0008978900878424054,0.001337631247036281
1778454732163325101,0.2855343413222292,-0.10964457223278212,9.318291360929807,-0.001458304402349942,-0.0021932516420569495,-0.0032302226546676283
1778454732183818196,0.2795341335669672,-0.11324414503921731,9.31701277543579,-0.0005720043915715713,0.000465648390278163,0.002360285105626708
1778454732204229013,0.2757943167330865,-0.10724380807444156,9.309740488241507,0.0007915340865489989,0.0008747099337143363,-0.0019348611004530868
1778454732224711312,0.2820068791248914,-0.10727365659760002,9.32422238867558,-0.001867365945786112,0.0005338253141841942,0.0009967466275061384
1778454732245156407,0.28662575156560444,-0.11201309631991097,9.309925046985091,-0.0027536659565644828,-0.0007615362400303499,-0.0009122072418626596
1778454732265588909,0.29152618262407604,-0.11082739535860203,9.317189402208871,-0.0033672582717187392,0.0017610099444927071,-0.0005031456984264889
1778454732286097282,0.27940600293076556,-0.09647506972243497,9.314552799555218,-0.0024127813370343407,0.001079240705432423,0.0012694543231302523
1778454732306556914,0.28683886365344513,-0.1252107194644469,9.319566371343338,0.000587003314830914,-0.0038294978158016323,0.0017466927904724518
1778454732327027323,0.2833830757763257,-0.1168737437404587,9.332669921826161,-0.0010492428589137705,0.00012476377074802092,0.0009967466275061384
1778454732347452696,0.28930419819436126,-0.1084747252496075,9.330333562294625,-0.000640181315477599,0.0006701791619962497,0.0007240389318820244
1778454732367862180,0.2882219118556991,-0.11089200704516594,9.337518429872487,-0.002208250565316254,0.0017610099444927071,0.0002468004645398247
1778454732388316608,0.2783335979481142,-0.11324635921562287,9.31699423018442,-0.0016628351740680287,-0.001102420859560492,-0.0012530918613928017
1778454732408713222,0.29294078576717675,-0.10847490262125525,9.33278739374494,-0.002003719793598171,0.0027154868791771022,-0.00016226107889634597
1778454732429179483,0.28336235762789685,-0.10371363005067685,9.336218673797031,-0.0015946582501619976,0.0010110637815263918,-0.00036679185061443175
1778454732449632708,0.2881302768383497,-0.11326615525913256,9.330332668524502,0.0003142956192067996,-0.0036249670440835456,0.0020875774100025946
1778454732470059099,0.28816107432789884,-0.11566417312612445,9.331540592113228,-2.658900032334252e-05,0.0009428868576203606,-0.001525799557016916
1778454732490619583,0.275916749239985,-0.10726767772746687,9.318134173178219,-0.002276427489222285,-0.00014794392487608998,0.0002468004645398247
1778454732510882215,0.2856508777147152,-0.11803933974246988,9.323118642414398,-0.002344604413128313,-0.0014433054790906341,-0.0017985072526410305
1778454732531332551,0.2926909800753744,-0.10125015946638988,9.318371742345846,-0.000640181315477599,-0.0008297131639363811,0.0018830466382845088
1778454732551753942,0.28442050004272024,-0.10009563434640639,9.327830295500753,-0.0038444967390609402,0.000465648390278163,-0.00029861492670840315
1778454732572215963,0.2881768517983222,-0.12164728296709151,9.330363558616687,-0.0017991890218800842,0.000465648390278163,0.0017466927904724518
1778454732592644521,0.2712860845704468,-0.11927003371848077,9.32529870796447,-0.0009810659350077428,-0.0006933593161243187,0.0006558620079759958
1778454732613063282,0.2793693093268039,-0.10244794971210547,9.30977847251437,0.0003142956192067996,-0.00035247469659417663,0.0014058081709423095
1778454732633554007,0.29029656240337887,-0.10245189177748082,9.318339064713417,-0.0036399659673428536,0.001079240705432423,0.0019512235621905374
1778454732653972750,0.2807629963363665,-0.11205144680539625,9.319425103513051,-0.0033672582717187392,0.0006701791619962497,0.0003831543123518819
1778454732674430308,0.282085964462118,-0.112073102282016,9.327837333701133,-0.0028218428804705105,0.0009428868576203606,0.0003149773884458533
1778454732694814088,0.2712828567801463,-0.10611332997913109,9.33004655778344,-0.002685489032658455,-0.0004206516205002078,0.0015421620187543662
1778454732715186313,0.2771148145198352,-0.10367696162665391,9.319338577666754,-0.0001629428481353997,-0.0021250747181509183,-0.0013212687852988303
1778454732735723648,0.2831366958599332,-0.09768960080452349,9.32300653311635,-0.0011174197828198,-0.0013069516312785787,-0.0021393918721711726
1778454732756093651,0.28815442076218845,-0.11446686916784457,9.331536179242915,-0.002208250565316254,0.0021700714879288735,0.0009285697036001098
1778454732776530542,0.2784451936625947,-0.11446412287649588,9.324193230143342,0.00010976484748871293,-0.001102420859560492,0.00017862354063379613
1778454732797008711,0.289115987481657,-0.10604601782872591,9.318333758072983,-0.0011855967067258277,0.0006701791619962497,-0.002207568796077201
1778454732817486288,0.28687555725740677,-0.1192378394747764,9.324340698384184,-0.0011855967067258277,-0.00028429777268815237,-0.003093868806855572
1778454732837966975,0.2845011002825423,-0.12403148366070693,9.324321259362693,-0.002344604413128313,0.001079240705432423,-0.0015939764809229447
1778454732858366866,0.2892800542705225,-0.10727401134089548,9.329130051576211,-0.0007765351632896562,-0.0006251823922182945,-0.002616630339513372
1778454732878895295,0.27699066912523174,-0.10963279186416353,9.3085687613854,-0.00023111977204142917,0.0018291868683987314,-0.00023043800280237456
1778454732899294038,0.274694540036296,-0.10965767991956771,9.31572625797127,-0.0012537736306318555,0.0008065330098083051,0.001337631247036281
1778454732919766355,0.2987660899411553,-0.10484123031049825,9.322075000757941,-0.0019355428696921397,0.0021018945640228492,4.2269692821739376e-05
1778454732940248191,0.28563262990528904,-0.10846772797709542,9.325481535148107,-0.0015264813262559698,0.0027154868791771022,0.0026329928012508224
1778454732960684267,0.2759618092973618,-0.09651240180554133,9.32528904443402,-0.0016628351740680287,-0.0005570054683122633,-0.0013212687852988303
1778454732981156047,0.29289002758049665,-0.10248497287942376,9.331566231545276,-0.003503612119530798,0.0015564791727746205,-0.0012530918613928017
1778454733001563494,0.29272273300133067,-0.08810027562790462,9.325517787861024,-0.0021400736414102263,0.0027154868791771022,0.0029738774207809645
1778454733022064070,0.28326653938383983,-0.10847897623077091,9.327842640341569,-0.0009128890111017134,0.000465648390278163,-0.001525799557016916
1778454733042485184,0.29020664027373444,-0.09884634010091253,9.313529434710075,-0.0024809582609403684,-0.0017841900986207762,0.0021557543339086227
1778454733062963816,0.296400756871004,-0.11442068037911601,9.320874115369595,-0.0012537736306318555,0.00237460225964696,0.0004513312362579105
1778454733083497763,0.28199508689606634,-0.12401545231092487,9.317089581771341,0.0003142956192067996,0.0008065330098083051,-0.00043496877452046034
1778454733103910784,0.2783261869311061,-0.10248085344240071,9.320551807895916,-0.0013219505545378832,0.0005338253141841942,-0.0026848072634194004
1778454733124373971,0.2878030986970258,-0.09526226652931624,9.3146782034445,-0.0015264813262559698,-7.976700097006573e-05,0.002564815877344794
1778454733144826640,0.276010854596337,-0.10848203143790763,9.32413407528904,-0.0008447120871956856,0.003329079194331362,0.00011044661672776797
1778454733165195679,0.29056955658261285,-0.12642525054653544,9.328020104904473,-0.0002992966959474569,-0.0009660670117484366,-0.0028211611112314576
1778454733185772608,0.28088295850426226,-0.10848681453401421,9.32900464768693,-0.0015264813262559698,-7.976700097006573e-05,0.0031102312685930217
1778454733206168517,0.27978318180747186,-0.11090068637914036,9.33499041741669,-0.002208250565316254,0.0015564791727746205,0.00011044661672776797
1778454733226648761,0.2795326186643716,-0.09410774140933276,9.324136756599405,-0.002276427489222285,0.0010110637815263918,0.0017466927904724518
1778454733247135541,0.29167941262052355,-0.1132492828786193,9.326791010734308,-0.0016628351740680287,0.0008747099337143363,-0.00036679185061443175
1778454733267562302,0.28705464406539793,-0.11688074101297077,9.337521948972677,-0.004321735206403138,0.00026111761856007637,0.0015421620187543662
1778454733288033323,0.2878063264873263,-0.10841897026866587,9.309930353625527,0.0010642417821731132,-0.0017160131747147485,0.0031102312685930217
1778454733308458863,0.2842263932156034,-0.1060378247821872,9.312264087826994,-0.0008447120871956856,0.0006701791619962497,-9.408415499031781e-05
1778454733328942902,0.2832798465152605,-0.11087358414733062,9.327851466082192,-0.002276427489222285,0.00026111761856007637,-0.0014576226331108875
1778454733349330423,0.29029656240337887,-0.10245189177748082,9.318339064713417,-0.0015946582501619976,-0.0014433054790906341,0.0029057004968749364
1778454733369753833,0.2928550468642399,-0.10247815297855939,9.329168035849074,-0.0032990813478127115,-0.0007615362400303499,0.001064923551412167
1778454733390175872,0.2915012812489395,-0.10005847963494774,9.319547882072264,0.000927887934361056,-0.0008978900878424054,-0.0014576226331108875
1778454733410831615,0.28216429234804663,-0.1073043461514897,9.335014269308493,-0.0020718967175041986,-0.0016478362508087208,-0.0005713226223325175
1778454733431118784,0.2915404451919039,-0.09767410156968459,9.323136349875943,-0.0005720043915715713,0.0013519484010565339,-9.408415499031781e-05
1778454733451556268,0.28204433018015085,-0.1108689784228718,9.325434725134619,-0.0021400736414102263,-0.00014794392487608998,-9.408415499031781e-05
1778454733472076789,0.28699229163500206,-0.10251650346404473,9.338668092377032,-0.0010492428589137705,-0.00021612084878212118,-0.0009803841657686882
1778454733492422717,0.2832357418942907,-0.10608095836377901,9.326634716752842,-0.0020718967175041986,0.00019294069465405211,-0.0016621534048289733
1778454733512829701,0.2772712723065831,-0.1192555528860208,9.324192336373219,-0.001458304402349942,-0.0010342439356544608,0.0004513312362579105
1778454733533318703,0.28535373961164245,-0.09286526706470327,9.31223409150493,-0.000640181315477599,0.002033717640116818,0.0003149773884458533
1778454733553704798,0.29041138590815985,-0.11682635917770345,9.320790214853368,-0.0009810659350077428,-0.00035247469659417663,0.002019400486096566
1778454733574208171,0.28566932350925067,-0.10249484798742492,9.33025586218895,-0.0016628351740680287,-0.0021932516420569495,0.00017862354063379613
1778454733594664747,0.2855077270593879,-0.10485535639966276,9.31827370944856,-0.0007083582393836284,0.0025109561074590156,-0.00016226107889634597
1778454733615063916,0.2913771358543361,-0.10601430987245736,9.30877806579091,-0.004117204434685055,-0.0020568977942448906,0.0003149773884458533
1778454733635558770,0.29409379098965016,-0.11563946244236789,9.326836926977675,-0.001867365945786112,0.0021700714879288735,0.0005195081601639387
1778454733655916365,0.2881201974972295,-0.12402825108192245,9.325575992964907,0.0005188263909248845,0.0012837714771505027,0.0005195081601639387
1778454733676425220,0.2940721174048141,-0.11802725045806323,9.324447557022095,-0.002549135184846396,-0.000488828544406239,0.0018830466382845088
1778454733696811278,0.28656511202291346,-0.09166915888045007,9.31344732173409,-0.0011174197828198,-0.0013069516312785787,0.0016103389426603948
1778454733717223113,0.28557920339449683,-0.12400539983127606,9.315946119677353,-0.001867365945786112,0.0017610099444927071,0.0014058081709423095
1778454733737716597,0.2868555965602757,-0.11564592759993686,9.324327459773247,0.0005188263909248845,-0.0010342439356544608,-0.0007076764701445738
1778454733758116822,0.28777648443418447,-0.09047305069619682,9.31466055196325,-0.0009128890111017134,0.0008065330098083051,0.0022239312578146513
1778454733778599750,0.29044959441471707,-0.12998988281791746,9.318440560730597,0.00045064946701885676,-0.0013751285551846064,4.2269692821739376e-05
1778454733798989734,0.2798995202148483,-0.14441155740924755,9.330317586393026,-0.0004356505437595141,0.0008065330098083051,-0.0009803841657686882
1778454733819427810,0.2928491507498274,-0.11084905083522179,9.325601632396955,-0.0043899121303091655,-0.0032840824245534035,0.001337631247036281
1778454733839909664,0.3011721018568666,-0.11201380580650189,9.31974037278635,0.0008597110104550266,0.001692833020586676,0.0012694543231302523
1778454733860339556,0.2877930193559056,-0.10602436235210616,9.309921527884901,-0.0028900198043765417,0.0008747099337143363,0.0006558620079759958
1778454733880846076,0.3000090172932731,-0.11561134180817922,9.32093416399402,-0.001458304402349942,-7.976700097006573e-05,-0.0019348611004530868
1778454733901214597,0.28077212024107956,-0.11683725268808354,9.3182436571462,-0.0011855967067258277,-0.0019205439464328351,0.0020875774100025946
1778454733921772044,0.2844811395854112,-0.12043957178586734,9.324308020751756,-0.002549135184846396,-0.00028429777268815237,-0.0009122072418626596
1778454733942178454,0.292715881450511,-0.11201907519004417,9.316013262482455,-0.003026373652188597,0.000465648390278163,0.0011331004753181951
1778454733962573919,0.2880120275581589,-0.11085108763997964,9.323129255695267,-0.0013219505545378832,0.0009428868576203606,0.0018148697143784802
1778454733983057607,0.2916594519233925,-0.1096573710037797,9.326777772123371,-0.0009810659350077428,-1.1590077064034532e-05,0.0015421620187543662
1778454734003418739,0.2926850839609618,-0.10962105732305227,9.314805338893727,-2.658900032334252e-05,0.0008747099337143363,-0.002207568796077201
1778454734023998111,0.27841192583404295,-0.10847760308509652,9.324171165791782,-0.0033672582717187392,-0.003011374728929289,-0.00036679185061443175
1778454734044352077,0.28205269663356614,-0.10608658249061675,9.327815269349571,-0.002003719793598171,-0.0024659593376810604,0.0026329928012508224
1778454734064855875,0.28709456545966006,-0.1240645647626499,9.33754842619455,-0.0024809582609403684,0.0007383560859022739,-0.0011167380135807454
1778454734085348896,0.2772246973466107,-0.11087442517806179,9.324161446281034,-0.00036747361985348635,0.001079240705432423,-0.00036679185061443175
1778454734105721861,0.2889061031841167,-0.10600509842353961,9.303944583895765,-0.002685489032658455,0.0005338253141841942,-0.0009122072418626596
1778454734126379142,0.2843897025531712,-0.0976976164794145,9.326622371912027,-0.00036747361985348635,0.00019294069465405211,-0.0016621534048289733
1778454734146659514,0.2819194273342497,-0.10725660684543908,9.318226899435071,-0.0028218428804705105,-0.0024659593376810604,-0.0006394995462385453
1778454734167099443,0.28072307494210436,-0.10486762305571712,9.319398626291179,-0.003094550576094625,0.0025109561074590156,-9.408415499031781e-05
1778454734187619149,0.2867590208649209,-0.11084307196508864,9.319513416899591,-0.0015946582501619976,-0.00035247469659417663,-0.0005713226223325175
1778454734208039577,0.2998483762798174,-0.10242394851493986,9.314890133180077,-0.0004356505437595141,-0.0021932516420569495,-0.0021393918721711726
1778454734228509820,0.2842231654253029,-0.09288112104283758,9.317011937645965,-0.0010492428589137705,0.0005338253141841942,-0.0020030380243591154
1778454734248933304,0.28214090587550567,-0.11567183405772,9.330248768008273,-0.000640181315477599,-0.00035247469659417663,0.0012694543231302523
1778454734269353454,0.2809012063136884,-0.11805842629938867,9.326641754953222,-0.001458304402349942,-0.0008297131639363811,0.0020875774100025946
1778454734289820179,0.2844530104199743,-0.09651395232286336,9.331414350434121,-0.003094550576094625,-0.0008978900878424054,0.0006558620079759958
1778454734310223940,0.2878487182205911,-0.11919129594275238,9.308770971610235,-0.0005038274676655435,-0.0014433054790906341,0.0003831543123518819
1778454734330783239,0.26988403110746895,-0.11444893255744504,9.313271532750834,-0.0008447120871956856,-0.00028429777268815237,0.0002468004645398247
1778454734351076741,0.2914879741175188,-0.09766387171838803,9.319539056331639,-0.00036747361985348635,0.0015564791727746205,0.002360285105626708
1778454734371514947,0.28792704610651987,-0.11442253981222611,9.315947907217597,-0.0015264813262559698,0.0006020022380902185,0.0003831543123518819
1778454734392020524,0.2856425112612998,-0.12282173567472493,9.320738098199445,-0.0015946582501619976,-0.0012387747073725475,0.002019400486096566
1778454734412508452,0.295232731629405,-0.11084121253197854,9.324439625051593,-0.004321735206403138,-0.001102420859560492,-0.00016226107889634597
1778454734432985195,0.28792533321881497,-0.12040223970276104,9.313571775872955,-0.002003719793598171,0.0013519484010565339,-0.00023043800280237456
1778454734453367068,0.2868464726555626,-0.11086012171724957,9.3255089061401,0.00010976484748871293,-0.0004206516205002078,-0.0013212687852988303
1778454734473887070,0.2867632040916285,-0.10845187399896111,9.32070368900707,-0.002003719793598171,-0.0024659593376810604,-0.003298399578573657
1778454734494352739,0.2891243539350723,-0.10126362189647092,9.320714302287938,-0.0037081428912488813,0.00012476377074802092,-0.001184914937486774
1778454734514841834,0.2783769451177862,-0.10847078318423214,9.321772970095578,-0.003503612119530798,-0.0020568977942448906,0.0002468004645398247
1778454734535357522,0.28562673379087644,-0.11683862583375787,9.321915131695986,-0.0013219505545378832,-0.0012387747073725475,-0.0011167380135807454
1778454734555761487,0.29050796160351466,-0.12162921481255162,9.325604257727022,-0.0017991890218800842,0.001965540716210787,0.0005876850840699673
1778454734576242730,0.2794525778907381,-0.10485619743039393,9.314583689647403,-0.0024809582609403684,0.0010110637815263918,-0.001525799557016916
1778454734596658084,0.2783927225882097,-0.11445389302519932,9.320595936599037,-0.002208250565316254,-0.0045112670548619165,0.001337631247036281
1778454734617029401,0.2880295179162873,-0.11085449759041183,9.32432835354337,-0.004458089054215197,-0.001102420859560492,-0.0013212687852988303
1778454734637514644,0.2711870385360893,-0.1108786761592252,9.321670524327978,-0.0024809582609403684,-0.00028429777268815237,0.0018830466382845088
1778454734657937980,0.27460880113335917,-0.1036609302768719,9.312106900075406,-0.0026173121087524273,-0.0014433054790906341,0.0008603927796940812
1778454734678414408,0.28546932056772123,-0.11680793627986816,9.311123251063071,-0.0011855967067258277,-0.0027386670333051748,0.005360069757491962
1778454734698912818,0.27599336423820875,-0.10847862148747545,9.322934977440937,0.0001779417713947424,-0.0013751285551846064,-0.0005713226223325175
1778454734719458728,0.2842281061033084,-0.10005812489165233,9.314640219171636,-0.0004356505437595141,-0.0020568977942448906,0.0009285697036001098
1778454734739888804,0.28440548002359467,-0.10368072632038156,9.325445338415488,-0.0013219505545378832,0.0013519484010565339,-2.5907231084289217e-05
1778454734760357510,0.2795483961347951,-0.10009085125029982,9.322959723102864,-0.002208250565316254,-0.0019205439464328351,0.001064923551412167
1778454734780732587,0.2771805927256409,-0.10608179939451018,9.322944696951682,-0.0009810659350077428,0.0022382484118349047,-0.0009122072418626596
1778454734801218608,0.2829060934139641,-0.08448856770955543,9.312166110910004,-0.0008447120871956856,0.000465648390278163,-0.00043496877452046034
1778454734821767795,0.27371719584640397,-0.11209542141771922,9.330105712637744,-0.0015264813262559698,-0.000488828544406239,0.0003149773884458533
1778454734842193871,0.28551266773739326,-0.11203236024847746,9.31590199097423,-0.0019355428696921397,-0.003079551652835317,-0.0030256918829495434
1778454734862706596,0.28457353205405844,-0.12763362538684306,9.327931791517933,-0.003912673662966968,0.0025109561074590156,0.0009967466275061384
1778454734883304284,0.2737004629395734,-0.12166021328222937,9.325344624207835,-0.0011174197828198,-0.0029431978050232614,-0.00016226107889634597
1778454734903699397,0.28171201337571217,-0.11080418936466019,9.302651866020687,-0.005003504445463422,0.0017610099444927071,4.2269692821739376e-05
1778454734924197899,0.2915387323041989,-0.10365380146021952,9.320760218531303,-0.00036747361985348635,0.00019294069465405211,0.0004513312362579105
1778454734944626383,0.2880036611047436,-0.11563348357223474,9.320748711480315,-0.00425355828249711,-0.0029431978050232614,0.0009967466275061384
1778454734965051015,0.28925001423227126,-0.11444419528884586,9.324360137405677,-0.0020718967175041986,0.0022382484118349047,-0.0009122072418626596
1778454734985689592,0.2844978724922418,-0.11087477992135725,9.329069109181665,-0.0007765351632896562,-1.1590077064034532e-05,0.0034511158881231642
1778454735005975927,0.28325988581812944,-0.10728167227249102,9.327838227471256,-0.002276427489222285,-0.002806843957211206,-0.0026848072634194004
1778454735026598059,0.2879055705067932,-0.09169422430750201,9.323058649770273,-0.0016628351740680287,0.00019294069465405211,0.0009967466275061384
1778454735046931673,0.27487609718328987,-0.11088908338216946,9.327721649322598,-0.0031627275000006526,-0.0027386670333051748,0.0014058081709423095
1778454735067300008,0.28221923376143443,-0.11090307792719373,9.337425703615633,-0.0013219505545378832,-0.0017160131747147485,0.0029738774207809645
1778454735087807159,0.29174347793862443,-0.12163382053701047,9.328020998674594,-0.0024127813370343407,-0.001852367022526804,-0.0009122072418626596
1778454735108131698,0.2759749184436733,-0.12402311324252047,9.315797757666388,-0.003026373652188597,-0.00035247469659417663,-0.0010485610896747168
1778454735128688534,0.2821150490639621,-0.12045082003954283,9.326669125945218,-0.0015946582501619976,0.00012476377074802092,0.0019512235621905374
1778454735149045166,0.29747240440235745,-0.08808118907098583,9.3219946753222,-0.002003719793598171,0.003329079194331362,0.0018830466382845088
1778454735169506612,0.2662807113632051,-0.12043527497719655,9.310839765652078,-0.0009128890111017134,-0.0012387747073725475,0.0005876850840699673
1778454735189945355,0.28336482796689955,-0.10730213197508415,9.335032814559865,-0.0019355428696921397,-0.0009660670117484366,0.00011044661672776797
1778454735210374673,0.29040720268145226,-0.11921755714383098,9.319599942745889,-0.0010492428589137705,-0.0006933593161243187,-0.001389445709204859
1778454735230894508,0.28304410540617664,-0.1156116507239672,9.309882649841917,-0.003776319815154909,0.0006701791619962497,-0.0014576226331108875
1778454735251277918,0.281915244107542,-0.10964780481156661,9.317036627327594,-0.0005038274676655435,-7.976700097006573e-05,-0.0012530918613928017
1778454735271736513,0.2770049316930596,-0.09647949807524608,9.314515709052476,-0.0008447120871956856,0.0016246560966806448,-0.00036679185061443175
1778454735292141052,0.2794791921535794,-0.10964541326351335,9.31460134112865,-0.0032990813478127115,0.0008065330098083051,0.0002468004645398247
1778454735312543018,0.28567426418725606,-0.10967185183623962,9.32788414371462,-0.0016628351740680287,-0.000488828544406239,0.0005195081601639387
1778454735333055483,0.28813597496765286,-0.1300113609228895,9.324398959468365,-0.0016628351740680287,-0.0008978900878424054,0.0029057004968749364
1778454735353482781,0.2845843688464764,-0.12643973137899536,9.329126476495723,-0.0019355428696921397,0.0009428868576203606,0.002019400486096566
1778454735373930673,0.29382992071512926,-0.09645190955600053,9.315974440419767,-0.0017991890218800842,-0.0007615362400303499,-0.0005031456984264889
1778454735394341545,0.28650845772182076,-0.09405012699528104,9.308659756082307,-0.0020718967175041986,-0.0017160131747147485,0.00011044661672776797
1778454735414815881,0.2808029177306286,-0.11923527055507538,9.319451580734924,-0.0012537736306318555,-0.0014433054790906341,-0.002207568796077201
1778454735435245846,0.28451289251136747,-0.10728968794738203,9.33145406626693,-0.0020718967175041986,0.0016246560966806448,-0.0033665765024796855
1778454735455673904,0.28946730954681965,-0.12525062046725424,9.335191733871401,-0.001867365945786112,0.0017610099444927071,-0.0006394995462385453
1778454735476167036,0.29040150455214897,-0.10247235148007394,9.325533651802028,-0.0019355428696921397,-0.0008297131639363811,-0.0006394995462385453
1778454735496594224,0.2903864845330234,-0.1060574434540491,9.323148694716759,-0.0005038274676655435,-0.0008978900878424054,0.0006558620079759958
1778454735517068244,0.2794757663781696,-0.12160481304458312,9.309849078439365,0.0001779417713947424,0.0003974714663721318,0.0014739850948483377
1778454735537555784,0.29035987027018195,-0.10126822762092974,9.32313104323551,-0.0010492428589137705,0.0006020022380902185,-0.00023043800280237456
1778454735557929508,0.29040397489115166,-0.10606085340448129,9.324347792564861,-2.658900032334252e-05,-0.0008297131639363811,-0.0014576226331108875
1778454735578395103,0.27216039748438303,-0.08571602910678178,9.315600910062285,0.0018823648690454546,-0.0008297131639363811,0.0009967466275061384
1778454735598790513,0.2855826291699066,-0.11204600005020621,9.320698382366636,-0.0013219505545378832,-0.00035247469659417663,-0.0006394995462385453
1778454735619236219,0.28925742524927933,-0.12520970106206797,9.320802559694183,-0.002208250565316254,0.001420125324962565,-0.0016621534048289733
1778454735639730832,0.2820275972733203,-0.12043377028738189,9.32067363670471,-0.0001629428481353997,0.0018291868683987314,-0.00023043800280237456
1778454735660200168,0.2760707366877302,-0.11925776706242636,9.324173791121849,-0.002344604413128313,-0.0019205439464328351,4.2269692821739376e-05
1778454735680700115,0.2879804726173121,-0.09888486795804552,9.325483322688351,-0.0011174197828198,0.0011474176293384472,-0.0012530918613928017
1778454735701161284,0.2853269273636917,-0.11319215475200331,9.302716327515423,0.000927887934361056,0.0005338253141841942,0.0005876850840699673
1778454735721857934,0.2854377656268744,-0.10484171659793401,9.313477318056155,0.00045064946701885676,0.0024427791835529913,-0.0030256918829495434
1778454735742149511,0.28898785684545536,-0.08927694251194362,9.31587378219241,-0.0015264813262559698,0.0007383560859022739,-0.0014576226331108875
1778454735762675513,0.28698468263288457,-0.11686710121124202,9.332725557580272,-0.001458304402349942,-0.004170382435331774,0.0009967466275061384
1778454735783143164,0.27820204153650274,-0.10843668367991027,9.309781991614562,-0.00023111977204142917,0.001965540716210787,0.000792215855788053
1778454735803581092,0.29277671897831126,-0.10724690910908569,9.321991100241712,-0.0015946582501619976,0.0021018945640228492,0.001064923551412167
1778454735824093890,0.2760616127830172,-0.11447196117973912,9.325355237488703,-0.0005720043915715713,-0.0012387747073725475,0.0004513312362579105
1778454735844553226,0.2929615039156056,-0.1216350163110371,9.329238641774069,-0.0027536659565644828,-0.0008978900878424054,-9.408415499031781e-05
1778454735864928506,0.2771705133845207,-0.11684389521730015,9.318188021392087,-0.0009810659350077428,-0.0011705977834665197,0.0003831543123518819
1778454735885432916,0.28655921590850086,-0.10004005673711247,9.30988091828197,-9.476592422937198e-05,-7.976700097006573e-05,0.002360285105626708
1778454735905854455,0.2771621469311054,-0.1216262911495552,9.315807477177133,-0.0007083582393836284,-0.00014794392487608998,-0.0009122072418626596
1778454735926637680,0.27751785020808506,-0.1133235923015366,9.343355837591282,-0.0005720043915715713,0.0010110637815263918,0.0020875774100025946
1778454735946912293,0.28088542884326495,-0.11207531645842156,9.327818788449763,-0.0015264813262559698,-0.0014433054790906341,0.0017466927904724518
1778454735967351888,0.28187436727687276,-0.11801188276736466,9.31107202817927,4.1587923582685205e-05,-0.0023977824137750327,-0.004184699589352027
1778454735987847242,0.28452448675508324,-0.1156639957544767,9.329086760662914,-0.0024127813370343407,0.0017610099444927071,-0.00036679185061443175
1778454736008272059,0.29167104616710826,-0.11803167881087434,9.324410466519353,-0.00466261982593328,0.00237460225964696,-0.000844030317956631
1778454736028733858,0.2845993888656021,-0.1228546394050202,9.331511433580989,-0.002276427489222285,0.00019294069465405211,-0.0005031456984264889
1778454736049155175,0.2843978710214772,-0.11803132406757888,9.319502803618724,-0.0033672582717187392,-0.00035247469659417663,-0.0005713226223325175
1778454736069678640,0.2713769621364984,-0.1073276836895719,9.336046459894261,-0.0013219505545378832,0.0007383560859022739,-0.0005713226223325175
1778454736090130328,0.2902665223651276,-0.1096220757254312,9.313569150542884,-0.002276427489222285,-0.0010342439356544608,0.0009967466275061384
1778454736110602182,0.2832325141039902,-0.09292425462442938,9.331382566571813,0.0003142956192067996,0.0036699638138615043,0.002564815877344794
1778454736131094314,0.28683487841184685,-0.10248581391015499,9.327876211744117,-0.001458304402349942,-0.0016478362508087208,-0.0010485610896747168
1778454736151529927,0.278590057205627,-0.1216684063287681,9.331414294453824,-0.0026173121087524273,-0.0017160131747147485,0.0005876850840699673
1778454736171982226,0.27371795329770177,-0.12166362323266156,9.326543722055936,0.000587003314830914,0.0015564791727746205,0.0020875774100025946
1778454736192414747,0.2843372314787862,-0.09768738662811793,9.32302507836772,-0.003435435195624767,0.0010110637815263918,-0.0014576226331108875
1778454736212853620,0.28445870854927746,-0.11325915798662045,9.325480641377984,-0.0024127813370343407,-0.001988720870338863,0.0002468004645398247
1778454736233315326,0.2904880009063836,-0.11803730293771209,9.325591019116086,-0.0024809582609403684,0.003874494585579591,0.0008603927796940812
1778454736253739754,0.27973393852338724,-0.12404716026719348,9.326645274053414,-0.00036747361985348635,0.0007383560859022739,-0.0014576226331108875
1778454736274191089,0.29035492959217657,-0.09409122377211498,9.325502761709842,-0.0010492428589137705,0.00026111761856007637,0.0017466927904724518
1778454736294766851,0.28919678570658836,-0.10486576362260702,9.32432483444318,-0.001867365945786112,-0.001102420859560492,0.00017862354063379613
1778454736315233650,0.295116195236919,-0.10244644502229078,9.319612343567,-0.001867365945786112,-0.0016478362508087208,-0.00016226107889634597
1778454736335662041,0.28809111289538536,-0.11565053332439568,9.326744200720823,-0.0032309044239066838,0.00019294069465405211,0.0002468004645398247
1778454736356090080,0.28335646151348426,-0.1120845279073392,9.332652270344912,-0.0017310120979740565,-7.976700097006573e-05,-0.0016621534048289733
1778454736376623342,0.28683734875084954,-0.10607431583456234,9.326690352506953,-0.0027536659565644828,0.001420125324962565,-0.0016621534048289733
1778454736396900029,0.27846363945713026,-0.09891963112145086,9.331330449917893,-0.0007083582393836284,-0.00021612084878212118,0.0021557543339086227
1778454736417573550,0.2891201707083647,-0.10365481986259839,9.31952403018046,-0.000640181315477599,0.00012476377074802092,-0.000844030317956631
1778454736437888793,0.2795350890033744,-0.09769624333374011,9.322950897362238,-0.0033672582717187392,0.0014883022488685893,-0.0016621534048289733
1778454736458436166,0.29392382808637196,-0.12278236678686075,9.31247423002233,-0.000640181315477599,0.0006020022380902185,0.0008603927796940812
1778454736479084464,0.2903997916644441,-0.10845205137060882,9.323157520457384,-0.0032990813478127115,0.001420125324962565,0.00017862354063379613
1778454736499303226,0.28077725890419436,-0.09889815301647881,9.325372051180127,-0.0002992966959474569,0.0008065330098083051,-0.0007076764701445738
1778454736519747562,0.28551362317380036,-0.0964844585430003,9.321840112900679,-0.0012537736306318555,-0.0007615362400303499,-0.0005713226223325175
1778454736540172545,0.2736997054882756,-0.11209201146728703,9.328906614789643,-0.002344604413128313,0.0009428868576203606,0.0015421620187543662
1778454736560691714,0.2916478576796767,-0.10128306319668512,9.32914507772739,0.0007915340865489989,-0.0006251823922182945,0.0006558620079759958
1778454736581185309,0.2808055860547407,-0.09770766895906335,9.327765834006016,-0.002685489032658455,0.001965540716210787,0.00017862354063379613
1778454736601599293,0.294075543180224,-0.10606785067699342,9.32919981971138,-0.0026173121087524273,0.0009428868576203606,0.0004513312362579105
1778454736622243110,0.2843296224766686,-0.1120379843753152,9.317082543570962,-0.0011855967067258277,0.0021700714879288735,0.0019512235621905374
1778454736642509779,0.2939546255759211,-0.12518038465385267,9.313682153611056,-0.000640181315477599,-0.0007615362400303499,-0.00029861492670840315
1778454736663001485,0.29425957066622066,-0.11088775606400253,9.340009351825543,-0.0013219505545378832,-0.0013751285551846064,-0.001389445709204859
1778454736683511173,0.2785043183026902,-0.1156716566860723,9.327794936557959,-0.0015946582501619976,0.002033717640116818,0.0009967466275061384
1778454736703891268,0.283084982236846,-0.10724757276816915,9.315847248990242,-0.0009128890111017134,-0.0007615362400303499,0.0003831543123518819
1778454736724361048,0.2722833894574699,-0.12042420409516877,9.31093249190893,-0.002549135184846396,-0.00035247469659417663,-0.0017985072526410305
1778454736744898846,0.2880152553484594,-0.12400779137932932,9.318381405876297,-0.0020718967175041986,0.001420125324962565,0.0004513312362579105
1778454736765483182,0.27841021294633805,-0.1144573029756315,9.321795034447138,-0.0038444967390609402,0.0005338253141841942,0.000792215855788053
1778454736785922499,0.28683734875084954,-0.10607431583456234,9.326690352506953,-0.003980850586872996,-7.976700097006573e-05,0.003246585116405079
1778454736806459816,0.27345484047447866,-0.11204427216123641,9.312119244916222,-0.002208250565316254,-0.0013069516312785787,-0.0020030380243591154
1778454736826890393,0.2903771626432009,-0.12638774109178136,9.314830028575356,-0.002208250565316254,5.6586846841989724e-05,-0.0007076764701445738
1778454736847261839,0.2868073087125983,-0.11324449978251278,9.321920438336418,-0.003503612119530798,0.0021018945640228492,0.0011331004753181951
1778454736867673379,0.29141629979730044,-0.10362993180719421,9.312366533594593,-0.0009810659350077428,0.00019294069465405211,-0.0005031456984264889
1778454736888168899,0.2889169399765348,-0.10481120441569197,9.305139268873555,-0.003776319815154909,0.0014883022488685893,-0.0018666841765470582
1778454736908621309,0.29177921610617885,-0.1312088422528171,9.326857203788991,-0.003026373652188597,0.0015564791727746205,0.0005195081601639387
1778454736929125904,0.2868413339924478,-0.1287992213888543,9.318380512106174,0.00010976484748871293,-0.003079551652835317,-0.0005713226223325175
1778454736949589703,0.30124871685509036,-0.11322474956651052,9.324541177049069,-0.0015946582501619976,-1.1590077064034532e-05,-0.0020030380243591154
1778454736970025890,0.2843936877947695,-0.1204225220337064,9.318312531511248,-0.002344604413128313,-0.0007615362400303499,4.2269692821739376e-05
1778454736990557448,0.2821376780852052,-0.10251513031837028,9.334996617827244,-0.0007083582393836284,0.00019294069465405211,0.00011044661672776797
1778454737010988876,0.2795501090225,-0.09411115135976494,9.325335854447507,-0.0037081428912488813,0.0011474176293384472,0.0016103389426603948
1778454737031502453,0.28804111216000305,-0.11922880539750647,9.321961047939352,-0.002003719793598171,-0.0008297131639363811,-0.0015939764809229447
1778454737051837677,0.28326235615713213,-0.11087017419689843,9.326652368234091,-0.0016628351740680287,-0.0015114824029966618,0.004064708203277421
1778454737072327679,0.30614990536485975,-0.12160725042014384,9.328243541691041,-0.0016628351740680287,0.0013519484010565339,0.0003831543123518819
1778454737092726478,0.28814700974518037,-0.10370136339462238,9.33509375695441,-0.0017310120979740565,-0.0007615362400303499,-0.0006394995462385453
1778454737113230684,0.2796366053767346,-0.10967610281740303,9.325393221761566,-0.003435435195624767,0.0012837714771505027,-0.0014576226331108875
1778454737133655927,0.27820279898780054,-0.11800488549485258,9.306220001032754,0.00045064946701885676,-0.0024659593376810604,-0.003980168817633942
1778454737154100837,0.29141211657059274,-0.10602112977332173,9.311176261487113,-0.003026373652188597,0.00032929454246610756,0.00011044661672776797
1778454737174635302,0.28061566245433156,-0.10125866142871665,9.313389898439734,0.002155072564669569,0.0008065330098083051,0.0008603927796940812
1778454737195036545,0.28409826257940174,-0.08926874946540492,9.309804111946418,-0.0008447120871956856,-0.0015114824029966618,-0.0007076764701445738
1778454737215531084,0.2951336855950474,-0.10244985497272296,9.320811441415103,-0.0009128890111017134,0.0027836638030831334,4.2269692821739376e-05
1778454737236048957,0.2855577277947702,-0.10127708432655191,9.323056862230027,-0.0028900198043765417,-0.0006251823922182945,0.0018148697143784802
1778454737256505904,0.27588519429913805,-0.0953014580455327,9.3204882401713,-0.0001629428481353997,-0.0008297131639363811,0.0004513312362579105
1778454737276964165,0.28773066692550964,-0.09166012480318014,9.311067671289257,-0.0015264813262559698,0.0009428868576203606,-9.408415499031781e-05
1778454737297366057,0.2831209183895097,-0.09170649096355643,9.324183566612893,-0.002549135184846396,-0.0006933593161243187,0.000792215855788053
1778454737317900948,0.2928575172032427,-0.1060666549029668,9.327982176611908,-0.00036747361985348635,-0.00014794392487608998,0.0029738774207809645
1778454737338347654,0.2878122226017389,-0.10004807241200347,9.313496757077647,-0.0024809582609403684,0.0007383560859022739,0.00017862354063379613
1778454737358815323,0.2796006692240708,-0.12521718462201586,9.317056904138914,0.0017460110212333974,-0.00035247469659417663,0.001337631247036281
1778454737379410825,0.28072060460310166,-0.10127912113130977,9.320584485528343,-0.0001629428481353997,-0.0008297131639363811,-0.0016621534048289733
1778454737399741475,0.27236514311880844,-0.1036960481835727,9.322861690205576,-0.00036747361985348635,0.0010110637815263918,0.000792215855788053
1778454737420390885,0.28682479907072667,-0.11324790973294496,9.32311953618452,-0.0017310120979740565,0.0008065330098083051,0.0006558620079759958
1778454737440748962,0.2831623546863674,-0.11802671834312006,9.317086062671152,-0.0021400736414102263,-0.0020568977942448906,0.0007240389318820244
1778454737461159408,0.297388937853314,-0.11078904487311675,9.307689345680911,-0.0024809582609403684,0.002306425335740936,0.0018148697143784802
1778454737481730892,0.27699485235193944,-0.107241593898036,9.309759033492877,-0.0001629428481353997,0.0017610099444927071,0.0002468004645398247
1778454737502132505,0.28073144139551964,-0.10008522712346207,9.321779170506133,-0.002344604413128313,-0.0007615362400303499,-9.408415499031781e-05
1778454737522638952,0.2964941047760583,-0.1060668322746145,9.330436008062222,-0.0009128890111017134,0.0006701791619962497,0.0028375235729689078
1778454737543089584,0.29388486212851705,-0.10005064133170449,9.318385874726905,-0.0019355428696921397,-7.976700097006573e-05,-0.0007758533940506024
1778454737563656586,0.2833712835475005,-0.13361553945378346,9.325537114921923,-0.0015264813262559698,0.0011474176293384472,-0.00043496877452046034
1778454737584147107,0.2891300520643755,-0.11800882756022796,9.3147805932318,-0.001458304402349942,0.002306425335740936,-0.0011167380135807454
1778454737604560313,0.28799206686102785,-0.1072591757651401,9.323116017084331,0.0007233571626429694,0.0013519484010565339,-0.0005713226223325175
1778454737624988853,0.2724242677589038,-0.10490358199314909,9.326463396620195,0.0008597110104550266,-0.0013751285551846064,-0.0016621534048289733
1778454737645407577,0.29023990810228617,-0.10483285989231178,9.313551499061637,0.0005188263909248845,0.0017610099444927071,0.0009285697036001098
1778454737665904579,0.2855077270593879,-0.10485535639966276,9.31827370944856,-9.476592422937198e-05,-0.0013751285551846064,0.001337631247036281
1778454737686342804,0.26988231821976394,-0.12042863244797988,9.31089540140619,-0.0015264813262559698,-0.0006933593161243187,0.0003831543123518819
1778454737706787140,0.28916180499033173,-0.10485894372174265,9.321926638746977,-0.0028900198043765417,-0.00014794392487608998,0.00011044661672776797
1778454737727319494,0.2807048271326782,-0.09529601129034271,9.321761519024884,-0.0020718967175041986,0.0031927253465193067,0.001064923551412167
1778454737747707126,0.29035150381676667,-0.10605062355318473,9.320750499020557,-0.0009810659350077428,-0.00035247469659417663,0.000792215855788053
1778454737768099128,0.2783402515138246,-0.11444366317390275,9.316998643054733,-0.0015264813262559698,0.0013519484010565339,0.0009967466275061384
1778454737788541519,0.28441042070160005,-0.11085773016919631,9.323073619941155,-0.0024127813370343407,-0.0011705977834665197,-2.5907231084289217e-05
1778454737808965781,0.282138435536503,-0.11208333213331256,9.331434627245438,0.0007915340865489989,0.0007383560859022739,-0.0019348611004530868
1778454737829431153,0.2961593176326168,-0.10241354129199559,9.308839008185457,-0.00466261982593328,-0.00028429777268815237,0.001064923551412167
1778454737849895730,0.2805789688503699,-0.10723154141838714,9.308615571398889,-0.0032309044239066838,0.0005338253141841942,-0.0033665765024796855
1778454737870330343,0.2867531247505083,-0.11921396982175109,9.315947013447474,-0.0007765351632896562,-0.00021612084878212118,0.00011044661672776797
1778454737890803753,0.2902182345174502,-0.10722064790800712,9.311162129106055,-0.0012537736306318555,0.0006020022380902185,0.0007240389318820244
1778454737911415496,0.2915545097746224,-0.10963691130118658,9.31958318503476,-0.001458304402349942,0.0013519484010565339,0.0015421620187543662
1778454737931893868,0.28446364922728296,-0.12043616183543515,9.323108922903653,-0.0011174197828198,0.0018291868683987314,0.0002468004645398247
1778454737952296852,0.28772230047209435,-0.09644252073543519,9.308687127074304,-0.0017991890218800842,0.0014883022488685893,-9.408415499031781e-05
1778454737972786262,0.2927658821858933,-0.10844080311693338,9.320796415263924,-0.0017310120979740565,0.004010848433391646,0.0022921081817206795
1778454737993210672,0.2734814547373201,-0.11683348799435586,9.31213689639747,-0.002344604413128313,0.0008747099337143363,0.00017862354063379613
1778454738013665415,0.29393067963719177,-0.09886356722472117,9.321978755400897,-0.0009810659350077428,0.0010110637815263918,-0.0019348611004530868
1778454738034246824,0.2904414259464111,-0.10965617522975307,9.3255601290239,-0.003094550576094625,-0.00028429777268815237,-0.00029861492670840315
1778454738054736882,0.2939156596180661,-0.10244865919869633,9.31959379831563,-0.0043899121303091655,-0.0013069516312785787,0.0007240389318820244
1778454738075197440,0.28424559646143677,-0.10006153484208452,9.315839317019739,-0.0013901274784439144,0.001965540716210787,4.2269692821739376e-05
1778454738095591720,0.28541437915433343,-0.11320920450416425,9.308711816755931,-0.0019355428696921397,-0.000488828544406239,0.001337631247036281
1778454738116016371,0.2819068776541268,-0.11443020074382171,9.31465608311264,-0.003094550576094625,0.0006020022380902185,0.0005876850840699673
1778454738136454595,0.27719142951805886,-0.10488790538666254,9.324139381929474,-0.0016628351740680287,-0.001852367022526804,-0.0005713226223325175
1778454738156855060,0.2808147099594538,-0.10249347484175053,9.326584387639164,-0.0016628351740680287,0.001079240705432423,0.0018830466382845088
1778454738177284266,0.290336483797641,-0.10963571552715995,9.31836554193529,0.0012687725538911981,0.0005338253141841942,0.000792215855788053
1778454738197751602,0.2903347709099361,-0.11561541541769488,9.31598941059065,-0.0016628351740680287,-0.0034204362723654624,-0.001389445709204859
1778454738218220678,0.27962481314790943,-0.12641789853072788,9.318260414857326,-0.0015946582501619976,0.00019294069465405211,0.0018148697143784802
1778454738238778551,0.2784469065502997,-0.1084844229859609,9.326569361487985,-0.0038444967390609402,-0.002670490109399147,0.0009967466275061384
1778454738259274109,0.28557350526519365,-0.10726019416751897,9.321879828733488,-0.0027536659565644828,0.0012837714771505027,0.000792215855788053
1778454738279649592,0.28800119076574093,-0.11204498164782728,9.32193457071748,0.0008597110104550266,-0.0022614285659629772,0.002019400486096566
1778454738300075835,0.28320494440474164,-0.10368294049678711,9.325426793164118,-9.476592422937198e-05,0.0011474176293384472,0.0012694543231302523
1778454738320547449,0.28572597781034337,-0.10011387987259396,9.335043427840732,-0.0015264813262559698,-0.0037613208918956045,-0.0011167380135807454
1778454738340986470,0.2865892559467521,-0.09286987278916209,9.314650832452502,-0.0008447120871956856,0.000465648390278163,-0.00016226107889634597
1778454738361421657,0.29036728128719014,-0.11203373339415185,9.319573465524016,-0.0010492428589137705,-0.0015114824029966618,0.000792215855788053
1778454738381870567,0.29273679758404914,-0.10006308535940656,9.32196462301984,-0.001867365945786112,0.00032929454246610756,-0.00016226107889634597
1778454738402333310,0.2940230721058389,-0.10605762082569686,9.325602526167076,-0.0013219505545378832,0.0014883022488685893,0.002564815877344794
1778454738422783497,0.2893391789106179,-0.10848154515047187,9.332731757990828,-0.0029581967282825694,-0.001988720870338863,-0.002207568796077201
1778454738443218500,0.2914896870052237,-0.09168417182785316,9.321915187676282,-0.0021400736414102263,0.0009428868576203606,-9.408415499031781e-05
1778454738463628835,0.29056879913131506,-0.11685704873159317,9.331582095486281,-0.004049027510779023,-0.0013069516312785787,0.002019400486096566
1778454738484191541,0.3001331626878765,-0.1096555115706696,9.331703980275371,-0.002344604413128313,-0.0005570054683122633,0.002019400486096566
1778454738504590210,0.27851933832181575,-0.11208656471209705,9.330179893643226,-0.0028900198043765417,0.002579133031365047,0.0014739850948483377
1778454738525072768,0.29144956762585217,-0.10961645159859346,9.312388597946153,-0.0026173121087524273,-0.00035247469659417663,0.001064923551412167
1778454738545513696,0.28821354540228383,-0.11567440297742101,9.335137885657533,-0.002003719793598171,0.00237460225964696,0.0006558620079759958
1778454738566041902,0.2830775712198378,-0.09648206699494705,9.319404826701735,-0.0011174197828198,0.00019294069465405211,0.0012694543231302523
1778454738586488460,0.2939230706350743,-0.1132141649719185,9.316036220604136,0.0012005956299851704,0.0007383560859022739,0.0016103389426603948
1778454738606902166,0.28561856532257046,-0.09650491824559343,9.32903469998929,-0.0002992966959474569,-0.0021932516420569495,0.00017862354063379613
1778454738627384372,0.28177874701792505,-0.09766112542703936,9.312196107232067,-0.000640181315477599,-0.00014794392487608998,0.0014058081709423095
1778454738647804930,0.29768798682920095,-0.10486731413992911,9.330450140443283,-0.0012537736306318555,0.0006020022380902185,0.0031102312685930217
1778454738668252062,0.28298175297578065,-0.10124741317504116,9.31102879324627,0.0014051264017032553,0.0011474176293384472,-0.0016621534048289733
1778454738688675971,0.2855052567203852,-0.10126685447525535,9.319459568685723,-0.002344604413128313,-0.000488828544406239,-0.0005713226223325175
1778454738709180659,0.27724541549503956,-0.12403453886784366,9.320612694310164,0.000927887934361056,0.0018973637923047626,0.0009285697036001098
1778454738729641754,0.2760581870076073,-0.12643136096080893,9.320602974799417,-0.0009810659350077428,-0.0016478362508087208,-0.00029861492670840315
1778454738750073460,0.2914813205518084,-0.0964665677601082,9.319534643461328,-0.003094550576094625,-0.0013069516312785787,-0.0010485610896747168
1778454738770453925,0.2757960296207914,-0.10126410818390663,9.312116619586151,-0.0019355428696921397,0.0008065330098083051,0.004337415898901535
1778454738790945149,0.2793693093268039,-0.10244794971210547,9.30977847251437,-0.0015946582501619976,-0.0016478362508087208,0.0008603927796940812
1778454738811328337,0.2806955052428558,-0.1156263089280749,9.313442852883481,-0.003503612119530798,0.0008065330098083051,-0.00029861492670840315
1778454738831807950,0.28936503572216166,-0.10370255916864907,9.336311400053884,0.0001779417713947424,0.0014883022488685893,-0.0005031456984264889
1778454738852221730,0.28309334869026115,-0.10246517683591416,9.318227793205194,-0.0043899121303091655,0.0006020022380902185,0.0003149773884458533
1778454738872734566,0.2855818717186088,-0.10247779823526398,9.324260372948443,-0.0011174197828198,0.00019294069465405211,0.0005195081601639387
1778454738893157031,0.28910686357694393,-0.10126021194603874,9.319515204439835,-0.0005038274676655435,0.00019294069465405211,0.0003831543123518819
1778454738913561015,0.28914602751990826,-0.09887583388077559,9.323103672243516,-0.0029581967282825694,0.0028518407269891577,-0.0009122072418626596
1778454738933981073,0.28441954460631313,-0.11564353605188354,9.321892173574303,-0.0024127813370343407,0.0015564791727746205,-0.00029861492670840315
1778454738954377390,0.2951194230272195,-0.11560314876164046,9.31486449374803,-0.003571789043436826,0.000465648390278163,-0.0010485610896747168
1778454738974895522,0.2781604072545356,-0.10723255982076602,9.307379383048046,-9.476592422937198e-05,0.0010110637815263918,0.0005876850840699673
1778454738995306339,0.2785043183026902,-0.1156716566860723,9.327794936557959,-0.0019355428696921397,-0.0016478362508087208,0.001064923551412167
1778454739015765656,0.29268090073425423,-0.1120122552891798,9.313615066786252,-0.00036747361985348635,0.000465648390278163,0.0016103389426603948
1778454739036224788,0.2854293991734591,-0.109624112530189,9.311096773841196,-0.0032309044239066838,-0.00035247469659417663,-0.0025484534156073432
1778454739056687105,0.28087287916314196,-0.11924891035680413,9.324247972127331,-9.476592422937198e-05,-0.0009660670117484366,-0.00036679185061443175
1778454739077098015,0.28309334869026115,-0.10246517683591416,9.318227793205194,-0.003026373652188597,0.0006020022380902185,0.0014739850948483377
1778454739097514406,0.2903931380987338,-0.10725474741232899,9.323153107587071,-0.0015946582501619976,0.0012155945532444784,0.0002468004645398247
1778454739117934593,0.2844488271932666,-0.09890515028899088,9.330224078326644,-0.001458304402349942,0.0030563714987072443,0.002019400486096566
1778454739138413577,0.27837295987618793,-0.08574587762994029,9.330082810496357,0.000587003314830914,0.0007383560859022739,0.004473769746713592
1778454739158895376,0.290284012723256,-0.10962548567586339,9.314768248390985,-0.0011174197828198,-0.00348861319627149,-0.002616630339513372
1778454739179333915,0.29173777980932114,-0.1048886148732534,9.333954707730733,-0.0045262659781212244,0.002306425335740936,0.0012012773992242237
1778454739199782269,0.28693296900979726,-0.12642507317488771,9.32556627345416,4.1587923582685205e-05,-0.0011705977834665197,0.0018830466382845088
1778454739220180438,0.27824367581846976,-0.10964080753905453,9.312184600181078,0.0005188263909248845,-0.0017841900986207762,-2.5907231084289217e-05
1778454739240591755,0.2759810125431952,-0.09053611186543858,9.328864273626763,-0.003571789043436826,0.0034654330421434176,0.0021557543339086227
1778454739261010683,0.2794875586069947,-0.1048630173312583,9.316981885343607,-0.0013901274784439144,-0.00021612084878212118,-0.0033665765024796855
1778454739281422056,0.28779397479231283,-0.09047646064662901,9.315859649811353,-0.0005720043915715713,-7.976700097006573e-05,-0.001389445709204859
1778454739301906873,0.2761249206498202,-0.11328829702318807,9.330147216010795,0.0003824725431128273,-0.0011705977834665197,-0.0010485610896747168
1778454739322377505,0.2783877819102043,-0.1072768891763845,9.322967655073366,-0.0007083582393836284,0.0012837714771505027,-0.00023043800280237456
1778454739342802952,0.28310418548267924,-0.10127128282806647,9.319422478182982,-0.002549135184846396,-0.00014794392487608998,0.0022239312578146513
1778454739363208176,0.29042070779798224,-0.09649606153997126,9.329108880994772,-0.0005038274676655435,-0.00028429777268815237,-0.0006394995462385453
1778454739383628567,0.28803768638459315,-0.13118820517857627,9.317208785250068,-0.0021400736414102263,0.0006701791619962497,-9.408415499031781e-05
1778454739404069199,0.2795358464546722,-0.10726444514868239,9.319388906780432,-0.0021400736414102263,-0.0017160131747147485,-9.408415499031781e-05
1778454739424528590,0.2783944354759146,-0.10847419313466433,9.32297206794368,-0.0010492428589137705,0.0006701791619962497,0.0011331004753181951
1778454739444991778,0.2842347596690188,-0.10125542884993216,9.314644632041947,-0.0017991890218800842,-0.00021612084878212118,-0.0005031456984264889
1778454739465368521,0.28092706312523197,-0.11327944031756584,9.330221397016278,-0.0021400736414102263,0.002033717640116818,0.000792215855788053
1778454739486002912,0.28810442002680614,-0.11804514124095539,9.326753026461446,-0.003571789043436826,-0.003011374728929289,0.00011044661672776797
1778454739506365451,0.28590068340651753,-0.1252640828973353,9.337534293813492,-0.0027536659565644828,0.0005338253141841942,0.002019400486096566
1778454739526788953,0.2962699579106901,-0.11917920665834572,9.310099886217928,-0.0011174197828198,-0.0004206516205002078,0.0007240389318820244
1778454739547206196,0.27596922031437,-0.10727790757876343,9.321731466722524,-0.0011855967067258277,-0.0013751285551846064,-0.0018666841765470582
1778454739567598588,0.27945676111744566,-0.1024649994642664,9.31577396175488,-0.001458304402349942,0.003329079194331362,-0.00029861492670840315
1778454739588105016,0.2832764207398506,-0.12283298392840042,9.323099203392907,-0.0013219505545378832,0.00026111761856007637,0.0009285697036001098
1778454739608488833,0.2842687849488683,-0.11681015045627371,9.311104705811701,-0.003571789043436826,-0.00014794392487608998,0.0024966389534387652
1778454739628960594,0.28777230120747677,-0.09286424866232434,9.313470279855773,0.0003824725431128273,0.001420125324962565,0.0009285697036001098
1778454739649371523,0.28431384500624524,-0.10605487453434814,9.3182595770675,-0.003503612119530798,-0.00035247469659417663,-0.0009122072418626596
1778454739669896469,0.30353078136130773,-0.10123705177960429,9.320936845304384,-0.0009810659350077428,-0.0005570054683122633,0.0019512235621905374
1778454739690372620,0.2770739376891659,-0.11204103958245198,9.313373978518433,-0.0002992966959474569,-0.0008297131639363811,-0.00043496877452046034
1778454739710860640,0.280544745585411,-0.11679292333246508,9.302655385120879,0.0008597110104550266,0.0017610099444927071,0.0019512235621905374
1778454739731191532,0.2865333590969572,-0.10481904271893527,9.306301276218914,0.0003142956192067996,0.0022382484118349047,-9.408415499031781e-05
1778454739751644849,0.28420814540617734,-0.09646621301681274,9.3146269805607,-0.002003719793598171,0.0038063176616735597,0.0014058081709423095
1778454739772142481,0.29262026119156326,-0.09166831784971885,9.317137341535249,0.001473303325609283,0.00019294069465405211,-0.00036679185061443175
1778454739792561094,0.27977234501505377,-0.11209458038698805,9.333795732438901,-0.003435435195624767,-0.0017841900986207762,0.0017466927904724518
1778454739812977559,0.28079474926232273,-0.098901562966911,9.326571149028227,-0.0009810659350077428,-0.001579659326902693,-0.0022757457199832297
1778454739833394969,0.2954534527193632,-0.10968823792931715,9.3400234842066,-0.001458304402349942,0.0006701791619962497,0.0003831543123518819
1778454739853806360,0.2748135467677846,-0.12164094935366287,9.319367680218695,-2.658900032334252e-05,0.0007383560859022739,-0.00016226107889634597
1778454739874255751,0.2856195207589777,-0.08095701654011633,9.334972821915736,-0.0013901274784439144,0.002033717640116818,0.0008603927796940812
1778454739894652179,0.29267767294395375,-0.09885555154983017,9.318362916605222,-0.003026373652188597,-0.0005570054683122633,-0.0007076764701445738
1778454739915066885,0.28084379456129793,-0.1108711925992773,9.325416179883248,-0.00023111977204142917,-0.0014433054790906341,-0.0018666841765470582
1778454739935500702,0.2844237278330207,-0.11325233808575608,9.323082445681779,0.0008597110104550266,-0.0016478362508087208,0.0021557543339086227
1778454739955978723,0.2939555810123282,-0.10963248294837546,9.319620275537503,-0.0008447120871956856,0.0018973637923047626,-0.001389445709204859
1778454739976395651,0.28340303647345677,-0.12046565561529823,9.332683160437098,-0.0015264813262559698,-0.0020568977942448906,-0.00016226107889634597
1778454739996826080,0.2676420859806231,-0.10850435057361085,9.326402454225649,4.1587923582685205e-05,-0.0020568977942448906,0.0003831543123518819
1778454740017203971,0.27958090651204903,-0.09650916922675684,9.326543778036234,-0.0033672582717187392,0.0014883022488685893,0.0024966389534387652
1778454740037798547,0.2855419503243467,-0.09529397448558485,9.32423389572657,-0.00036747361985348635,0.0008065330098083051,-0.0005031456984264889
1778454740058150346,0.2831899243856161,-0.10726803247076228,9.323041836078849,-0.0024809582609403684,-0.0023977824137750327,-0.0007076764701445738
1778454740078536996,0.2843222114596605,-0.1012724786020931,9.320640121282455,-0.0028900198043765417,0.0012155945532444784,-0.00029861492670840315
1778454740098991646,0.30115556693514545,-0.09646249415059255,9.3244793968647,-0.0008447120871956856,-0.0016478362508087208,0.0002468004645398247
1778454740119479612,0.29026329457482714,-0.09646537198608157,9.318317000361857,0.00045064946701885676,-1.1590077064034532e-05,-0.0005713226223325175
1778454740139967169,0.2745804739828128,-0.10485141433428741,9.309713117249514,-0.0027536659565644828,-0.001579659326902693,0.0007240389318820244
1778454740160359375,0.2868422894288549,-0.11325131968337715,9.324318634032622,-0.0020718967175041986,0.0012837714771505027,-0.001389445709204859
1778454740181006618,0.28782628718445735,-0.11201088214350541,9.309943592236463,-0.002344604413128313,-0.0011705977834665197,-0.0006394995462385453
1778454740201421713,0.2867540801869155,-0.10366606811627388,9.321885135373922,-0.0008447120871956856,0.0010110637815263918,-0.0014576226331108875
1778454740221874067,0.28568510097967403,-0.10847795782839198,9.329078828692412,-0.0028218428804705105,-0.0010342439356544608,-0.0012530918613928017
1778454740242252662,0.3012321819333692,-0.09767343791060112,9.329280201127418,-0.0024127813370343407,-0.000488828544406239,0.00017862354063379613
1778454740262765109,0.28205345408486393,-0.11565478430555903,9.324253278767765,-0.00036747361985348635,0.002920017650895189,-0.0030256918829495434
1778454740283251352,0.2904830602283782,-0.11086029908889727,9.327962737590415,-0.0001629428481353997,0.0008747099337143363,-0.00036679185061443175
1778454740303780410,0.27583272322475305,-0.09529122819423613,9.316890946626996,0.0001779417713947424,-0.00014794392487608998,0.002360285105626708
1778454740324200097,0.2976054757165645,-0.11202726823658288,9.322082932728444,-0.005412565988899595,0.0008065330098083051,0.00017862354063379613
1778454740344624192,0.2854476469828853,-0.1191957242955635,9.308733881107493,-0.0005720043915715713,-7.976700097006573e-05,-9.408415499031781e-05
1778454740365066824,0.28900211941328313,-0.07612364872302618,9.321820729859482,-0.0010492428589137705,-0.0008297131639363811,0.0005195081601639387
1778454740385550863,0.27862503792188364,-0.12167522622963248,9.333812490150027,-0.000640181315477599,-0.0012387747073725475,0.000792215855788053
1778454740406107532,0.29641007876082637,-0.09409038274138382,9.329192781510999,-0.004321735206403138,0.002033717640116818,0.0002468004645398247
1778454740426564757,0.2904971248110967,-0.12282310882039932,9.324409572749232,-0.0029581967282825694,0.0009428868576203606,4.2269692821739376e-05
1778454740447041296,0.2712185934769361,-0.12284489584115937,9.319316457334896,-0.0011174197828198,-0.0006933593161243187,0.0021557543339086227
1778454740467366039,0.2833296492655335,-0.13241141559463926,9.323134506355405,-0.001458304402349942,0.0006020022380902185,0.0031784081924990503
1778454740487813578,0.2807139510373913,-0.10008181717302989,9.320580072658032,-0.002549135184846396,-0.0006933593161243187,0.002360285105626708
1778454740508211951,0.2903823013063157,-0.10844864142017663,9.321958422609283,4.1587923582685205e-05,-0.0014433054790906341,-0.000844030317956631
1778454740528648120,0.2770672841234555,-0.1108437356241721,9.31336956564812,-0.0005720043915715713,-0.00021612084878212118,0.00017862354063379613
1778454740549096826,0.28083048742987715,-0.10847658468271765,9.325407354142625,-0.0013219505545378832,0.0008747099337143363,-0.00036679185061443175
1778454740569454513,0.28809282578309026,-0.10967083343386075,9.329120332065465,-0.0010492428589137705,-0.000488828544406239,0.0031102312685930217
1778454740590081219,0.2700290926356105,-0.0965371124892978,9.329992709569574,-0.0016628351740680287,0.002033717640116818,0.000792215855788053
1778454740610490369,0.28539441845720237,-0.10961729262932463,9.308698578144995,-0.0001629428481353997,-0.0012387747073725475,0.0009967466275061384
1778454740630932075,0.28061490500303377,-0.09169045961377437,9.316951889021542,-0.001458304402349942,-0.0011705977834665197,0.0018148697143784802
1778454740651364596,0.28182950520460526,-0.1036510551688708,9.31341726943173,-0.0017991890218800842,0.0003974714663721318,0.0006558620079759958
1778454740671837969,0.29287899280296925,-0.1287949704076909,9.320871434059232,0.0016096571734213402,-0.0020568977942448906,-0.002752984187325429
1778454740692274804,0.2843820935510537,-0.11204821422661176,9.320679837115266,-0.0024809582609403684,0.0015564791727746205,0.0038601774315593354
1778454740712703936,0.28316825080078,-0.10965582048645761,9.32065246612327,-0.0017991890218800842,0.0006020022380902185,-0.0011167380135807454
1778454740733127809,0.285612669208158,-0.10487581610225588,9.32546829653717,-0.0017991890218800842,-0.0016478362508087208,0.00011044661672776797
1778454740753665644,0.2914488101745545,-0.10004824978365118,9.315950588527961,-0.0013901274784439144,0.000465648390278163,0.0015421620187543662
1778454740773973628,0.2854468895315875,-0.10962752248062119,9.312295871689301,-0.0045262659781212244,-0.0017841900986207762,0.0009967466275061384
1778454740794494445,0.28446213432468737,-0.1012997582055506,9.330232904067268,-0.0011855967067258277,0.001079240705432423,0.0002468004645398247
1778454740814892373,0.285719324244633,-0.09891657591431408,9.33503901497042,-0.0015946582501619976,0.004147202281203702,-0.00023043800280237456
1778454740835336913,0.2877972025826132,-0.10363316438597864,9.311111799992378,-0.002685489032658455,-7.976700097006573e-05,-9.408415499031781e-05
1778454740855753526,0.28435547928821225,-0.10725899839349234,9.320662185634017,-0.0038444967390609402,-0.0005570054683122633,-0.002616630339513372
1778454740876170288,0.2925902211533119,-0.09883850179766923,9.312367427364716,-0.0032990813478127115,0.0006701791619962497,0.004269238974995506
1778454740896677697,0.27947425147557403,-0.10246840941469859,9.316973059602981,-0.0017310120979740565,-0.0029431978050232614,4.2269692821739376e-05
1778454740917087144,0.29134880870378976,-0.10720479392987275,9.30638428296502,-0.0015946582501619976,-0.0006251823922182945,0.0011331004753181951
1778454740937531331,0.28172798883124495,-0.09167119568520787,9.310974945032402,-0.0009128890111017134,0.002920017650895189,0.002701169725156851
1778454740957977556,0.28799453720003054,-0.11084767768954745,9.321930157847166,-0.002003719793598171,0.0009428868576203606,4.2269692821739376e-05
1778454740978476206,0.3013952932858276,-0.11444933312824787,9.334138372704194,-0.0013219505545378832,0.003601786889955473,-0.001184914937486774
1778454740998910597,0.29773037856246576,-0.11563963981401568,9.329290758427991,-0.003026373652188597,-7.976700097006573e-05,-0.0017303303287350019
1778454741019301970,0.2842739236119831,-0.09887105078466901,9.318233099845628,-0.002549135184846396,0.0008747099337143363,0.003042054344686993
1778454741039767713,0.28335227828677667,-0.1144757258734668,9.331461998237433,-0.003094550576094625,0.001079240705432423,0.0012694543231302523
1778454741060199660,0.28782305939415687,-0.09885417840415583,9.314691442055436,-0.0013901274784439144,-0.0004206516205002078,-0.000844030317956631
1778454741080710717,0.28431555789395013,-0.10007517464381327,9.320635708412144,-0.0017310120979740565,0.0010110637815263918,0.0005195081601639387
1778454741101158831,0.2999774623524263,-0.10364512212624499,9.3232882309871,-0.0013219505545378832,-0.0009660670117484366,-0.0007076764701445738
1778454741121696926,0.2819011795248235,-0.09768499508006467,9.320589792168777,-0.0011174197828198,0.0031927253465193067,-0.0013212687852988303
1778454741142152132,0.29852218036376554,-0.08924558929897047,9.311225752810966,-0.0036399659673428536,-0.0006933593161243187,0.001337631247036281
1778454741162546782,0.28793541255993516,-0.10964014387997106,9.31832845143255,-0.003503612119530798,-0.00021612084878212118,0.0009967466275061384
1778454741183065358,0.28309486359285674,-0.12160158046579869,9.311103812041578,-0.0012537736306318555,0.0012837714771505027,-0.0005713226223325175
1778454741203499472,0.2795481981496857,-0.1252069547707193,9.31345961059461,-0.002276427489222285,0.00012476377074802092,-0.00016226107889634597
1778454741223953807,0.2854927070402622,-0.10844044837363792,9.315888752363295,-0.0013219505545378832,-0.0012387747073725475,0.0016785158665664232
1778454741244475606,0.2855267323201117,-0.12399516997997947,9.312348826133048,-0.002344604413128313,0.0009428868576203606,0.0028375235729689078
1778454741264907793,0.2926518161324101,-0.10363453753165303,9.314783274542167,-0.0016628351740680287,0.0006020022380902185,-0.0011167380135807454
1778454741285328777,0.2687509865821267,-0.11087628461117188,9.319235238129034,-0.0005038274676655435,0.0022382484118349047,0.0011331004753181951
1778454741305845890,0.2929107457289255,-0.11564508656920566,9.328017479574406,-0.0032309044239066838,-0.00021612084878212118,0.0026329928012508224
1778454741326278800,0.28304924406929144,-0.09767255105236256,9.317011043875844,-0.0027536659565644828,0.0005338253141841942,0.0016785158665664232
1778454741346704524,0.2893741596268746,-0.10848836505133624,9.33512995368703,-0.0008447120871956856,-0.0009660670117484366,0.003519292812029193
1778454741367141082,0.2819620170526239,-0.09291282899910619,9.326567629928036,0.0005188263909248845,-0.0023977824137750327,-0.002412099567795287
1778454741387622936,0.2869048398443602,-0.10249945371188374,9.332672603136524,-0.0009128890111017134,-0.0007615362400303499,0.000792215855788053
1778454741408086716,0.2892815691731181,-0.12641041497078004,9.322006070412595,-0.0015264813262559698,-0.0008978900878424054,0.0009967466275061384
1778454741428503163,0.29510782878350383,-0.10722884095454582,9.317231799352047,-0.0036399659673428536,-0.0012387747073725475,0.0012012773992242237
1778454741448925684,0.28204433018015085,-0.1108689784228718,9.325434725134619,-0.0017310120979740565,0.0022382484118349047,0.0008603927796940812
1778454741469364501,0.27366890799872656,-0.10969399360029514,9.327698691200915,-0.0009128890111017134,0.001420125324962565,0.0009967466275061384
1778454741489840392,0.2831241461798103,-0.104863194702906,9.31943571679392,-0.0028218428804705105,0.001079240705432423,-0.0017303303287350019
1778454741510222302,0.2913847448564536,-0.09166371212526003,9.314720600587673,-0.001867365945786112,0.0012837714771505027,0.002701169725156851
1778454741530672748,0.2975421678497615,-0.11321093239313407,9.31729095420635,-0.0013901274784439144,0.0006701791619962497,0.002019400486096566
1778454741551211454,0.28084474999770503,-0.0953232908938002,9.331354301809696,-0.0008447120871956856,0.0008747099337143363,0.0016103389426603948
1778454741571632475,0.27599165135050374,-0.11445832137801037,9.320558846096295,-0.0032309044239066838,-0.0009660670117484366,0.0003149773884458533
1778454741592050755,0.28676814476963397,-0.11562887784777592,9.31833197053274,-0.0016628351740680287,0.0016246560966806448,-0.00029861492670840315
1778454741612493461,0.29277329320290135,-0.11920630889015549,9.317238837552429,-0.004049027510779023,0.0027836638030831334,-0.0014576226331108875
1778454741632968759,0.2783269443824039,-0.11204905525734299,9.31698981731411,-0.0017310120979740565,-0.0016478362508087208,-0.002412099567795287
1778454741653410114,0.27126460897072013,-0.09654171821375662,9.332409450517147,-0.000640181315477599,0.0021018945640228492,-0.00016226107889634597
1778454741673933153,0.28788465437325506,-0.10365021413813957,9.317107289232888,-0.0024809582609403684,-0.0006933593161243187,0.0004513312362579105
1778454741694405322,0.27846439690842806,-0.10848783293639308,9.327768459336086,0.00010976484748871293,0.00012476377074802092,-0.0024802764917013147
1778454741714857324,0.29036481094818734,-0.10844523146974444,9.320759324761182,-0.0010492428589137705,-0.0025341362615870916,0.0004513312362579105
1778454741735288085,0.28915268108561865,-0.10007313783905541,9.323108085113828,-0.0008447120871956856,5.6586846841989724e-05,-0.0017303303287350019
1778454741755708754,0.277274698081993,-0.107296153104951,9.328944599062504,-0.00466261982593328,-0.0013751285551846064,0.0004513312362579105
1778454741776175312,0.2867964719201803,-0.11443839379036042,9.32072575335863,-0.0019355428696921397,0.0008065330098083051,-0.0005031456984264889
1778454741796626000,0.29040987100556437,-0.0976899555478189,9.32791419601698,0.0003142956192067996,0.0006020022380902185,0.0022239312578146513
1778454741817023613,0.2797573249959282,-0.1156796723609633,9.331410775353634,-0.0019355428696921397,0.00012476377074802092,-0.0005713226223325175
1778454741837513967,0.28177285090351245,-0.10603202328370176,9.308629703779946,-0.0011174197828198,0.0036699638138615043,0.0005195081601639387
1778454741857940154,0.277105690615122,-0.09889115574396673,9.320520024033607,-0.002344604413128313,-1.1590077064034532e-05,0.0012694543231302523
1778454741878392934,0.28668240586669713,-0.10963212820508,9.314712612636873,-0.0032990813478127115,-0.0013069516312785787,0.0003831543123518819
1778454741899059659,0.29050967449121967,-0.11564951492201678,9.327980389071664,-0.0027536659565644828,-0.00028429777268815237,0.0031784081924990503
1778454741919323476,0.2890785364263976,-0.10245069600345419,9.317121421613946,-0.001458304402349942,0.0018973637923047626,0.001337631247036281
1778454741939750923,0.3010696300470992,-0.11558184802831614,9.311359926460575,-0.0032990813478127115,-0.0009660670117484366,0.000792215855788053
1778454741960221980,0.2879203925408095,-0.11322523585394628,9.315943494347284,-0.0007083582393836284,0.001420125324962565,0.0015421620187543662
1778454741980732760,0.28435300894920956,-0.103670496469085,9.321848044871182,-0.0024809582609403684,-7.976700097006573e-05,0.0003149773884458533
1778454742001130263,0.2882295208578166,-0.09654140929796867,9.34346096466925,-0.0013219505545378832,-0.001988720870338863,-0.0013212687852988303
1778454742021635635,0.2865808894933368,-0.09765226872141713,9.31227028823755,-0.0028900198043765417,-0.0011705977834665197,0.002564815877344794
1778454742042107638,0.2807021588085662,-0.11682361288635479,9.313447265753794,-0.003435435195624767,0.0018291868683987314,0.0003831543123518819
1778454742062572806,0.2964889661129435,-0.12400593194621923,9.323307614028295,-0.0024127813370343407,-0.0019205439464328351,0.0005876850840699673
1778454742083020253,0.27825108683547795,-0.12040631331227666,9.308627022469583,-0.002208250565316254,0.00237460225964696,-0.0005031456984264889
1778454742103491200,0.2999116841466205,-0.10124028435838872,9.31968211170217,-0.0013901274784439144,-0.0013069516312785787,0.0031102312685930217
1778454742123939535,0.27818797695378417,-0.09647387394840834,9.313335156455746,-0.0027536659565644828,0.000465648390278163,0.0004513312362579105
1778454742144434408,0.27483960156443754,-0.09174585985142059,9.33244743479001,-0.0015264813262559698,0.004079025357297671,0.001337631247036281
1778454742164835503,0.2796082782261883,-0.11086658687481848,9.322999438935673,-0.0007083582393836284,-0.002329605489869005,-0.0010485610896747168
1778454742185333375,0.28787628791983977,-0.10843261007039462,9.314726745017934,-0.004185381358591082,0.0014883022488685893,0.0033829389642171357
1778454742205794766,0.2879587990324761,-0.1012726559737408,9.32309395273277,-0.0021400736414102263,0.0010110637815263918,0.0002468004645398247
1778454742226337954,0.28914260174449846,-0.11083523366184533,9.318351409554232,-0.0029581967282825694,0.0027154868791771022,-0.0010485610896747168
1778454742246716363,0.28909849712352864,-0.10604260787829373,9.317134660224882,-0.0020718967175041986,-0.0014433054790906341,0.000792215855788053
1778454742267137143,0.26750901466641597,-0.08455827140801386,9.326314196819403,-0.0024127813370343407,0.00441990997682782,0.0019512235621905374
1778454742287577424,0.2804966557228429,-0.08927539199462153,9.309748476192306,-0.0008447120871956856,0.0028518407269891577,0.002769346649062879
1778454742307994463,0.274957652859519,-0.11927703099099288,9.330150735110987,-0.0009810659350077428,-0.0007615362400303499,0.0009285697036001098
1778454742328420206,0.2772414302534413,-0.10130963331355175,9.328922534710943,-2.658900032334252e-05,0.00032929454246610756,0.0009285697036001098
1778454742348865856,0.28077478856519167,-0.09530965109207146,9.326557910417291,-0.0013901274784439144,-1.1590077064034532e-05,0.003723823583747278
1778454742369406729,0.2832941090830884,-0.09772029035841318,9.333798413749266,-0.002208250565316254,-0.001102420859560492,0.0015421620187543662
1778454742389782138,0.30472295052674536,-0.10601723353545378,9.3185748463408,-0.001867365945786112,-0.001102420859560492,0.0009285697036001098
1778454742410282752,0.28326406904483703,-0.1048904743063635,9.329028499578735,-0.004458089054215197,0.0027836638030831334,-0.0009122072418626596
1778454742430675606,0.2746962529240009,-0.10367798002903283,9.318102389315913,-0.0013219505545378832,0.0027836638030831334,0.00017862354063379613
1778454742451163478,0.29151211804135746,-0.0988645856271001,9.320742567050054,-0.0010492428589137705,-0.0015114824029966618,-0.0005713226223325175
1778454742471670795,0.2917602108454549,-0.11206902867250035,9.332782087104505,-0.003026373652188597,0.0012837714771505027,-0.002207568796077201
1778454742492081149,0.2868664333526937,-0.11445203359208916,9.325522144751037,-0.0002992966959474569,-0.0010342439356544608,0.0024284620295327367
1778454742512593596,0.2963349786651982,-0.11201584261125969,9.317267996084666,-0.0011174197828198,0.002033717640116818,0.00011044661672776797
1778454742533062043,0.28798959652202516,-0.1036706738407327,9.324301876321497,-0.0020718967175041986,0.0022382484118349047,0.0018148697143784802
1778454742553512915,0.28682822484613657,-0.1012885099518751,9.327871798873804,-0.00023111977204142917,-0.0011705977834665197,-2.5907231084289217e-05
1778454742574003269,0.2916917643155371,-0.13119179250065616,9.320861714548483,-0.0024809582609403684,-0.0004206516205002078,-0.0013212687852988303
1778454742594502475,0.29272273300133067,-0.08810027562790462,9.325517787861024,-0.0024809582609403684,0.0011474176293384472,0.002564815877344794
1778454742614901107,0.28551362317380036,-0.0964844585430003,9.321840112900679,-0.0012537736306318555,0.0016246560966806448,4.2269692821739376e-05
1778454742635419128,0.2846052849800147,-0.1144837415483578,9.335077837033108,-0.0019355428696921397,-0.0025341362615870916,0.0012694543231302523
1778454742655837371,0.2871255609343185,-0.10134647910922234,9.34825646229153,-0.002344604413128313,-0.0007615362400303499,0.001064923551412167
1778454742676326225,0.28103941629101026,-0.12406540579338107,9.333858406393393,-0.0020718967175041986,-0.0004206516205002078,0.0004513312362579105
1778454742696751968,0.2880669689715467,-0.1144498194156836,9.32554069000241,0.0010642417821731132,0.0011474176293384472,0.0002468004645398247
1778454742717142970,0.28310665582168193,-0.10485978475247382,9.31823661894582,-0.0027536659565644828,-0.0017160131747147485,0.0012012773992242237
1778454742737624380,0.29156287622803767,-0.10485451536893153,9.321963729249717,-0.002344604413128313,0.0005338253141841942,-0.002071214948265144
1778454742758119049,0.27847770403984873,-0.11088244085295279,9.32777728507671,-0.0012537736306318555,-0.0016478362508087208,0.0012694543231302523
1778454742778459310,0.2795816639633468,-0.10607737104169912,9.322981787454424,-0.0008447120871956856,0.0017610099444927071,0.0016103389426603948
1778454742799011183,0.28793788289893785,-0.11322864580437847,9.317142592195385,-0.0013901274784439144,-0.00021612084878212118,-0.0020030380243591154
1778454742819409555,0.274812031865189,-0.10250454572377832,9.326491661382311,-0.0007765351632896562,0.0018291868683987314,-0.0015939764809229447
1778454742839873632,0.27726043551416524,-0.1204494468938685,9.32299765139543,-0.0020718967175041986,0.0013519484010565339,0.0021557543339086227
1778454742860307708,0.30104150088166226,-0.09165622856531219,9.318466256142942,-0.0017991890218800842,-0.001852367022526804,-0.0009803841657686882
1778454742880799803,0.29756973754901006,-0.10245224652077628,9.323246727614046,-0.0021400736414102263,0.0006701791619962497,0.0014058081709423095
1778454742901236583,0.2846094682067223,-0.11209254358223025,9.336268109140587,-0.0033672582717187392,-0.00035247469659417663,0.00011044661672776797
1778454742921700585,0.2784394955332915,-0.09771891721273879,9.330126939199479,-0.002549135184846396,-0.001102420859560492,0.0003831543123518819
1778454742942087365,0.2869730883891688,-0.10849279340414736,9.335092863184288,-0.00023111977204142917,0.0003974714663721318,0.0029738774207809645
1778454742962567886,0.29642585623124973,-0.10007349258235088,9.328015748014458,-0.0021400736414102263,-0.0028750208811172337,-0.001525799557016916
1778454742983069555,0.2940905631993497,-0.1024827587030182,9.331584776796646,-0.0016628351740680287,0.002579133031365047,-0.0009122072418626596
1778454743003460205,0.2890711254093894,-0.09168519023023208,9.320678999325441,-0.0007083582393836284,5.6586846841989724e-05,-0.0007758533940506024
1778454743023942170,0.28677746665945636,-0.09529858021004367,9.326650636674144,-0.002208250565316254,0.0022382484118349047,-0.0005713226223325175
1778454743044438135,0.29055947724149267,-0.13718734636932534,9.323263429344877,-0.0036399659673428536,-0.00014794392487608998,0.0004513312362579105
1778454743064856712,0.26884357703588313,-0.0929542346917282,9.332359121403469,-0.0026173121087524273,0.0034654330421434176,0.004814654366243734
1778454743085280103,0.2880154533335688,-0.0988916878589099,9.327881518384553,-0.0017310120979740565,-0.0004206516205002078,-0.0014576226331108875
1778454743105740957,0.2843879896654663,-0.10367731636994937,9.324246240567385,-0.0017991890218800842,0.0025109561074590156,0.0012012773992242237
1778454743126211404,0.28924830134456636,-0.12042389517938079,9.321984006061035,-0.0013219505545378832,0.0003974714663721318,-0.0028211611112314576
1778454743146720369,0.27461298436006676,-0.10126973231074438,9.313297172182882,-0.0027536659565644828,5.6586846841989724e-05,-0.0019348611004530868
1778454743167138278,0.2928058035801554,-0.11562462686661251,9.320822892485797,0.0003824725431128273,0.0022382484118349047,0.0014058081709423095
1778454743187526095,0.2929257657480512,-0.11205999459523042,9.330402436659673,-0.0020718967175041986,0.0006020022380902185,0.0009967466275061384
1778454743207921764,0.29272520334033336,-0.09168877755231197,9.324331928623858,-0.002208250565316254,0.0018291868683987314,-0.0007758533940506024
1778454743228364192,0.27455633005897406,-0.10365070042557534,9.3085096065311,-0.003026373652188597,-0.0007615362400303499,0.0005876850840699673
1778454743248826343,0.2894424081716831,-0.11448170474359995,9.337550213734794,-0.0032309044239066838,5.6586846841989724e-05,0.0021557543339086227
1778454743269366882,0.29390159503534763,-0.0904858494671944,9.323146963156812,-0.003503612119530798,-0.001988720870338863,0.002019400486096566
1778454743289666681,0.28928766327264,-0.09292341359369816,9.33507258637297,-0.000640181315477599,-0.0006251823922182945,0.0003149773884458533
1778454743310095164,0.27709580925911126,-0.08453714804633722,9.325263460982267,-0.003435435195624767,0.0005338253141841942,0.0008603927796940812
1778454743330589963,0.27962349623042326,-0.08216539138042395,9.334884508529196,-0.002276427489222285,-0.0016478362508087208,0.001337631247036281
1778454743351009632,0.2794284339668993,-0.10365548352168191,9.31338017892899,-0.0024127813370343407,-0.001102420859560492,-0.0007758533940506024
1778454743371506838,0.2928183532602783,-0.10845103296822994,9.324393708808229,-0.0016628351740680287,0.001420125324962565,-0.0007076764701445738
1778454743391874969,0.27815470912523244,-0.09048735415700909,9.313313092104185,-0.0015946582501619976,-0.00028429777268815237,0.0006558620079759958
1778454743412304860,0.27339742872208816,-0.10485703846112515,9.310893669846244,-0.0005720043915715713,0.0007383560859022739,-0.0025484534156073432
1778454743432759937,0.2926392664522871,-0.11080813143003554,9.311212458219734,-0.003503612119530798,0.00012476377074802092,-0.0010485610896747168
1778454743453215846,0.286905597295658,-0.11206765552682596,9.329110612554718,-0.0015946582501619976,-0.0013751285551846064,-0.001389445709204859
1778454743473701367,0.2905912301674488,-0.12403746253084011,9.330409474860053,-0.0001629428481353997,5.6586846841989724e-05,-0.0016621534048289733
1778454743494136777,0.28678240733746174,-0.10247558405885843,9.324278918199813,0.0003824725431128273,-0.0019205439464328351,0.0035874697359352214
1778454743514521927,0.2830209169187451,-0.09886303510977801,9.314617261049953,-0.003026373652188597,-0.0007615362400303499,0.0020875774100025946
1778454743534994818,0.29526105877995135,-0.10965072847456303,9.326833407877483,-0.0013219505545378832,5.6586846841989724e-05,-0.0009122072418626596
1778454743555489580,0.27241665875678633,-0.11925417974034647,9.320520861823432,-0.0012537736306318555,0.0016246560966806448,0.0019512235621905374
1778454743575939193,0.2867898183544699,-0.11324108983208059,9.320721340488317,-0.002003719793598171,0.0014883022488685893,0.0017466927904724518
1778454743596412029,0.27819957119749994,-0.10484818175550292,9.310967850851727,-0.0005038274676655435,0.00026111761856007637,0.0014739850948483377
1778454743616773031,0.2773488427412141,-0.10491859494055222,9.334931262562387,-0.000640181315477599,0.0012837714771505027,-0.0026848072634194004
1778454743637227274,0.2771665281429224,-0.09411898966300825,9.326497861792866,-0.0002992966959474569,-0.000488828544406239,0.00011044661672776797
1778454743657665831,0.29747144896595035,-0.10362909077646298,9.316056553395752,-0.0026173121087524273,0.0016246560966806448,0.0009967466275061384
1778454743678144074,0.2866434399088421,-0.08690040274992378,9.32062425734145,-0.0020718967175041986,-0.0026023131854931193,-0.00023043800280237456
1778454743698565243,0.2880312308039922,-0.10487479769987695,9.326704484888014,-0.001867365945786112,0.001692833020586676,0.0018148697143784802
1778454743718986838,0.28926009357339144,-0.10368209946605589,9.329116812965275,0.0022232494885755967,-0.002329605489869005,0.0002468004645398247
1778454743739379600,0.2892775839315198,-0.10368550941648808,9.330315910813376,-0.0007083582393836284,-0.0005570054683122633,0.0012012773992242237
1778454743759837583,0.28452277386737834,-0.1216436956450116,9.32671062931827,0.0007233571626429694,-0.0021250747181509183,0.0006558620079759958
1778454743780325363,0.2881211529336367,-0.10848034937644524,9.331514114891355,-0.0007083582393836284,-1.1590077064034532e-05,0.0011331004753181951
1778454743800773384,0.28777552899777725,-0.10602095240167397,9.3087224300368,-0.0013219505545378832,0.00012476377074802092,4.2269692821739376e-05
1778454743821295312,0.28661909799989405,-0.11081579236163114,9.309920634114778,-0.0032309044239066838,0.0017610099444927071,-0.0006394995462385453
1778454743841767574,0.27979573148759473,-0.1037270924807579,9.338561233739123,-0.0016628351740680287,0.0013519484010565339,0.0002468004645398247
1778454743862162909,0.2880162107848665,-0.10845988967385212,9.324319527802746,-0.001458304402349942,0.0018291868683987314,-0.00016226107889634597
1778454743882577393,0.2796134168893031,-0.09292748720321387,9.3301278329696,-0.002276427489222285,0.001965540716210787,-0.001389445709204859
1778454743903021858,0.28661339987059087,-0.09407058669787416,9.315854343170917,-0.0002992966959474569,-0.001852367022526804,-0.0007758533940506024
1778454743923491786,0.28567008096054847,-0.11206304980236714,9.326693871607144,-0.0007083582393836284,0.00032929454246610756,-0.000844030317956631
1778454743943914048,0.29995256097728984,-0.0928762064025907,9.325646710850494,-0.0016628351740680287,5.6586846841989724e-05,-0.00029861492670840315
1778454743964357754,0.2855069696080901,-0.09528715458472048,9.321835700030366,0.0001779417713947424,-0.0006933593161243187,-0.0014576226331108875
1778454743984806071,0.2843320928156714,-0.11562648629972261,9.315896684333797,0.000927887934361056,0.0006020022380902185,-0.00043496877452046034
1778454744005237184,0.2819694280696321,-0.1036783347723283,9.32301005221654,-0.0005038274676655435,-0.0009660670117484366,0.003042054344686993
1778454744025670871,0.2842838049679939,-0.11322505848229858,9.313489662896968,-0.004798973673745339,0.0016246560966806448,0.002360285105626708
1778454744046263503,0.29273014401833874,-0.09886578140112673,9.321960210149527,-0.0028900198043765417,-0.0020568977942448906,-0.0010485610896747168
1778454744066616820,0.2868573094479806,-0.10966622770940188,9.326703591117889,-0.0019355428696921397,-0.00021612084878212118,-0.0016621534048289733
1778454744087055396,0.28646511055214874,-0.0988257030266716,9.30388101617115,-0.0027536659565644828,0.0006701791619962497,0.0004513312362579105
1778454744107495676,0.28800214620214803,-0.09649707994235018,9.327872692643929,-0.003776319815154909,0.000465648390278163,-0.0010485610896747168
1778454744127934660,0.29519109734743787,-0.10963708867283428,9.322037016485076,-0.003980850586872996,-0.0008978900878424054,0.0024966389534387652
1778454744148374477,0.2724351045513219,-0.10370968798530145,9.327658081597983,-0.0007765351632896562,-0.0034204362723654624,0.0011331004753181951
1778454744168803794,0.2832672968351375,-0.11804717804571319,9.32428064975976,-0.0019355428696921397,-0.0017841900986207762,-0.0024802764917013147
1778454744189306426,0.2869179489906716,-0.13001016514886288,9.32318131636889,-0.0012537736306318555,0.0017610099444927071,4.2269692821739376e-05
1778454744209846724,0.2890812047505097,-0.08092309440744216,9.325435674885037,-0.0027536659565644828,-0.001579659326902693,0.0014739850948483377
1778454744230122023,0.2784902537199717,-0.10370884695457028,9.331348101399142,-0.0005720043915715713,0.001420125324962565,0.0009285697036001098
1778454744250582229,0.2820275972733203,-0.12043377028738189,9.32067363670471,-0.0007765351632896562,0.0006701791619962497,-0.00016226107889634597
1778454744271217361,0.28919431536758566,-0.10127726169819967,9.325510693680345,-0.004935327521557394,-0.0016478362508087208,-0.00036679185061443175
1778454744291705363,0.28667575230098674,-0.10843482424680018,9.314708199766562,0.0020868956407635395,-0.0007615362400303499,-0.00036679185061443175
1778454744312067698,0.2880595579545385,-0.10368431364246145,9.329098267713904,-0.0036399659673428536,0.0006701791619962497,0.0018148697143784802
1778454744332567534,0.28788541182455274,-0.11321841595308191,9.31354529865108,-0.0001629428481353997,0.0025109561074590156,-0.0009122072418626596
1778454744353041406,0.2832231922141678,-0.11325455226216158,9.323063900430409,-0.001867365945786112,0.0016246560966806448,0.0002468004645398247
1778454744373487501,0.28794720478876024,-0.09289834816664622,9.325461258336789,-0.003435435195624767,5.6586846841989724e-05,0.000792215855788053
1778454744393879022,0.2951869141207303,-0.1120282866389618,9.3208467443776,-0.0019355428696921397,-0.0026023131854931193,0.0012694543231302523
1778454744414319580,0.2820226565953149,-0.11325676643856714,9.323045355179037,-0.0007765351632896562,-0.001852367022526804,0.0005876850840699673
1778454744434792989,0.27945923145644835,-0.10605350138867381,9.314588102517714,-0.0028218428804705105,0.000465648390278163,-0.0024802764917013147
1778454744455319066,0.2937474096024929,-0.10361186365265429,9.307607232704926,0.00045064946701885676,0.00026111761856007637,-0.0005713226223325175
1778454744475713994,0.28440129679688697,-0.10607192428650908,9.324255066308009,-0.0033672582717187392,-0.0006933593161243187,-0.00036679185061443175
1778454744496196329,0.277178879837936,-0.11206149928504511,9.320568565607042,-0.0009128890111017134,-1.1590077064034532e-05,0.0015421620187543662
1778454744516539035,0.29283488818199954,-0.12400234462413928,9.31965468472988,-0.0005720043915715713,0.000465648390278163,0.0016103389426603948
1778454744536954963,0.2819218976732524,-0.11084510876984649,9.317041040197907,-0.002208250565316254,-0.00021612084878212118,0.0024284620295327367
1778454744557408169,0.28200022555918103,-0.10607635263932019,9.324217975805267,-0.0027536659565644828,-0.0007615362400303499,0.0003149773884458533
1778454744577882968,0.284486278248526,-0.10250047211426266,9.331436414785681,0.0003142956192067996,-0.0014433054790906341,-0.0011167380135807454
1778454744598289248,0.27979079080958935,-0.09655008863194314,9.340932952213453,-0.0007083582393836284,-7.976700097006573e-05,0.0005195081601639387
1778454744618697231,0.29146972630809265,-0.08809225995301362,9.321901949065346,0.000587003314830914,0.0010110637815263918,0.0024284620295327367
1778454744639182511,0.286629934792312,-0.10962189835378344,9.311115319092567,-0.0033672582717187392,-0.0006933593161243187,0.0014058081709423095
1778454744659597680,0.29147466698609814,-0.09526926380182837,9.319530230591015,-0.002003719793598171,0.0010110637815263918,0.001337631247036281
1778454744679966497,0.28569270998179164,-0.09412736008119471,9.33502136348917,-0.0019355428696921397,0.00237460225964696,0.0018148697143784802
1778454744700411092,0.28313745331123097,-0.10725780261946571,9.319444542534544,0.00045064946701885676,-0.0013069516312785787,-0.0009122072418626596
1778454744721103057,0.2844387478521464,-0.1096672461117808,9.325467402767048,-0.0005720043915715713,0.0010110637815263918,0.000792215855788053
1778454744741626226,0.27104046210535204,-0.10965409259748782,9.312073328672854,-0.002344604413128313,-0.0011705977834665197,0.0004513312362579105
1778454744761739784,0.2794301468546043,-0.09767578363114698,9.315756310273631,-0.0016628351740680287,-0.0005570054683122633,-0.0007758533940506024
1778454744782269749,0.28908271965310517,-0.10005949803732667,9.318311693721423,-0.0020718967175041986,-0.0006251823922182945,-0.0005713226223325175
1778454744802678362,0.27852009577311354,-0.12165476652703933,9.326617903061418,-0.0013219505545378832,-0.0011705977834665197,-0.0015939764809229447
1778454744823199901,0.2747511943373887,-0.1072767118047368,9.320513823623052,-0.002003719793598171,0.002579133031365047,0.0015421620187543662
1778454744843539885,0.28557274781389586,-0.09769199235257675,9.325441819315296,-0.002276427489222285,0.00019294069465405211,-0.002752984187325429
1778454744864036554,0.2938015935645829,-0.09764239361341603,9.313580657593874,0.0006551802387369417,0.001079240705432423,0.0012694543231302523
1778454744884409427,0.2797656914493435,-0.11089727642870817,9.333791319568588,-0.0007765351632896562,0.0005338253141841942,-0.0017303303287350019
1778454744904858318,0.286759976301328,-0.09529517025961148,9.325451538826043,-0.00023111977204142917,0.000465648390278163,-2.5907231084289217e-05
1778454744925337820,0.2797531417692205,-0.11807087032709082,9.330220503246156,-0.0024127813370343407,0.0016246560966806448,0.0009285697036001098
1778454744945775192,0.27934763574196786,-0.10483573772780075,9.307389102558792,-0.0002992966959474569,-0.0006933593161243187,0.000792215855788053
1778454744966271398,0.2903406670243487,-0.10724451756103243,9.319555814042767,-0.002344604413128313,0.0021700714879288735,-0.0017303303287350019
1778454744986694697,0.2904515052875314,-0.09889407940696315,9.330316804583497,-2.658900032334252e-05,0.00012476377074802092,0.0018830466382845088
1778454745007142569,0.284388747116764,-0.1132455181848917,9.320684249985577,-0.0011174197828198,0.00019294069465405211,-9.408415499031781e-05
1778454745027562368,0.27824957193288236,-0.10126990968239213,9.315751003633197,-0.001458304402349942,0.0027154868791771022,0.0003831543123518819
1778454745048085148,0.2845286699817908,-0.11327279778834923,9.33027703277039,-0.0009810659350077428,5.6586846841989724e-05,0.0007240389318820244
1778454745068567020,0.2820260823707248,-0.10129736665749733,9.327797617868322,-0.001458304402349942,0.0007383560859022739,-0.0014576226331108875
1778454745088936726,0.2749534696328114,-0.1216682289571204,9.32896046300351,-0.002276427489222285,0.002579133031365047,-0.001389445709204859
1778454745109368414,0.2821192322906697,-0.11805962207341533,9.327859398052693,0.00010976484748871293,-0.0020568977942448906,-9.408415499031781e-05
1778454745129834971,0.2855527871167648,-0.09410008047773721,9.32542858070436,-0.0028900198043765417,0.00298819457480122,-9.408415499031781e-05
1778454745150257325,0.28435890506362216,-0.0952995986124226,9.325414448323302,-0.0032309044239066838,0.0016246560966806448,-0.0014576226331108875
1778454745170845846,0.2783951929272124,-0.11804239494960667,9.319410077361871,-2.658900032334252e-05,0.0014883022488685893,-0.00029861492670840315
1778454745191212126,0.28656415658650625,-0.10721706058592717,9.307509199807638,-2.658900032334252e-05,0.0021018945640228492,0.0007240389318820244
1778454745211611758,0.2882344615358221,-0.10371841314678337,9.34108924619492,-0.002003719793598171,-0.0014433054790906341,0.0012012773992242237
1778454745232049353,0.2784335994188789,-0.10608981506940118,9.32656053574736,-0.0005038274676655435,-0.0010342439356544608,-0.00036679185061443175
1778454745252556596,0.2759017292208593,-0.11085276970144203,9.315749216092954,-0.002344604413128313,0.0005338253141841942,-0.0026848072634194004
1778454745272977727,0.27477115503451977,-0.11086862367957634,9.320527062233989,-0.002344604413128313,-0.0028750208811172337,-0.0012530918613928017
1778454745293365804,0.29276930796130307,-0.09648140333586358,9.32554867795321,-0.0024809582609403684,0.001965540716210787,-0.0005031456984264889
1778454745313797010,0.2712895103458567,-0.10731063393741092,9.330050970653753,-0.0032309044239066838,-0.0004206516205002078,-0.0007758533940506024
1778454745334215808,0.28810784580221593,-0.10608574145988553,9.33150528915073,0.0007915340865489989,0.0009428868576203606,-0.0018666841765470582
1778454745354691995,0.2905338184150583,-0.11685022883072879,9.32918389979008,-0.002003719793598171,-0.0024659593376810604,-0.0005031456984264889
1778454745375169424,0.28924754389326857,-0.11085569336443846,9.325545996642843,-0.000640181315477599,-0.0006933593161243187,-0.0005713226223325175
1778454745395599574,0.2938624310923833,-0.09287022753245755,9.319558495353132,-0.002276427489222285,0.0028518407269891577,0.0005195081601639387
1778454745416062483,0.27842694585316863,-0.10489251111112136,9.326556122877049,-0.0004356505437595141,-0.0026023131854931193,0.0016785158665664232
1778454745436494097,0.2794885140434019,-0.08931511562578115,9.322920007270053,-0.002208250565316254,-0.0011705977834665197,0.0016103389426603948
1778454745456987395,0.29521201348097614,-0.09768109884219672,9.327988377022463,-0.0005720043915715713,-0.001102420859560492,0.0011331004753181951
1778454745477437453,0.2867981848078852,-0.10845869389982549,9.323101884703272,-0.0013901274784439144,-0.002329605489869005,-0.002616630339513372
1778454745497829177,0.2963982865320012,-0.11083217845470861,9.32205997460676,-0.002276427489222285,-7.976700097006573e-05,0.0012012773992242237
1778454745518217087,0.28084056677099745,-0.09771448885992773,9.33016402970222,0.0002461186953007701,-0.003011374728929289,0.0005195081601639387
1778454745538721071,0.2844961596045369,-0.11685447981189218,9.326692977837023,-0.0032309044239066838,-0.00021612084878212118,-9.408415499031781e-05
1778454745559354591,0.27957006971963105,-0.09770306323460448,9.325349093058444,-0.0029581967282825694,-1.1590077064034532e-05,0.0029057004968749364
1778454745579625649,0.2988717895412233,-0.11442989182803365,9.325707597264744,-0.0019355428696921397,-0.003215905500647376,0.0016785158665664232
1778454745600079281,0.29630665151465174,-0.11320632666867525,9.314874213258774,0.00010976484748871293,0.0005338253141841942,0.0017466927904724518
1778454745620552950,0.2759059124475669,-0.10846157173531451,9.31693948820043,-0.0027536659565644828,-0.00028429777268815237,0.0003831543123518819
1778454745640975100,0.2928550468642399,-0.10247815297855939,9.329168035849074,-0.0013219505545378832,0.0006701791619962497,0.0014739850948483377
1778454745661458362,0.28550848451068567,-0.11442355821460504,9.314711718866752,-0.0015946582501619976,-0.0005570054683122633,0.0020875774100025946
1778454745681909753,0.27357898586908214,-0.10608844192372685,9.322889061197571,-0.0013219505545378832,-0.0017841900986207762,-0.0010485610896747168
1778454745702413051,0.2795824214146446,-0.1156455728566414,9.319419796872618,0.0001779417713947424,0.001079240705432423,0.001337631247036281
1778454745722888868,0.2701730007422356,-0.1192892976470473,9.331275651953606,-0.0033672582717187392,-0.00014794392487608998,-0.001389445709204859
1778454745743380630,0.27261475082550146,-0.13603689485885753,9.327777229096412,-0.003571789043436826,0.0009428868576203606,-0.0005713226223325175
1778454745763830761,0.28677746665945636,-0.09529858021004367,9.326650636674144,-0.002276427489222285,0.00032929454246610756,0.0003149773884458533
1778454745784219801,0.2880228643505769,-0.109657193632132,9.324323940673057,-0.0001629428481353997,0.0018973637923047626,0.0015421620187543662
1778454745804718173,0.28656092879620576,-0.0940603568465776,9.312257049626613,0.000587003314830914,0.003601786889955473,-0.002752984187325429
1778454745825338638,0.29172770046820096,-0.11565071069604341,9.329198032171137,0.000587003314830914,-0.0027386670333051748,-2.5907231084289217e-05
1778454745845682678,0.2865476216647851,-0.09166574893001789,9.31224822388599,-0.003026373652188597,0.0008065330098083051,0.0005195081601639387
1778454745866200661,0.29262273153056595,-0.09525681977412626,9.315951482298084,-0.0011174197828198,0.0005338253141841942,0.0012694543231302523
1778454745886626589,0.2831150222750971,-0.10007738882021883,9.320617163160774,-0.0021400736414102263,0.0012837714771505027,0.0002468004645398247
1778454745907138573,0.2951627701968915,-0.11082757273024979,9.319643233659185,-0.0002992966959474569,0.00026111761856007637,0.0004513312362579105
1778454745927576594,0.2842830475166962,-0.10365685666735625,9.317051653478776,-0.0005038274676655435,0.002306425335740936,0.0016103389426603948
1778454745948032318,0.2935926647034498,-0.08205357250275258,9.305129605343105,-0.0026173121087524273,-0.000488828544406239,-0.0005713226223325175
1778454745968436024,0.28424141323472907,-0.10245273280821204,9.31464904491226,-0.0011174197828198,0.0006020022380902185,0.0029057004968749364
1778454745988906285,0.30105899123979063,-0.09165963851574438,9.319665353991043,-0.003435435195624767,0.0027836638030831334,0.0005195081601639387
1778454746009403732,0.2965458183991455,-0.09650886031096884,9.337595292188334,-0.002003719793598171,-0.0014433054790906341,0.0012012773992242237
1778454746029851438,0.27983983610856455,-0.10851971826430945,9.339777983068473,-0.0005038274676655435,0.0018973637923047626,0.0003149773884458533
1778454746050395959,0.28441289104060274,-0.11444623209360372,9.32188776070399,0.0005188263909248845,-0.0023977824137750327,-0.0010485610896747168
1778454746070940757,0.2915946291539938,-0.09170463153044628,9.329109774764893,-0.0031627275000006526,-0.0022614285659629772,0.0012012773992242237
1778454746091235296,0.2783377811748219,-0.1108551612494953,9.318184502291897,-0.0032990813478127115,0.000465648390278163,0.001064923551412167
1778454746111753187,0.28915762176362403,-0.10725014168787017,9.3207363666395,-0.002685489032658455,-0.003079551652835317,-0.00016226107889634597
1778454746132200949,0.281981977749755,-0.09650474087394573,9.326580868538974,-0.0011174197828198,0.00298819457480122,0.0021557543339086227
1778454746152692247,0.28572008169593077,-0.10848477772925635,9.331477024388613,-0.0027536659565644828,-0.0033522593484594312,-0.002071214948265144
1778454746173118509,0.28066964843131215,-0.12040529490989774,9.309863210820424,-0.0016628351740680287,-0.0006251823922182945,0.001064923551412167
1778454746193548881,0.28569099709408663,-0.10010705997172958,9.33264523214453,-0.002344604413128313,0.000465648390278163,-0.0031620457307615997
1778454746213979402,0.30274336077182484,-0.10012380080810251,9.349692235537141,-0.0002992966959474569,5.6586846841989724e-05,-0.0007758533940506024
1778454746234474719,0.26402888488034837,-0.10013668529573294,9.328714124075557,-0.002344604413128313,0.0038063176616735597,0.0016103389426603948
1778454746255051906,0.2904823027770804,-0.10129209727395505,9.331524728172221,-0.0011174197828198,-0.00035247469659417663,-0.0007758533940506024
1778454746275473668,0.29410291489436324,-0.12042526832505512,9.325655480610823,-0.0012537736306318555,0.0008747099337143363,-0.00029861492670840315
1778454746295891837,0.2915503265479147,-0.1120281092673141,9.318392912927285,-0.00023111977204142917,-0.0007615362400303499,-0.0006394995462385453
1778454746316312913,0.28678563512776234,-0.11563228779820811,9.31953106838084,-0.0012537736306318555,0.00026111761856007637,-0.002616630339513372
1778454746336801156,0.2821175194029648,-0.12403932196395018,9.325483266708053,-0.0024127813370343407,0.0021700714879288735,0.0005195081601639387
1778454746357306028,0.2915545097746224,-0.10963691130118658,9.31958318503476,-0.0009128890111017134,0.0015564791727746205,0.0002468004645398247
1778454746377793790,0.293906535713353,-0.09766285331600916,9.320775244682483,-0.0017310120979740565,-0.0005570054683122633,0.0014739850948483377
1778454746398199014,0.2797674043370484,-0.10491757653817335,9.336167450913232,-0.0009128890111017134,0.0008065330098083051,0.000792215855788053
1778454746418686664,0.290505491264512,-0.11804071288814427,9.326790116964187,-2.658900032334252e-05,-0.002806843957211206,-0.0017985072526410305
1778454746439154241,0.28921009283800914,-0.10726037153916673,9.324333660183804,-0.0007083582393836284,0.00019294069465405211,-0.0026848072634194004
1778454746459607187,0.2891317649520804,-0.11202912766969303,9.317156724576444,0.0007915340865489989,0.0010110637815263918,0.0006558620079759958
1778454746480054208,0.2880561321791286,-0.1156437134235313,9.32434600502462,-0.0019355428696921397,-7.976700097006573e-05,-0.001525799557016916
1778454746500529858,0.27841021294633805,-0.1144573029756315,9.321795034447138,-0.0036399659673428536,0.002033717640116818,0.003246585116405079
1778454746521096268,0.28331140145610734,-0.1228398038292648,9.325497399089112,-0.0002992966959474569,0.0009428868576203606,0.0012012773992242237
1778454746541387511,0.2735457180405303,-0.1001019221323276,9.322866996846011,-0.0017310120979740565,0.0008747099337143363,0.0005876850840699673
1778454746561857939,0.2843813360997559,-0.10248001241166954,9.324241827697072,-0.0032309044239066838,-0.0015114824029966618,-0.001525799557016916
1778454746582256237,0.2818028909417638,-0.09886183933575138,9.31339961795048,-0.0019355428696921397,-0.00035247469659417663,0.0026329928012508224
1778454746602795832,0.29289743859750483,-0.11325047865264595,9.32800865383378,-0.0007083582393836284,-0.0006251823922182945,0.003314762040311107
1778454746623223482,0.2774353390954487,-0.1204835463981904,9.334988629876445,-0.003094550576094625,-0.002670490109399147,0.0020875774100025946
1778454746643691299,0.2867474266212051,-0.10246876415799405,9.321880722503609,-0.0001629428481353997,0.0014883022488685893,-0.002207568796077201
1778454746664169265,0.28414977821737963,-0.10482688102217852,9.307463283564275,-0.0009128890111017134,-0.0016478362508087208,0.0011331004753181951
1778454746684677915,0.28693145410720167,-0.10728866954500316,9.332690254617773,0.0005188263909248845,-0.0012387747073725475,0.0014739850948483377
1778454746705144195,0.2915436729822044,-0.11083080530903422,9.318388500056972,-0.0002992966959474569,0.0008747099337143363,0.001064923551412167
1778454746725591567,0.2878587975617114,-0.10842920011996243,9.313527647169833,-0.00466261982593328,0.0012155945532444784,-0.0022757457199832297
1778454746746191625,0.2819593487285118,-0.11444043059511827,9.318253376656944,-0.0011174197828198,-7.976700097006573e-05,-0.001525799557016916
1778454746766506924,0.27825451261088774,-0.10844691353120683,9.313379285158868,0.00045064946701885676,0.0030563714987072443,-0.00043496877452046034
1778454746786886352,0.27952672254995903,-0.10247863926599515,9.320570353147286,-0.0021400736414102263,-0.00035247469659417663,0.0029057004968749364
1778454746807456946,0.2894015313410139,-0.12284578269939803,9.331585614586471,-0.0015946582501619976,-0.0011705977834665197,0.0026329928012508224
1778454746827840560,0.2845552842446323,-0.11806201362146859,9.330294684251639,-0.002344604413128313,0.0025109561074590156,-0.0009803841657686882
1778454746848281766,0.28530449632755794,-0.10601174095275628,9.303888948141653,-0.0019355428696921397,0.0006020022380902185,0.0016785158665664232
1778454746868696768,0.2759734035410777,-0.10488670961263591,9.32292173883,-0.0015946582501619976,-0.0007615362400303499,-0.00036679185061443175
1778454746889096900,0.28782971295986726,-0.10005148236243566,9.314695854925748,-0.0028900198043765417,-0.00014794392487608998,0.0006558620079759958
1778454746909592217,0.2806590096240035,-0.09648308539732597,9.318168638350892,-0.0028900198043765417,0.001692833020586676,0.0018830466382845088
1778454746930081126,0.2761357574422383,-0.1120944030153403,9.331341900988585,-0.003571789043436826,0.0014883022488685893,4.2269692821739376e-05
1778454746950494073,0.29156287622803767,-0.10485451536893153,9.321963729249717,-0.0011855967067258277,-0.0005570054683122633,-0.002071214948265144
1778454746971136445,0.28331235689251455,-0.10729190212378759,9.33143552101556,-0.0009128890111017134,0.0015564791727746205,-0.0019348611004530868
1778454746991417910,0.28767971075372023,-0.11078629858176803,9.30034639658134,-9.476592422937198e-05,-0.00028429777268815237,-0.0017985072526410305
1778454747011938931,0.28919411738247636,-0.1263933652186191,9.316010581172089,4.1587923582685205e-05,-0.0025341362615870916,-0.002071214948265144
1778454747032397785,0.27488522108800295,-0.11567488926485675,9.326540202955746,-0.0007765351632896562,0.001079240705432423,4.2269692821739376e-05
1778454747052887880,0.28055653781423606,-0.1000511276191402,9.309788192025117,-0.0029581967282825694,0.001965540716210787,0.0021557543339086227
1778454747073276660,0.28441802970371755,-0.09650713242199899,9.32901615473792,-0.002549135184846396,0.00019294069465405211,0.0005876850840699673
1778454747093692588,0.28798541329531746,-0.10606187180686022,9.323111604214018,-0.001458304402349942,-0.0010342439356544608,0.0003149773884458533
1778454747114130516,0.2866924852078173,-0.09887003238229009,9.31946928819647,-0.0020718967175041986,0.0011474176293384472,-0.0012530918613928017
1778454747134629074,0.2953344459878746,-0.09770496849522209,9.336382061959174,-0.002685489032658455,-0.000488828544406239,-0.00043496877452046034
1778454747155112946,0.27724808381915156,-0.10250693727183158,9.328926947581255,-0.00023111977204142917,-0.0021250747181509183,-0.0007758533940506024
1778454747175613745,0.29284421007182204,-0.10367204698640708,9.327973350871284,0.0026323110320117683,0.00237460225964696,-0.002957514959043515
1778454747196014710,0.2734999005318557,-0.10128899623931087,9.319274116172018,0.00010976484748871293,0.0005338253141841942,0.0024284620295327367
1778454747216450805,0.2785028034000946,-0.09653525305618771,9.334918917721573,-0.0021400736414102263,0.000465648390278163,0.0034511158881231642
1778454747236889196,0.2750059407071964,-0.12167845880841696,9.332557756547814,-0.0008447120871956856,0.0009428868576203606,0.0015421620187543662
1778454747257353235,0.28557274781389586,-0.09769199235257675,9.325441819315296,-0.0008447120871956856,-0.0019205439464328351,0.0020875774100025946
1778454747277814255,0.28177798956662736,-0.08809292361209708,9.315758097813875,-0.002003719793598171,0.00019294069465405211,-0.001184914937486774
1778454747298250276,0.28315665655706423,-0.10128151267936303,9.323019771727287,-0.0015946582501619976,-0.001102420859560492,0.0018830466382845088
1778454747318752260,0.2962925869319333,-0.1012435169371732,9.318427378099956,-2.658900032334252e-05,-0.00035247469659417663,0.001064923551412167
1778454747339189503,0.2854510727582952,-0.10723632451449366,9.313486143796778,0.0006551802387369417,0.002647309955271078,-0.001184914937486774
1778454747359725801,0.29042564847598773,-0.10367306538878601,9.326737162520441,-0.0017991890218800842,-1.1590077064034532e-05,0.0002468004645398247
1778454747380191600,0.27125871285630754,-0.10491261607041902,9.328843047065028,-0.0029581967282825694,-0.0006933593161243187,-0.00016226107889634597
1778454747400610472,0.2723360585169643,-0.09531833042604593,9.324029897961493,0.0002461186953007701,-0.003079551652835317,-0.0005713226223325175
1778454747421171548,0.28794549190105534,-0.09887804805718114,9.323085126992146,-0.001458304402349942,5.6586846841989724e-05,0.000792215855788053
1778454747441832995,0.2966471367873965,-0.13360482331505116,9.330537504079404,-0.0005720043915715713,0.0021700714879288735,0.0022921081817206795
1778454747462267164,0.28574004239306183,-0.11207668960409589,9.33149026299955,0.0001779417713947424,-0.001988720870338863,-0.0007076764701445738
1778454747482802796,0.27145680492502267,-0.1216953311889302,9.336099414338006,0.0012005956299851704,0.001965540716210787,-0.00036679185061443175
1778454747503253113,0.2928060015652648,-0.09050852334619308,9.330323004994053,0.0002461186953007701,-0.0004206516205002078,-0.0009122072418626596
1778454747523694207,0.2986328206418388,-0.10601125466532058,9.312486630843441,-0.0012537736306318555,-0.0017160131747147485,-0.00023043800280237456
1778454747544111950,0.2842847604044011,-0.09767715677682137,9.319427784823416,-0.0029581967282825694,-0.0007615362400303499,-0.00016226107889634597
1778454747564577878,0.27956759938062836,-0.09411456131019713,9.326534952295608,-0.0011174197828198,-0.0010342439356544608,-0.0009122072418626596
1778454747585054918,0.2916069808490074,-0.10964714115248314,9.323180478579065,0.0007915340865489989,0.0018291868683987314,-0.001389445709204859
1778454747605664660,0.27835869730836005,-0.09889917141885773,9.324135862829284,-0.0004356505437595141,0.0012837714771505027,-0.00043496877452046034
1778454747626051922,0.29300485108527763,-0.11685944027964648,9.334017381685227,-0.0032990813478127115,0.000465648390278163,0.0016785158665664232
1778454747646481480,0.2774471313242739,-0.10374175068486552,9.342121436780685,-0.003094550576094625,-0.0011705977834665197,-0.0007076764701445738
1778454747666928500,0.2916919623006464,-0.10607568898023673,9.33036182705674,-0.0016628351740680287,-0.0010342439356544608,0.0006558620079759958
1778454747687324039,0.2902174770661524,-0.09765244609306484,9.314724119687863,-0.0031627275000006526,-0.003147728576741348,-0.0014576226331108875
1778454747707796616,0.2819751261989353,-0.12042354043608533,9.317076343160405,-0.0021400736414102263,0.0010110637815263918,0.0012694543231302523
1778454747728194877,0.2930240543311109,-0.11088315033954371,9.33759261087797,-0.0031627275000006526,-0.0012387747073725475,0.0022921081817206795
1778454747748599509,0.29051138737892457,-0.10966981503148182,9.330356520416306,-0.002003719793598171,0.00026111761856007637,0.000792215855788053
1778454747769033900,0.28930248530665637,-0.11445442514014245,9.327957430949981,-9.476592422937198e-05,-0.0009660670117484366,0.0005876850840699673
1778454747789454772,0.2857641863169005,-0.11327740351280804,9.332693773717963,-0.000640181315477599,0.00032929454246610756,-0.0007758533940506024
1778454747809943886,0.295350223458298,-0.1036880783361891,9.335205028462633,-0.002208250565316254,0.0009428868576203606,-0.0010485610896747168
1778454747830357795,0.28925344000768105,-0.10248479550777606,9.329112400094962,-0.0032309044239066838,-0.0006933593161243187,-0.0009803841657686882
1778454747850772483,0.2842305764423111,-0.10364662681605968,9.313454359934472,-0.0005038274676655435,-0.001579659326902693,0.0022239312578146513
1778454747871337077,0.28194110091908564,-0.10486881882974375,9.320616269390651,-0.003026373652188597,0.00012476377074802092,-0.0024802764917013147
1778454747891694728,0.2833365008163532,-0.10849261603249966,9.332639031733976,-0.0024809582609403684,0.001692833020586676,-9.408415499031781e-05
1778454747912129193,0.3001282220098711,-0.10247850772185485,9.334075698749702,-0.0016628351740680287,-0.0006933593161243187,0.0005876850840699673
1778454747932593528,0.2761099006306946,-0.11687338899716324,9.32776225892553,0.0001779417713947424,0.0022382484118349047,0.002019400486096566
1778454747953110956,0.2785508932626627,-0.12405278439403125,9.327825826650145,-0.004049027510779023,0.0027154868791771022,0.0004513312362579105
1778454747973529625,0.2748694436175795,-0.10969177942388958,9.327717236452285,-0.0020718967175041986,-0.00021612084878212118,-0.002071214948265144
1778454747993921257,0.2748477700327435,-0.11207956743958492,9.325327866496709,-0.0024127813370343407,-0.0011705977834665197,0.00017862354063379613
1778454748014409555,0.27940600293076556,-0.09647506972243497,9.314552799555218,-0.0013219505545378832,0.0017610099444927071,-0.001184914937486774
1778454748034890058,0.2845545267933345,-0.10849381180652629,9.333856674833447,-0.0029581967282825694,-0.0036931439679895733,0.0004513312362579105
1778454748055442745,0.2773254562686731,-0.11328608284678252,9.330165761262165,-0.0001629428481353997,-0.0014433054790906341,0.0014739850948483377
1778454748075789006,0.29040891556915716,-0.1132378572532961,9.32197607409053,-0.0024127813370343407,0.0007383560859022739,0.00017862354063379613
1778454748096298008,0.29046234207994936,-0.09770018539911546,9.331511489561285,0.0007915340865489989,-0.0023977824137750327,0.0033829389642171357
1778454748116739974,0.27587854073342777,-0.09410415408725287,9.320483827300988,0.0016096571734213402,0.0013519484010565339,0.003042054344686993
1778454748137193939,0.2904431388341161,-0.1036764753392182,9.327936260368542,-0.0011174197828198,0.00237460225964696,0.000792215855788053
1778454748157672515,0.29156705945474526,-0.10246331740280401,9.323154001357192,-0.003503612119530798,0.0028518407269891577,0.0011331004753181951
1778454748178114999,0.28073885241252783,-0.11085073289668418,9.318221592794638,-0.003435435195624767,-0.001852367022526804,0.0036556466598412496
1778454748198545667,0.28821011962687404,-0.12763380275849076,9.33038562296825,-0.0019355428696921397,-0.00021612084878212118,0.0017466927904724518
1778454748218991892,0.28924925678097346,-0.10487599347390358,9.327922127987485,-0.0008447120871956856,0.0024427791835529913,-0.001525799557016916
1778454748239484968,0.28689229016423734,-0.10967304761026625,9.329101786814093,-0.0019355428696921397,0.0014883022488685893,0.0014739850948483377
1778454748259945803,0.26983841158390365,-0.09051990314400887,9.319178764585097,-0.0011174197828198,-0.0008297131639363811,-0.0005713226223325175
1778454748280412917,0.2759699777656678,-0.11684610939370571,9.318169476140717,-0.003026373652188597,-0.0015114824029966618,-0.0007076764701445738
1778454748300830567,0.27831535013868813,-0.1036747474502484,9.319357122918126,-0.002344604413128313,-0.0004206516205002078,0.0020875774100025946
1778454748321312828,0.2783419644015296,-0.10846396328336777,9.319374774399375,-0.0011855967067258277,0.003260902270425331,-0.0005713226223325175
1778454748341740219,0.28078048669449485,-0.11205485675582844,9.320624201361154,-0.0017991890218800842,-0.0029431978050232614,0.0011331004753181951
1778454748362183888,0.28920515216000364,-0.10008336769035198,9.326705378658135,-0.0028900198043765417,0.0010110637815263918,-0.0007758533940506024
1778454748382600261,0.2807139510373913,-0.10008181717302989,9.320580072658032,-0.002685489032658455,0.0013519484010565339,0.0014058081709423095
1778454748403094930,0.2904323020416981,-0.10487036934706584,9.326741575390754,0.001950541792951484,-0.001102420859560492,-0.001184914937486774
1778454748423567802,0.2857025913378024,-0.10848136777882417,9.330277926540512,-0.0001629428481353997,-0.0032840824245534035,-0.002412099567795287
1778454748443948563,0.2833290897993451,-0.0977271102592776,9.33619660944547,-0.003980850586872996,-0.0016478362508087208,0.0014058081709423095
1778454748464429380,0.29871780209347787,-0.10243980249307416,9.319667979321112,-0.0002992966959474569,-0.0006251823922182945,0.002360285105626708
1778454748484838549,0.2891216856109602,-0.12279122349248298,9.312400049016848,-0.003435435195624767,0.0008747099337143363,-0.001525799557016916
1778454748505352774,0.2795442129080874,-0.10248204921642734,9.321769450995387,0.0005188263909248845,-0.0014433054790906341,-0.001184914937486774
1778454748525925554,0.2820660037649869,-0.10848119040717646,9.327824095090197,-0.0019355428696921397,0.00026111761856007637,-0.00043496877452046034
1778454748546297352,0.289191845028583,-0.09768875977379227,9.32669655291751,-0.0021400736414102263,-0.002670490109399147,0.0005876850840699673
1778454748566737373,0.28804206759641027,-0.10368090369202926,9.327899169865802,-0.0024127813370343407,0.0011474176293384472,0.0021557543339086227
1778454748587240097,0.29309401576362437,-0.11089679014127246,9.342389002270377,-0.0013219505545378832,0.002306425335740936,4.2269692821739376e-05
1778454748607734395,0.2783710490033737,-0.1168416810408946,9.31820656664346,-0.0013901274784439144,0.0022382484118349047,0.0012012773992242237
1778454748628113935,0.28930248530665637,-0.11445442514014245,9.327957430949981,-0.001458304402349942,-0.0006933593161243187,-0.0010485610896747168
1778454748648576103,0.29167104616710826,-0.11803167881087434,9.324410466519353,-0.003776319815154909,0.0013519484010565339,0.0003149773884458533
1778454748668983124,0.283337258267651,-0.11806081784744196,9.329077041152168,-0.0010492428589137705,-0.0011705977834665197,0.0015421620187543662
1778454748689403867,0.27952596509866123,-0.09291043745105293,9.324132343729092,0.0005188263909248845,-0.0005570054683122633,0.003042054344686993
1778454748709898906,0.2722870132179891,-0.08334870079367962,9.325184867106474,-0.0015264813262559698,-0.0011705977834665197,-0.000844030317956631
1778454748730371853,0.29773209145017066,-0.10965993992348066,9.331666889772631,-0.0012537736306318555,0.0007383560859022739,-0.0014576226331108875
1778454748750835077,0.2854446171776942,-0.08092291703579446,9.32298184343472,-0.002208250565316254,-0.0011705977834665197,-0.00036679185061443175
1778454748771204857,0.2748470125814457,-0.10251136562464269,9.328889857078515,-0.004730796749839311,-0.00028429777268815237,-0.00036679185061443175
1778454748791665433,0.2833231936849324,-0.10609800811593995,9.33263020599335,-0.0028218428804705105,-0.0013069516312785787,0.0015421620187543662
1778454748812134084,0.2858582916732527,-0.11449175722324881,9.338693675828784,-0.0013219505545378832,0.0014883022488685893,-0.0007076764701445738
1778454748832557419,0.27824881448158456,-0.09170170786744986,9.319312994215004,-0.0019355428696921397,-0.00035247469659417663,-0.0007076764701445738
1778454748852964088,0.2818112573951791,-0.09407944340349633,9.315780162165435,-0.0015264813262559698,0.00032929454246610756,4.2269692821739376e-05
1778454748873385275,0.2965598829818641,-0.10847167004247077,9.334042127347152,-0.002208250565316254,0.0016246560966806448,0.0003831543123518819
1778454748893848648,0.2783453901769394,-0.09650456350229802,9.32412703708866,-0.004594442902027252,0.0024427791835529913,0.0018830466382845088
1778454748914376761,0.2761416535566509,-0.1037235051586779,9.334908304440704,-0.002344604413128313,0.000465648390278163,0.0022921081817206795
1778454748934716485,0.3000797361770843,-0.1251931834248502,9.322168564804619,0.0007233571626429694,0.000465648390278163,0.0003831543123518819
1778454748955184432,0.2784368272091794,-0.11924651880875087,9.321812685928387,-0.0010492428589137705,0.0005338253141841942,-0.0017303303287350019
1778454748975602286,0.2725915623380698,-0.11928827924466837,9.332511840304448,-0.0011855967067258277,0.00019294069465405211,0.001337631247036281
1778454748996034992,0.2831808004809029,-0.1024822265880751,9.324223282445702,-0.003435435195624767,-0.00028429777268815237,0.003246585116405079
1778454749016502142,0.2843204985719556,-0.10725217849262797,9.318263989937813,-0.002549135184846396,-0.0006251823922182945,0.0011331004753181951
1778454749036926755,0.2784902537199717,-0.10370884695457028,9.331348101399142,0.00045064946701885676,-0.0008978900878424054,-2.5907231084289217e-05
1778454749057378554,0.29389151569422745,-0.10124794528998432,9.318390287597216,-0.0001629428481353997,0.0021700714879288735,-0.0021393918721711726
1778454749077841908,0.2868139622783087,-0.1144418037407926,9.321924851206731,-0.0004356505437595141,-0.0005570054683122633,0.0012694543231302523
1778454749098232225,0.28210345482024624,-0.11207651223244819,9.329036431549236,-0.0021400736414102263,0.0006701791619962497,0.0011331004753181951
1778454749118697282,0.2843862767777613,-0.10965701626048424,9.321870109222742,-0.002276427489222285,0.0005338253141841942,0.0002468004645398247
1778454749139149155,0.2930366040112339,-0.1037095564411612,9.341163427200403,-0.0009810659350077428,0.00019294069465405211,0.0019512235621905374
1778454749159629453,0.28684400231655993,-0.10727161979284222,9.326694765377265,-0.0009810659350077428,0.00026111761856007637,-0.0010485610896747168
1778454749180015178,0.28789302082667034,-0.09886781820588458,9.319487833447841,-0.003094550576094625,0.003260902270425331,0.0004513312362579105
1778454749200488550,0.28325323225241905,-0.1060843683142112,9.327833814600943,-0.0021400736414102263,0.0008065330098083051,-0.0015939764809229447
1778454749221081552,0.2808055860547407,-0.09770766895906335,9.327765834006016,-0.002344604413128313,0.0018291868683987314,-0.002616630339513372
1778454749241455388,0.27720226631047695,-0.10369401137881484,9.325334066907264,-0.002344604413128313,0.00012476377074802092,0.0015421620187543662
1778454749261915964,0.2952401426464131,-0.1216067183052007,9.320882047340097,-0.002344604413128313,0.0006701791619962497,-2.5907231084289217e-05
1778454749282390614,0.29656900688657706,-0.11325747592515809,9.332860680980298,0.0018823648690454546,-0.0006251823922182945,0.0003831543123518819
1778454749302824376,0.2784252329654636,-0.11087221100165623,9.324179991532406,-0.01952518923744749,-0.0013069516312785787,0.002019400486096566
1778454749323343563,0.2842813346289912,-0.10963655655789112,9.314675522134133,-0.002276427489222285,0.0013519484010565339,-0.0005713226223325175
1778454749343783084,0.2796632196395761,-0.11446531865052251,9.325410873242815,0.00045064946701885676,-0.001102420859560492,0.0002468004645398247
1778454749364244289,0.28445205498356707,-0.11206185402834051,9.325476228507673,4.1587923582685205e-05,0.0030563714987072443,-0.00029861492670840315
1778454749384711032,0.29145717662796977,-0.09526585385139619,9.318331132742914,-0.0020718967175041986,-0.0008978900878424054,0.002769346649062879
1778454749405171608,0.28188615950569795,-0.10127008705403984,9.31820483508351,-0.002344604413128313,-0.0004206516205002078,0.0018830466382845088
1778454749425724759,0.27831287979968533,-0.100086245525841,9.320542982155292,-0.001458304402349942,0.000465648390278163,0.0003831543123518819
1778454749446148205,0.28672252524606856,-0.09169984843433976,9.324239202367004,-0.003980850586872996,-0.001579659326902693,0.0004513312362579105
1778454749466616578,0.27962082790631126,-0.10369299297643597,9.326570255258106,0.0003824725431128273,0.00237460225964696,-0.0009122072418626596
1778454749487032154,0.28309657648056163,-0.11562188057526379,9.313479943386223,-0.0020718967175041986,0.00026111761856007637,0.0022921081817206795
1778454749507475230,0.30374313599785074,-0.10486647310919789,9.33414016024444,-0.0004356505437595141,-0.00035247469659417663,0.0003831543123518819
1778454749528010714,0.285535098773527,-0.11921277404772446,9.314729370348001,-0.0031627275000006526,-0.0014433054790906341,-0.0009122072418626596
1778454749548417235,0.27357974332037993,-0.11565664373866918,9.319327070615765,0.0003142956192067996,0.00019294069465405211,0.0011331004753181951
1778454749568935218,0.28694647412632734,-0.10370357757102794,9.335075211703039,-0.0028900198043765417,-0.0009660670117484366,-0.00023043800280237456
1778454749589394905,0.2904497923998265,-0.10487377929749803,9.327940673238855,0.0022232494885755967,0.0017610099444927071,-0.0009803841657686882
1778454749609784778,0.28421061574518003,-0.10005471494122015,9.313441121323535,0.000587003314830914,0.00026111761856007637,-0.0014576226331108875
1778454749630246725,0.28673830271649203,-0.09768295827530682,9.323062168870461,0.0012005956299851704,-0.0009660670117484366,-0.0015939764809229447
1778454749650723986,0.273652175091896,-0.11925878546480528,9.322937602771006,-0.0027536659565644828,0.0016246560966806448,0.00017862354063379613
1778454749671375636,0.2880203940115742,-0.1060686917077246,9.325509799910224,-0.0008447120871956856,0.0016246560966806448,0.0005876850840699673
1778454749691742842,0.2903248895539252,-0.10126140772006537,9.320732847539308,-0.0001629428481353997,0.0008065330098083051,0.00017862354063379613
1778454749712300826,0.27841953483616044,-0.09412700533789925,9.330113700588543,-0.0011855967067258277,0.0030563714987072443,-0.0028211611112314576
1778454749732676402,0.28556932203848595,-0.1096513921336465,9.32068955662601,-0.004049027510779023,-0.0014433054790906341,0.003042054344686993
1778454749753094571,0.2914904444565215,-0.10125237364279543,9.318353197094474,-0.0017310120979740565,0.0013519484010565339,4.2269692821739376e-05
1778454749773521517,0.2867590208649209,-0.11084307196508864,9.319513416899591,-0.0011855967067258277,-0.0020568977942448906,-0.00023043800280237456
1778454749793947038,0.28195460603561573,-0.08214732322588408,9.330125207639531,-0.00023111977204142917,0.0015564791727746205,0.0018830466382845088
1778454749814379781,0.28063068247345724,-0.09767356945474148,9.315774855525001,-0.000640181315477599,0.001965540716210787,-0.0020030380243591154
1778454749834937579,0.2879804726173121,-0.09888486795804552,9.325483322688351,0.0007233571626429694,-0.0024659593376810604,0.0005876850840699673
1778454749855446433,0.28546780566512575,-0.09767153264998363,9.318247232226685,-0.0031627275000006526,-0.00021612084878212118,0.0005876850840699673
1778454749875919306,0.29398980427728716,-0.10007110103429762,9.325580461815516,-0.003980850586872996,0.0010110637815263918,0.0021557543339086227
1778454749896327475,0.28199110165446806,-0.10129054675663296,9.32539942217212,-0.0005720043915715713,-0.0019205439464328351,-0.00029861492670840315
1778454749916783162,0.2905089170399219,-0.10608131310707442,9.33154237965347,-0.0024127813370343407,-0.0013069516312785787,0.001064923551412167
1778454749937211164,0.2854860534745519,-0.10724314441535804,9.315884339492982,-0.0032990813478127115,-0.00021612084878212118,-2.5907231084289217e-05
1778454749957616018,0.274928568257675,-0.11089931323346602,9.331318942866902,0.0002461186953007701,-0.0005570054683122633,-0.00036679185061443175
1778454749978140224,0.2844887485875287,-0.10608897403867001,9.330250555548517,4.1587923582685205e-05,-0.0008297131639363811,0.0002468004645398247
1778454749998538596,0.2806506431705883,-0.10126548132958102,9.315788094135938,-0.001458304402349942,0.0006020022380902185,-0.001184914937486774
1778454750019155728,0.2866508509258503,-0.09766590852314588,9.317066679629955,-0.002549135184846396,-0.00028429777268815237,0.001337631247036281
1778454750039593249,0.2796599918492756,-0.10130861491117282,9.330158723061786,4.1587923582685205e-05,-0.0006251823922182945,0.0004513312362579105
1778454750060036084,0.2856427092464092,-0.0977056321543055,9.330238210707702,0.0001779417713947424,0.00019294069465405211,-0.0007076764701445738
1778454750080475383,0.2880795186516696,-0.10727622551730104,9.32911150632484,-0.004185381358591082,-0.001852367022526804,-0.00036679185061443175
1778454750100917199,0.2879804726173121,-0.09888486795804552,9.325483322688351,-0.0007765351632896562,-0.0028750208811172337,0.00017862354063379613
1778454750121440868,0.2940314385592543,-0.10127522489344182,9.327983070382029,-9.476592422937198e-05,-0.0045112670548619165,0.0003831543123518819
1778454750141918556,0.2724318767610213,-0.09055298424595182,9.332405931416956,-0.003980850586872996,-0.001579659326902693,0.0016785158665664232
1778454750162484539,0.2903881974207283,-0.10007774356351423,9.325524826061404,0.0003824725431128273,0.00026111761856007637,-0.000844030317956631
1778454750182872523,0.2940255424448416,-0.10964612275010421,9.32441666692991,-0.0021400736414102263,0.00298819457480122,0.0007240389318820244
1778454750203315580,0.2876548093785837,-0.10001738285811373,9.302704876444732,-0.0015946582501619976,0.00012476377074802092,0.0022921081817206795
1778454750223848990,0.2891667456683371,-0.1120359475705574,9.319554920272646,-0.0028900198043765417,0.018055294758033517,-0.00029861492670840315
1778454750244292603,0.2761749213852026,-0.1097100249500772,9.334930368792264,0.0025641341081057405,0.00026111761856007637,-0.0020030380243591154
1778454750264754587,0.27950923219183077,-0.10247522931556297,9.319371255299183,-0.0007765351632896562,-0.00014794392487608998,0.0007240389318820244
1778454750285222682,0.29419702025071537,-0.12163962203549591,9.33165538272164,-0.002003719793598171,-0.0033522593484594312,0.0021557543339086227
1778454750305673498,0.28831944298746115,-0.10014696097453696,9.348270594672591,-0.0032990813478127115,-7.976700097006573e-05,-0.00023043800280237456
1778454750326157352,0.28314753265235115,-0.0964957067966758,9.324201218094142,-0.0024127813370343407,0.0006701791619962497,-0.0006394995462385453
1778454750346603780,0.2999082583712106,-0.11319968413945858,9.314929849012886,0.00010976484748871293,-0.00035247469659417663,0.0021557543339086227
1778454750367028060,0.2889061031841167,-0.10600509842353961,9.303944583895765,-0.0028900198043765417,0.0014883022488685893,0.001337631247036281
1778454750387508729,0.29030911208350185,-0.09527829787909825,9.321909881035848,-0.0012537736306318555,0.0008065330098083051,-0.0017985072526410305
1778454750407995639,0.28899945108917113,-0.09765125031903821,9.313506476588392,0.0003142956192067996,0.0005338253141841942,-0.000844030317956631
1778454750428402659,0.3013336983067294,-0.10965329739426405,9.331722525526741,-0.0024127813370343407,-0.0016478362508087208,0.001337631247036281
1778454750448845791,0.2867424859431996,-0.0952917603091793,9.32425244097794,-0.0015264813262559698,-0.0013751285551846064,0.00011044661672776797
1778454750469301386,0.28083542810788265,-0.1156535885315324,9.323035635668292,0.001473303325609283,0.0006701791619962497,-0.0014576226331108875
1778454750489779369,0.28782875752346004,-0.11559938406791284,9.308757732999299,-0.000640181315477599,0.0016246560966806448,0.002360285105626708
1778454750510222705,0.2578454070903876,-0.10848455453010125,9.313064015885567,-0.003435435195624767,-0.001579659326902693,-0.0007076764701445738
1778454750530711651,0.2869006566176526,-0.10489065167801126,9.331482331029047,0.0003142956192067996,-0.0010342439356544608,0.0020875774100025946
1778454750551158042,0.2809280185616392,-0.09773153861208872,9.336159518942727,-0.0037081428912488813,0.0027836638030831334,-0.0009803841657686882
1778454750571648137,0.27966816031758146,-0.12164232249933721,9.323039154768482,-0.0004356505437595141,-0.0014433054790906341,0.0007240389318820244
1778454750592098565,0.2914271365897184,-0.10243603779934651,9.313561218572382,-0.0038444967390609402,0.000465648390278163,0.0017466927904724518
1778454750612535752,0.2867947590324754,-0.12041809368089529,9.318349622013988,-0.004594442902027252,-0.0022614285659629772,4.2269692821739376e-05
1778454750633073014,0.2940356217859619,-0.0988840269273143,9.329173342489508,-0.0021400736414102263,-0.0011705977834665197,0.0029057004968749364
1778454750653504572,0.28082706165446736,-0.12043598446378745,9.32065509145334,-0.001458304402349942,0.0017610099444927071,-0.0005031456984264889
1778454750674047759,0.2867398176190876,-0.11681936190519138,9.31593818770685,-0.0007083582393836284,0.001420125324962565,0.0012012773992242237
1778454750694458391,0.28783883686458034,-0.1048372882451229,9.313514408558897,0.0005188263909248845,-0.003079551652835317,0.002360285105626708
1778454750714996874,0.2867390601677898,-0.1072511600902491,9.319500178288655,-0.002003719793598171,0.0017610099444927071,-0.0007076764701445738
1778454750735442802,0.2925951618313174,-0.10601550564648399,9.309995708890384,-0.002208250565316254,-0.0009660670117484366,0.0003831543123518819
1778454750755863897,0.286959781257748,-0.10609818548758765,9.335084037443663,-0.0005038274676655435,-0.0004206516205002078,-0.00023043800280237456
1778454750776204418,0.2856035453034449,-0.10009001021956865,9.326649742904022,-0.0005038274676655435,-0.0007615362400303499,-2.5907231084289217e-05
1778454750796575031,0.291645387340674,-0.09769456127227771,9.330330936964554,-0.0019355428696921397,0.001692833020586676,0.0014058081709423095
1778454750817004922,0.2784486194380046,-0.10250472309542602,9.328945492832627,-0.0019355428696921397,0.0018973637923047626,0.0011331004753181951
1778454750837475350,0.28092953346423477,-0.11686794224197325,9.329035537779115,-0.0024127813370343407,0.0012155945532444784,0.0029057004968749364
1778454750857890185,0.2843929303434717,-0.11085432021876412,9.321874522093054,-0.000640181315477599,0.0009428868576203606,0.0007240389318820244
1778454750878412724,0.29515460172858565,-0.0904938651420854,9.326762801952489,-0.0004356505437595141,0.0008065330098083051,4.2269692821739376e-05
1778454750898801227,0.28804872116212055,-0.10487820765030914,9.327903582736115,-0.0028218428804705105,5.6586846841989724e-05,-0.0007758533940506024
1778454750919301673,0.2845936907362988,-0.10610943374126319,9.337445142637126,-0.001458304402349942,0.0006701791619962497,-0.0011167380135807454
1778454750939694305,0.2832165386484574,-0.1120572483038817,9.323059487560098,-0.002276427489222285,-0.0013069516312785787,0.0012694543231302523
1778454750960144455,0.2881844608004398,-0.10729668521989422,9.33630609341345,-0.0013219505545378832,-0.0026023131854931193,-0.002412099567795287
1778454750980635976,0.2736573137550108,-0.10131968579320055,9.330065996804933,0.00010976484748871293,-0.00014794392487608998,-2.5907231084289217e-05
1778454751001059163,0.2786159140171707,-0.11688942034694524,9.33499393651688,0.000587003314830914,-0.004443090130955889,0.0002468004645398247
1778454751021673128,0.2866924852078173,-0.09887003238229009,9.31946928819647,-0.0011174197828198,-0.00014794392487608998,0.0005876850840699673
1778454751042106464,0.27461127147236186,-0.1072494322012793,9.310921040838238,-0.0011174197828198,0.0036699638138615043,-0.0020030380243591154
1778454751062605132,0.28914431463220336,-0.10485553377131046,9.320727540898876,-0.0029581967282825694,5.6586846841989724e-05,-0.0007076764701445738
1778454751083048690,0.2857168539056303,-0.09532807398990678,9.336224874207586,-0.001458304402349942,-0.0006251823922182945,-0.00016226107889634597
1778454751103487507,0.2855818717186088,-0.10247779823526398,9.324260372948443,0.0007233571626429694,0.0008065330098083051,0.002360285105626708
1778454751123971565,0.28800043331444314,-0.10247677983288506,9.325496561299287,0.00010976484748871293,0.0008065330098083051,0.0035874697359352214
1778454751144377770,0.2796048524507784,-0.12282598665588834,9.31824717624639,0.0008597110104550266,-0.0015114824029966618,-2.5907231084289217e-05
1778454751164870161,0.2845328532084985,-0.11088159982222162,9.331467304877867,4.1587923582685205e-05,-0.00389767473970766,0.0019512235621905374
1778454751185277886,0.28783465363787264,-0.10722848621125042,9.31232413645142,0.0006551802387369417,-0.00028429777268815237,0.00011044661672776797
1778454751205715555,0.27626408606354935,-0.10374737481170326,9.343301989377416,-0.0036399659673428536,-0.003079551652835317,-0.0014576226331108875
1778454751226183371,0.28325247480112126,-0.09651616649926892,9.331395805182751,-0.002208250565316254,0.0012155945532444784,0.00017862354063379613
1778454751246554355,0.2856476499244147,-0.10488263600312026,9.327866492233372,-0.002276427489222285,0.0006020022380902185,0.0015421620187543662
1778454751267017857,0.30124967229149757,-0.09767684786103331,9.330479298975519,-0.0031627275000006526,-0.000488828544406239,0.0005876850840699673
1778454751287527804,0.2951319727073425,-0.1084295548632579,9.31843531007046,0.000587003314830914,-0.00035247469659417663,0.0004513312362579105
1778454751308066584,0.27710397772741713,-0.1048708556345016,9.318143892688965,-9.476592422937198e-05,-0.0005570054683122633,-0.00016226107889634597
1778454751328502975,0.28919678570658836,-0.10486576362260702,9.32432483444318,-0.002208250565316254,0.00019294069465405211,0.00017862354063379613
1778454751348895847,0.28071470848868907,-0.10965001898797216,9.317018082076224,-0.0031627275000006526,0.0025109561074590156,-0.0024802764917013147
1778454751369333868,0.2808479777880055,-0.10847999463314983,9.326606451990726,-0.0012537736306318555,0.0022382484118349047,0.0022921081817206795
1778454751389753796,0.28330570332680416,-0.10609459816550776,9.331431108145248,-0.0017991890218800842,0.0016246560966806448,-0.0010485610896747168
1778454751410212372,0.29642243045583994,-0.11203289236342062,9.323263485325173,-0.0027536659565644828,0.0006020022380902185,0.0011331004753181951
1778454751430707578,0.28946826498322675,-0.10970271876177712,9.34112985579785,-0.0005038274676655435,0.001420125324962565,-0.00036679185061443175
1778454751451175561,0.28793047188192966,-0.10246314003115631,9.32070016990688,-0.0032990813478127115,-0.0013751285551846064,0.00017862354063379613
1778454751471698397,0.2808105267327461,-0.10488467280787805,9.325394115531688,-0.003026373652188597,0.0027154868791771022,0.0007240389318820244
1778454751492078029,0.2722102002346559,-0.10725386055409036,9.310883950335496,-0.0005720043915715713,-0.00028429777268815237,0.0003831543123518819
1778454751512544142,0.2721719917280988,-0.09409033691387642,9.313233604458267,-0.0017991890218800842,-0.0007615362400303499,-0.001525799557016916
1778454751532951996,0.2820802663328147,-0.09532789661825902,9.33377104275727,0.001132418706079141,-0.0008297131639363811,0.0016785158665664232
1778454751553406646,0.2954832947725051,-0.12763415750178622,9.335293285868877,-0.0007765351632896562,-0.001102420859560492,-0.0005713226223325175
1778454751573888926,0.2772397173657364,-0.10728933320408662,9.3265464033663,-0.00036747361985348635,-0.0008978900878424054,-0.0018666841765470582
1778454751594289687,0.2891751121217524,-0.10725355163830236,9.3219354644876,-0.0038444967390609402,0.000465648390278163,-0.0010485610896747168
1778454751614768523,0.2903207063272176,-0.10365260568619289,9.31954257543183,-0.0016628351740680287,0.0003974714663721318,0.0005195081601639387
1778454751635215802,0.2711128938768682,-0.11325623432362397,9.315683860828095,-0.004185381358591082,-0.0007615362400303499,-0.0012530918613928017
1778454751655650731,0.2880262901259868,-0.0976977938510622,9.329076203362343,-0.0028900198043765417,0.0005338253141841942,-0.0013212687852988303
1778454751676187492,0.2855636239091828,-0.09290618646988952,9.326623265682148,-0.002276427489222285,-0.0021250747181509183,0.000792215855788053
1778454751696601253,0.2938981692599377,-0.10244524924826415,9.318394700467529,-0.002344604413128313,0.0022382484118349047,-0.001389445709204859
1778454751717158107,0.2940730728412213,-0.10247934875258602,9.330385678948545,-0.0024127813370343407,0.00019294069465405211,0.002769346649062879
1778454751737472906,0.28566912552414125,-0.12761095150784435,9.320755749680695,-0.001458304402349942,0.0010110637815263918,0.0017466927904724518
1778454751757962408,0.279654095734863,-0.10967951276783522,9.326592319609667,-0.0009128890111017134,0.00012476377074802092,0.0005876850840699673
1778454751778488058,0.2783835986834966,-0.10966808714251203,9.32177738296589,-0.0001629428481353997,0.0005338253141841942,0.0004513312362579105
1778454751798850079,0.2869038844079531,-0.11804735541736094,9.326734481210075,-0.002685489032658455,0.002033717640116818,0.0008603927796940812
1778454751819272210,0.28584745488083463,-0.1156856512310965,9.337498990850994,0.0015414802495153125,-0.0008297131639363811,-0.0023439226438892583
1778454751839722675,0.2797489585425129,-0.12046206829321834,9.329030231138681,-0.0017310120979740565,0.0011474176293384472,0.000792215855788053
1778454751860135252,0.2881219103849345,-0.1180485511913876,9.327952124309547,0.0005188263909248845,0.00026111761856007637,0.002769346649062879
1778454751880610402,0.2809738360703139,-0.0965444645051054,9.33975239961672,-0.00036747361985348635,-0.00021612084878212118,-0.0009122072418626596
1778454751901049385,0.2843963561188816,-0.09889492043769432,9.32662678478234,-0.0019355428696921397,0.002306425335740936,0.0016103389426603948
1778454751921632147,0.28805290438882813,-0.10248700968418162,9.329093854843592,-0.0017310120979740565,-0.0004206516205002078,-0.001184914937486774
1778454751941983908,0.28561342665945577,-0.11444401791719816,9.32190630595536,-0.0012537736306318555,-0.00021612084878212118,-0.002616630339513372
1778454751962513003,0.28809206833179246,-0.10010263161891847,9.332682322647273,-0.001867365945786112,0.0008065330098083051,0.0017466927904724518
1778454751982914690,0.2844902634901243,-0.12522537766855457,9.323126574384903,-0.0011174197828198,-0.001988720870338863,0.001337631247036281
1778454752003404581,0.2904897137940886,-0.11205760304717716,9.327967150460728,-0.0002992966959474569,-0.0019205439464328351,-0.0009803841657686882
1778454752023872028,0.29764141186922843,-0.0964861864319701,9.330419250351097,-0.0017310120979740565,0.0006701791619962497,0.0004513312362579105
1778454752044258030,0.2893332827962054,-0.11685244300713435,9.32916535453871,-0.0009128890111017134,-0.0008297131639363811,0.0012012773992242237
1778454752064667828,0.288073622537257,-0.11564712337396349,9.325545102872722,-0.000640181315477599,-0.0006251823922182945,-0.00036679185061443175
1778454752085122738,0.2890735957483922,-0.09527369215463943,9.319493140088275,-0.0011174197828198,-0.0036931439679895733,0.0029738774207809645
1778454752105773629,0.27377974626190926,-0.10134355544622592,9.338459681741645,-0.0017310120979740565,0.0015564791727746205,-9.408415499031781e-05
1778454752126087742,0.2806506431705883,-0.10126548132958102,9.315788094135938,-0.0012537736306318555,-0.00035247469659417663,0.000792215855788053
1778454752146543096,0.29404303280296995,-0.1096495327005364,9.325615764778012,-0.0013219505545378832,0.0012837714771505027,0.0034511158881231642
1778454752166932468,0.2941846685557018,-0.10369711241345908,9.337584678907467,-0.0015946582501619976,0.0011474176293384472,0.000792215855788053
1778454752187771896,0.29387896601410446,-0.10842153918836689,9.314819471274786,-0.0028218428804705105,-0.0013751285551846064,-2.5907231084289217e-05
1778454752207888732,0.29752144970133265,-0.1000508187033522,9.320839706177221,-0.0027536659565644828,-7.976700097006573e-05,0.001337631247036281
1778454752228323178,0.29256779011717815,-0.09165808799842229,9.313540047990944,0.00010976484748871293,-0.0011705977834665197,0.0028375235729689078
1778454752248754125,0.2808196506374592,-0.10967047869056529,9.324212669164833,-0.001867365945786112,0.0006701791619962497,0.0005195081601639387
1778454752269274219,0.2821291136466806,-0.13241362977104476,9.323115961104033,-0.0011855967067258277,5.6586846841989724e-05,-0.00023043800280237456
1778454752289702888,0.29515460172858565,-0.0904938651420854,9.326762801952489,-0.0012537736306318555,0.0027154868791771022,0.0020875774100025946
1778454752310137372,0.2903938955500316,-0.11682294922727127,9.319591117005265,-0.0033672582717187392,-0.0006251823922182945,-0.0007076764701445738
1778454752330536892,0.29045967375583726,-0.11922778699512754,9.323197236290193,-0.002549135184846396,-0.0011705977834665197,0.0014739850948483377
1778454752350908561,0.28448133757052063,-0.09532346826544791,9.333808133260012,0.0009960648582670838,0.00237460225964696,0.0012694543231302523
1778454752371544600,0.2867715705450439,-0.10366947806670607,9.323084233222023,-0.000640181315477599,-0.0012387747073725475,-0.0007758533940506024
1778454752391851399,0.2907094794476396,-0.12645253014999294,9.337612887689286,-0.0024127813370343407,0.0016246560966806448,0.0018148697143784802
1778454752412321382,0.2940797264069317,-0.1036766527108659,9.330390091818858,-0.004185381358591082,0.0003974714663721318,-0.00016226107889634597
1778454752432727181,0.28297338652236537,-0.1060298091072962,9.308648249031318,-0.0001629428481353997,0.0003974714663721318,0.0016785158665664232
1778454752453131498,0.28799282431232565,-0.11682737758008238,9.319554026502525,-0.0009810659350077428,0.0011474176293384472,0.0002468004645398247
1778454752473612574,0.28913766106649297,-0.10365822981303058,9.320723128028563,-0.002003719793598171,0.000465648390278163,0.0012012773992242237
1778454752493987094,0.29882350169354577,-0.11202846401060951,9.323300575827915,-0.0013901274784439144,0.0018291868683987314,-0.001184914937486774
1778454752514458300,0.29046309953124716,-0.10726838721405774,9.327949498979478,-0.0005038274676655435,-0.001852367022526804,-0.00043496877452046034
1778454752534856839,0.28798541329531746,-0.10606187180686022,9.323111604214018,-0.0005038274676655435,0.00012476377074802092,-0.0006394995462385453
1778454752555365508,0.28674001560419693,-0.09170325838477195,9.325438300215106,-0.0031627275000006526,0.002579133031365047,0.0038601774315593354
1778454752575832140,0.29004846959928143,-0.08924744873208051,9.306299544658966,-0.0020718967175041986,-7.976700097006573e-05,0.0003831543123518819
1778454752596219383,0.3037596709195719,-0.12041778476510731,9.329401136166092,-0.0017991890218800842,0.00026111761856007637,-0.0007076764701445738
1778454752616633477,0.28672917881177895,-0.09289715239261959,9.324243615237314,-0.0012537736306318555,-0.0034204362723654624,4.2269692821739376e-05
1778454752637086257,0.2893465899276261,-0.11924705092369406,9.329174180279333,-0.0036399659673428536,0.0012837714771505027,0.0015421620187543662
1778454752657497555,0.2903330580222312,-0.12159511530822975,9.313613279246006,-0.001458304402349942,0.0006020022380902185,-0.0007758533940506024
1778454752678026391,0.28815023753548086,-0.1168580671339721,9.33034590713544,-0.0013901274784439144,0.0006020022380902185,0.00017862354063379613
1778454752698429578,0.28089626563568293,-0.11088142245057386,9.329013473427553,-0.00036747361985348635,-0.002329605489869005,-0.0009122072418626596
1778454752719044191,0.2820177159173094,-0.10607976258975238,9.32541707365337,-0.0015946582501619976,0.0010110637815263918,0.0003149773884458533
1778454752739529027,0.2843838064387586,-0.10606851433607689,9.323055968459906,-0.000640181315477599,-0.001852367022526804,0.0006558620079759958
1778454752759887214,0.29393067963719177,-0.09886356722472117,9.321978755400897,-0.000640181315477599,-0.0014433054790906341,-0.0024802764917013147
1778454752780155475,0.27968242288540934,-0.10848902871041971,9.32898610243556,-0.0028218428804705105,-0.000488828544406239,-0.0032302226546676283
1778454752800666163,0.2758026831865017,-0.10246141214218651,9.312121032456464,-0.0032990813478127115,-0.00021612084878212118,0.000792215855788053
1778454752821306220,0.28100463355986294,-0.0989424823720973,9.340960323205447,-0.0007083582393836284,-0.00035247469659417663,0.0002468004645398247
1778454752841596908,0.2796915467901224,-0.11327483459310703,9.327804656068704,-0.003026373652188597,0.0012155945532444784,-0.0007076764701445738
1778454752862034188,0.28440548002359467,-0.10368072632038156,9.325445338415488,-0.002549135184846396,0.0011474176293384472,4.2269692821739376e-05
1778454752882613764,0.28677328343274877,-0.0976897781761712,9.325460364566666,-0.002549135184846396,0.00012476377074802092,0.0012694543231302523
1778454752903010784,0.30120461223412065,-0.10843212378295886,9.323324427719719,-0.002344604413128313,0.001692833020586676,-0.0009122072418626596
1778454752923493286,0.2904813473406733,-0.1168399989794322,9.325586606245775,0.00010976484748871293,-0.0012387747073725475,0.002769346649062879
1778454752943854251,0.2867107330172435,-0.10844164414766455,9.317106395462766,-0.002208250565316254,-0.0008297131639363811,0.001064923551412167
1778454752964214476,0.2833414414943586,-0.11566961988131444,9.330267313259645,-0.0004356505437595141,0.0012155945532444784,0.0004513312362579105
1778454752984730385,0.28557274781389586,-0.09769199235257675,9.325441819315296,-0.0012537736306318555,-0.0024659593376810604,-0.0007076764701445738
1778454753005172498,0.28324068257229607,-0.11325796221259377,9.324262998278511,-9.476592422937198e-05,-1.1590077064034532e-05,0.0003831543123518819
1778454753025734982,0.2736947648102702,-0.10491500761847233,9.331278333263972,-0.0026173121087524273,-0.0013751285551846064,-0.001184914937486774
1778454753046558410,0.2894298584915602,-0.12165529864198252,9.333979397412362,0.0007915340865489989,0.00026111761856007637,-0.0013212687852988303
1778454753066695671,0.2927434511497595,-0.10126038931768644,9.32196903589015,-0.000640181315477599,-0.00028429777268815237,-2.5907231084289217e-05
1778454753087099562,0.2892241574207276,-0.11922318127066872,9.320780495342621,-0.0031627275000006526,-0.0008978900878424054,0.002701169725156851
1778454753107561527,0.28441878715501534,-0.10607533423694127,9.325454164156112,-0.0013219505545378832,-0.0006933593161243187,0.0009967466275061384
1778454753127998085,0.2867673873183362,-0.10606067603283359,9.321893961114545,-9.476592422937198e-05,0.001420125324962565,0.003519292812029193
1778454753148400328,0.28803864182100036,-0.11564030347309912,9.323146907176517,-0.000640181315477599,0.0009428868576203606,-0.00036679185061443175
1778454753168822367,0.2772705148552854,-0.10968735107107852,9.327754326955025,0.0007233571626429694,-0.0016478362508087208,-0.0014576226331108875
1778454753189268202,0.27389134197638976,-0.10256131910709892,9.345658681700566,-0.0007083582393836284,0.001965540716210787,-2.5907231084289217e-05
1778454753209779038,0.27979154826088704,-0.10611829044688542,9.337370961631644,-0.0024127813370343407,-0.0008297131639363811,0.0009285697036001098
1778454753230362114,0.28788294148555005,-0.1096299140286745,9.314731157888245,-0.002208250565316254,0.0015564791727746205,0.0024966389534387652
1778454753250660079,0.2771165274075401,-0.09769726173611903,9.321714709011395,0.0013369494777972259,-0.00021612084878212118,-0.0007076764701445738
1778454753271553859,0.2843872322141685,-0.09410911455500715,9.327808231149191,-0.001458304402349942,-0.0020568977942448906,0.002564815877344794
1778454753291670287,0.2939706010314539,-0.1060473909744003,9.32200523262277,-0.0024127813370343407,-0.0010342439356544608,-0.000844030317956631
1778454753312013678,0.28677822411075415,-0.10486678202498595,9.323088646092335,-0.005003504445463422,0.00012476377074802092,0.0029057004968749364
1778454753332488532,0.29030397342038705,-0.11321739755070298,9.314781487001921,4.1587923582685205e-05,0.001965540716210787,-0.0014576226331108875
1778454753352933126,0.29019409059361145,-0.10601993399929505,9.309958618387641,-0.003912673662966968,0.00019294069465405211,0.0014058081709423095
1778454753373371814,0.2856959377720921,-0.10728406382054428,9.3302735136702,-0.002208250565316254,-0.0034204362723654624,-0.0011167380135807454
1778454753393791223,0.2915936737175867,-0.10725253323592343,9.323171652838441,-0.003026373652188597,0.0005338253141841942,0.002019400486096566
1778454753414210096,0.2857567752998924,-0.10251189773958591,9.336251351429459,0.000587003314830914,0.0008065330098083051,0.0009285697036001098
1778454753434670116,0.2892384199885555,-0.10606988748175122,9.326727443009695,-0.003094550576094625,-0.0008297131639363811,0.0012012773992242237
1778454753455066137,0.2927483918277649,-0.1084373931665012,9.319597317415822,-0.0024809582609403684,0.003329079194331362,0.0018830466382845088
1778454753475558324,0.2916096491731195,-0.08811953955647112,9.331494731850158,-0.0020718967175041986,-0.00021612084878212118,4.2269692821739376e-05
1778454753495995382,0.2758753129431273,-0.08094745034790324,9.32523167711996,-0.003435435195624767,0.0014883022488685893,0.0004513312362579105
1778454753516438810,0.2953310202124647,-0.10966436827629178,9.331629799269889,-0.0033672582717187392,-0.001852367022526804,0.0020875774100025946
1778454753536954590,0.28803959725740746,-0.10009240176762191,9.329085029102968,-0.0026173121087524273,-0.001102420859560492,0.0003831543123518819
1778454753557313443,0.28930344074306347,-0.09890652343466527,9.333895552876431,-0.0007765351632896562,0.0012837714771505027,0.00017862354063379613
1778454753577812686,0.27472533752584505,-0.1120556977865596,9.316934181559997,-0.0002992966959474569,0.0012837714771505027,-0.001184914937486774
1778454753598175911,0.298855254619502,-0.09887858017212425,9.330446621343091,-0.0002992966959474569,0.0008065330098083051,-0.0007758533940506024
1778454753618581042,0.2867548376382132,-0.11323426993121621,9.318323144792114,-0.0011174197828198,-0.002329605489869005,-0.001525799557016916
1778454753639023693,0.2988261700176579,-0.09050086241459748,9.331614829099006,0.00045064946701885676,0.0003974714663721318,0.0003831543123518819
1778454753659478917,0.2854759741334316,-0.11800524023814798,9.311127663933382,-0.0011855967067258277,-0.0007615362400303499,0.001064923551412167
1778454753679985049,0.29399645784299755,-0.10126840499257744,9.325584874685827,-0.0004356505437595141,-0.0011705977834665197,-0.0005031456984264889
1778454753700439921,0.2870213762368462,-0.1108942212215715,9.337499884621115,-0.0011174197828198,0.0015564791727746205,-0.0007758533940506024
1778454753721074275,0.2952684697969594,-0.12041623424778519,9.323275830165988,-0.0007083582393836284,-0.001579659326902693,-0.00404834574153997
1778454753741341203,0.29168853652523663,-0.11803508876130653,9.325609564367456,-0.0015946582501619976,-0.0008297131639363811,0.0004513312362579105
1778454753761761631,0.27941189904517816,-0.08810417186577257,9.318119203007337,0.0005188263909248845,0.00012476377074802092,-0.0013212687852988303
1778454753782266818,0.297614797606387,-0.09169697059885074,9.330401598869848,-0.0008447120871956856,0.0008065330098083051,0.0029057004968749364
1778454753802729061,0.2964448614919737,-0.11921330616266762,9.322090864698945,0.0009960648582670838,0.0009428868576203606,0.001064923551412167
1778454753823294433,0.29268603939736904,-0.09407315561757512,9.320743460820177,-0.002549135184846396,-0.0028750208811172337,0.001337631247036281
1778454753843668565,0.28331558468281504,-0.12044860586313727,9.32668767119659,0.00010976484748871293,0.0018291868683987314,-0.00023043800280237456
1778454753864099771,0.27847865947625583,-0.09533453914747564,9.33371540700316,0.0005188263909248845,0.0024427791835529913,0.00011044661672776797
1778454753884587440,0.28683487841184685,-0.10248581391015499,9.327876211744117,-0.0012537736306318555,0.00019294069465405211,-0.0005031456984264889
1778454753905388238,0.30473797054587104,-0.10243214156147856,9.320959803426067,-0.0002992966959474569,0.00026111761856007637,0.0003149773884458533
1778454753925576536,0.29299819751956724,-0.1156621363213666,9.334012968814914,-0.0013901274784439144,0.0010110637815263918,-0.0018666841765470582
1778454753945920761,0.2855917530746198,-0.1168318059328935,9.319516935999783,-0.0007765351632896562,0.00237460225964696,0.004405592822807563
1778454753966325448,0.2964492427037907,-0.09170600467612067,9.33278124931468,-0.0001629428481353997,0.0024427791835529913,-0.0009122072418626596
1778454753986817357,0.2842897010824065,-0.10485416062563607,9.317056066349089,0.00045064946701885676,0.0013519484010565339,0.0003149773884458533
1778454754007270452,0.29862616707612855,-0.10481395070704075,9.31248221797313,-0.002344604413128313,-0.003215905500647376,0.002019400486096566
1778454754027760491,0.2819236105609574,-0.10486540887931156,9.319417171542549,0.0005188263909248845,-0.0004206516205002078,0.002701169725156851
1778454754048094901,0.2953975558695683,-0.12163740785909041,9.33167392797301,-0.000640181315477599,-0.0009660670117484366,-0.0005713226223325175
1778454754068610088,0.2892251128571348,-0.10367527956519151,9.326718617269071,-0.0008447120871956856,0.002579133031365047,0.0018830466382845088
1778454754089009664,0.27716405780391973,-0.0905304877386009,9.32768372103003,-0.0037081428912488813,0.000465648390278163,-0.002071214948265144
1778454754109484944,0.28083220031758216,-0.10249688479218272,9.327783485487265,-0.0027536659565644828,0.0010110637815263918,0.0003149773884458533
1778454754129948761,0.2867981848078852,-0.10845869389982549,9.323101884703272,0.0003142956192067996,-0.0009660670117484366,-0.0022757457199832297
1778454754150373337,0.3021836693117176,-0.10001468239427247,9.311321104397889,-0.0017991890218800842,0.0018291868683987314,-0.0030256918829495434
1778454754170957228,0.2796474421691526,-0.10848220880955534,9.326587906739356,-0.0036399659673428536,-0.00014794392487608998,0.0004513312362579105
1778454754191311211,0.2855352967586364,-0.09409667052730503,9.324229482856257,-0.0011855967067258277,0.0012155945532444784,-0.0016621534048289733
1778454754211673121,0.28188862984470064,-0.10485858897844719,9.317018975846347,-0.002208250565316254,-0.0016478362508087208,-0.00023043800280237456
1778454754232135864,0.2902315416488709,-0.10961525582456683,9.311170954846679,0.0003142956192067996,0.0007383560859022739,-9.408415499031781e-05
1778454754252538273,0.29998582880584157,-0.09886272619399,9.325668775202056,0.0001779417713947424,0.001079240705432423,0.0002468004645398247
1778454754273000016,0.279643258942445,-0.11087340677568286,9.325397634631878,-0.00036747361985348635,-0.00021612084878212118,-0.001525799557016916
1778454754293433148,0.2951852012330253,-0.11800798652949673,9.318470613032957,-0.0008447120871956856,-0.0012387747073725475,-0.0030256918829495434
1778454754313910113,0.29525611810194585,-0.10247372462574827,9.329205126351814,-0.0016628351740680287,0.0010110637815263918,0.0012012773992242237
1778454754334381263,0.2771688004968158,-0.12282359510783508,9.315811890047446,0.000587003314830914,0.0012155945532444784,0.0011331004753181951
1778454754354813339,0.2951869141207303,-0.1120282866389618,9.3208467443776,-0.00036747361985348635,0.00019294069465405211,-0.00029861492670840315
1778454754375322193,0.2818720949229794,-0.0893072773225379,9.321757999924692,-0.0001629428481353997,0.0024427791835529913,0.0007240389318820244
1778454754395713825,0.2892258703084325,-0.11324348138013385,9.323156626687261,-0.0028900198043765417,0.0013519484010565339,0.0012694543231302523
1778454754416213790,0.29262177609415885,-0.11080472147960335,9.310013360371633,-0.0011174197828198,-0.0011705977834665197,0.0004513312362579105
1778454754436586218,0.2999698533503088,-0.11799571987344237,9.317345696190339,-0.0019355428696921397,-0.00028429777268815237,-0.000844030317956631
1778454754457013498,0.28574004239306183,-0.11207668960409589,9.33149026299955,4.1587923582685205e-05,0.0006701791619962497,0.0005195081601639387
1778454754477584296,0.28683069518513926,-0.10487701187628251,9.326685939636642,-0.0019355428696921397,0.0012837714771505027,0.0026329928012508224
1778454754497967539,0.29774292824258863,-0.10846604591563302,9.332861574750423,-0.0010492428589137705,-0.0017841900986207762,-0.0012530918613928017
1778454754518383300,0.3048653437307749,-0.10963301506331863,9.326981769888448,-0.001867365945786112,-0.0013069516312785787,-0.0017303303287350019
1778454754538886450,0.2929624593520128,-0.10608711460555992,9.335176763700517,-0.000640181315477599,0.0005338253141841942,0.0009285697036001098
1778454754559263212,0.29768894226560805,-0.08931941243445202,9.33638826236973,-0.003776319815154909,-0.0012387747073725475,-0.00036679185061443175
1778454754579824491,0.2845444474522143,-0.11925590762931629,9.32909999927385,-0.0019355428696921397,-1.1590077064034532e-05,-0.0021393918721711726
1778454754600168160,0.2915929162662889,-0.09768433142098115,9.32673364342025,-0.0011174197828198,-0.00028429777268815237,-0.002207568796077201
1778454754620731792,0.2891718843314519,-0.09409684789895273,9.326683314306573,-0.00036747361985348635,0.0003974714663721318,-0.002071214948265144
1778454754641144794,0.28683487841184685,-0.10248581391015499,9.327876211744117,-0.0015264813262559698,-0.0036249670440835456,0.000792215855788053
1778454754661626185,0.29288831469279175,-0.10846467276995869,9.329190100200636,-0.0013901274784439144,0.0021700714879288735,0.0004513312362579105
1778454754682061224,0.2757551527901221,-0.10962818613970465,9.306152020437827,0.0009960648582670838,-0.0004206516205002078,0.0003149773884458533
1778454754702534541,0.2784801743788514,-0.11447094277736025,9.326591425839545,-0.002685489032658455,-0.001988720870338863,0.0004513312362579105
1778454754722982395,0.278486070493264,-0.10610004492069774,9.330157829291664,-0.0007765351632896562,-0.0016478362508087208,-2.5907231084289217e-05
1778454754743568064,0.28066717809230946,-0.11681679298549039,9.311049070057589,-0.004049027510779023,0.0028518407269891577,0.0017466927904724518
1778454754763842603,0.29283241784299685,-0.12041384269973193,9.320840543967046,-0.0001629428481353997,0.0021018945640228492,-0.0013212687852988303
1778454754784242586,0.29267938583165864,-0.0928758516592953,9.320739047949864,-0.0013219505545378832,-0.0007615362400303499,-0.0017985072526410305
1778454754804704088,0.29035815738247706,-0.10724792751146461,9.32075491189087,-0.0020718967175041986,-0.0014433054790906341,0.0037920005076533068
1778454754825259979,0.29282500682598867,-0.10964833692650977,9.32439812167854,-0.002276427489222285,0.00019294069465405211,0.00011044661672776797
1778454754845686481,0.28100216322086025,-0.09535398044768995,9.342146182442612,-0.0021400736414102263,0.002306425335740936,-0.0010485610896747168
1778454754866244317,0.2867550356233226,-0.08811816641079673,9.327823257300372,-0.001458304402349942,-0.001988720870338863,-0.0025484534156073432
1778454754886756541,0.2963807961738729,-0.11082876850427642,9.320860876758658,-0.0007083582393836284,-0.0021932516420569495,0.0009967466275061384
1778454754907150173,0.2880346565794021,-0.09291539791880715,9.331456747577295,-0.0008447120871956856,0.002306425335740936,-0.0014576226331108875
1778454754927726712,0.297560613644297,-0.09766644063808905,9.3244281739809,-0.0026173121087524273,0.0010110637815263918,-0.002889338035137486
1778454754948092251,0.2903248895539252,-0.10126140772006537,9.320732847539308,-0.002549135184846396,0.001079240705432423,0.0011331004753181951
1778454754968505475,0.2843222114596605,-0.1012724786020931,9.320640121282455,-0.0020718967175041986,0.0016246560966806448,0.001337631247036281
1778454754988996459,0.27951170253083346,-0.10606373123997037,9.318185396062018,-0.0032990813478127115,-0.001102420859560492,0.0014058081709423095
1778454755009362090,0.2891142745939521,-0.11202571771926084,9.315957626728343,-0.003980850586872996,0.0022382484118349047,-0.00016226107889634597
1778454755029845889,0.28800119076574093,-0.11204498164782728,9.32193457071748,-0.0013901274784439144,-1.1590077064034532e-05,0.002564815877344794
1778454755050255946,0.2772229844589058,-0.11685412506859671,9.321785314936392,-0.0016628351740680287,-0.0017160131747147485,-0.00023043800280237456
1778454755070925597,0.2925909786046097,-0.10840670361261151,9.308805436782908,-0.0004356505437595141,-0.0020568977942448906,0.0007240389318820244
1778454755091135654,0.2772813516477034,-0.10849345706323082,9.328949011932817,-0.002549135184846396,0.002033717640116818,0.0020875774100025946
1778454755111632656,0.2843229689109583,-0.11084068041703538,9.317078130700649,-0.0004356505437595141,0.001079240705432423,-0.0016621534048289733
1778454755132122121,0.27836268254995844,-0.12162407697314964,9.315826022428505,-0.0017310120979740565,0.0009428868576203606,-0.001184914937486774
1778454755152486383,0.2878612679007141,-0.11201770204436978,9.312341787932668,-0.0021400736414102263,-1.1590077064034532e-05,-0.0013212687852988303
1778454755172919199,0.28920172638459385,-0.11204276747142178,9.32195311596885,-0.004798973673745339,-0.00035247469659417663,0.00011044661672776797
1778454755193367664,0.2846003443020092,-0.10730673769954302,9.337449555507439,-0.004117204434685055,0.0010110637815263918,0.0016103389426603948
1778454755213798852,0.29040891556915716,-0.1132378572532961,9.32197607409053,-0.0045262659781212244,0.00019294069465405211,0.001064923551412167
1778454755234270687,0.2781579369155329,-0.10364405789635872,9.308565242285212,-0.0024127813370343407,-0.0009660670117484366,-0.00043496877452046034
1778454755254643948,0.299904075144503,-0.1155908821055861,9.31373957690541,-0.0016628351740680287,-0.0005570054683122633,0.0002468004645398247
1778454755275107913,0.28430225076252946,-0.09768056672725356,9.320626882671519,0.001132418706079141,0.0006701791619962497,-0.0019348611004530868
1778454755295787564,0.2795592329272131,-0.09889695724245218,9.324154408080654,-0.004117204434685055,-0.0004206516205002078,0.00017862354063379613
1778454755316004288,0.2881677278936092,-0.11686147708440428,9.331545004983541,-0.00425355828249711,0.00019294069465405211,-0.0018666841765470582
1778454755336484253,0.29029751783978597,-0.08690399007200367,9.324277186639867,-0.0017991890218800842,0.0015564791727746205,-0.0011167380135807454
1778454755356907107,0.28794624935235313,-0.10844624987212337,9.31952313641034,-0.001458304402349942,0.001079240705432423,-0.0005031456984264889
1778454755377425553,0.2857151410179254,-0.1013077738804416,9.333848742862942,-0.00023111977204142917,0.0012155945532444784,-0.002957514959043515
1778454755397835370,0.29515782951888614,-0.10365056888143503,9.322014952133516,0.000587003314830914,0.0006020022380902185,-0.0007758533940506024
1778454755418705261,0.28915590887591913,-0.1132298415784051,9.318360235294856,0.0003824725431128273,-0.0006933593161243187,-0.0011167380135807454
1778454755439377152,0.28788883759996264,-0.10125901617201205,9.318297561340364,-0.0032309044239066838,0.0018973637923047626,0.0012012773992242237
1778454755459566876,0.29280086290215,-0.10844762301779776,9.323194610960126,-0.0011174197828198,0.00026111761856007637,0.001064923551412167
1778454755479992934,0.29382820782742436,-0.1024316094465354,9.313598309075124,-0.000640181315477599,-0.0005570054683122633,0.0008603927796940812
1778454755500394325,0.29526105877995135,-0.10965072847456303,9.326833407877483,0.00045064946701885676,-0.001102420859560492,-0.0017985072526410305
1778454755521433642,0.27614488134695137,-0.11688020889802761,9.330160454621733,-0.0009810659350077428,0.0033972561182373864,0.0022921081817206795
1778454755541238959,0.28440870781389516,-0.11683743005973124,9.320697488596515,-0.0005038274676655435,0.00012476377074802092,0.0012012773992242237
1778454755561681572,0.28198102231334776,-0.11205264257942288,9.320642746612524,0.0007233571626429694,0.00026111761856007637,0.00017862354063379613
1778454755582245889,0.30109795719764565,-0.11439136397090066,9.313753709286468,-0.0026173121087524273,-0.0029431978050232614,-0.00023043800280237456
1778454755602723039,0.2892751135925171,-0.10009700749208073,9.33150177005054,-0.002344604413128313,-0.0012387747073725475,0.0008603927796940812
1778454755623193263,0.27842200517516313,-0.0977155072623066,9.328927841351378,-0.0012537736306318555,-0.001102420859560492,-0.0013212687852988303
1778454755643603654,0.2747928286193557,-0.108480835663881,9.322916432189567,-0.0015946582501619976,-0.00035247469659417663,-0.001525799557016916
1778454755663977638,0.28800119076574093,-0.11204498164782728,9.32193457071748,0.001132418706079141,-0.0004206516205002078,-0.0014576226331108875
1778454755684496140,0.29023990810228617,-0.10483285989231178,9.313551499061637,-0.0020718967175041986,0.001420125324962565,-0.0016621534048289733
1778454755704872308,0.28666244516956607,-0.10604021633024047,9.314699374025937,-0.002685489032658455,0.00012476377074802092,-0.0007076764701445738
1778454755725314681,0.2807048271326782,-0.09529601129034271,9.321761519024884,-0.0002992966959474569,-0.00021612084878212118,-0.0005031456984264889
1778454755745762924,0.28935742672004405,-0.11805315691584642,9.330368865257121,0.00010976484748871293,-0.00021612084878212118,-0.0013212687852988303
1778454755766217278,0.28572920560064385,-0.11327058361194367,9.33029557802176,-0.0024809582609403684,-0.0006251823922182945,0.0022921081817206795
1778454755786694650,0.2950262731072746,-0.09884089334572249,9.314802713563658,-0.0004356505437595141,0.001420125324962565,4.2269692821739376e-05
1778454755807062208,0.2901716595574777,-0.09883952020004816,9.31113123901387,4.1587923582685205e-05,-0.0026023131854931193,-0.0009122072418626596
1778454755827548117,0.28562768922728365,-0.10129072412828066,9.327853253622434,-0.0009810659350077428,-0.0006251823922182945,0.002019400486096566
1778454755847946971,0.28920268182100095,-0.09649486576594463,9.3278912378953,-0.004458089054215197,0.0018291868683987314,-0.0018666841765470582
1778454755868395436,0.2796991557922399,-0.09892423684590967,9.333747190865466,-0.0024809582609403684,0.0009428868576203606,0.0018148697143784802
1778454755888877160,0.28440129679688697,-0.10607192428650908,9.324255066308009,-0.0011174197828198,0.0010110637815263918,0.0003831543123518819
1778454755909304422,0.29394988288302504,-0.09288727728461849,9.325553984593641,-0.0013901274784439144,-0.0011705977834665197,0.003314762040311107
1778454755929774109,0.2879787597296072,-0.10486456784858039,9.323107191343707,-0.00036747361985348635,-0.0012387747073725475,0.0016103389426603948
1778454755950228111,0.27598842356020326,-0.10130161763866069,9.325306695915268,0.0003142956192067996,0.002033717640116818,0.0028375235729689078
1778454755970787391,0.28919945403070046,-0.083338162026595,9.332639087714272,-0.001458304402349942,0.000465648390278163,0.0009967466275061384
1778454755991075170,0.28924336066656087,-0.11324689133056604,9.324355724535364,-0.0019355428696921397,-1.1590077064034532e-05,-0.00036679185061443175
1778454756011578228,0.2963923904175886,-0.11920307631137106,9.31849357115464,-0.0013219505545378832,0.004010848433391646,0.00017862354063379613
1778454756032000063,0.2916986158663568,-0.10727299293851655,9.330366239927052,-0.0004356505437595141,-0.0019205439464328351,-0.0011167380135807454
1778454756052420065,0.2783318850604093,-0.11922605910615774,9.314618098839778,0.0005188263909248845,0.0005338253141841942,-0.000844030317956631
1778454756072869327,0.27950676185282797,-0.09888672739115562,9.32055711453635,-0.0008447120871956856,-0.001579659326902693,0.0018830466382845088
1778454756093293199,0.30474044088487373,-0.10602064348588597,9.319773944188901,-0.0011174197828198,0.001079240705432423,-0.001184914937486774
1778454756113707423,0.29165013003357,-0.1299876686415119,9.318459105981967,0.000587003314830914,0.00012476377074802092,-0.000844030317956631
1778454756134160925,0.2891253093714794,-0.08571572019099377,9.326652424214387,-0.0032309044239066838,0.001420125324962565,0.0016103389426603948
1778454756154582928,0.2855392820002347,-0.11682157608159693,9.31591964245548,-2.658900032334252e-05,0.00298819457480122,-0.0014576226331108875
1778454756175014004,0.29174785915044144,-0.09412651905046354,9.33871138329033,-0.0024809582609403684,0.0007383560859022739,-0.002957514959043515
1778454756195495839,0.26982908969408115,-0.11085020078174107,9.310860098443692,0.0015414802495153125,0.001420125324962565,0.0029738774207809645
1778454756215909526,0.2854311120611641,-0.10364441263965413,9.313472905185842,0.0002461186953007701,-0.0004206516205002078,0.00011044661672776797
1778454756236404176,0.28557103492619096,-0.10367169224311162,9.323065687970653,-0.0005720043915715713,-0.001852367022526804,-0.0017985072526410305
1778454756257161567,0.28451536285037016,-0.11087818987178943,9.330268207029766,-0.003776319815154909,0.001692833020586676,0.0012694543231302523
1778454756277816106,0.2903266024416302,-0.09528170782953044,9.32310897888395,-0.003026373652188597,0.0008065330098083051,0.0006558620079759958
1778454756298636442,0.28792951644552256,-0.11801104173663352,9.31476204798043,-0.0011855967067258277,-0.000488828544406239,-0.00029861492670840315
1778454756319193351,0.2867673873183362,-0.10606067603283359,9.321893961114545,-0.0019355428696921397,0.0028518407269891577,0.0021557543339086227
1778454756340104724,0.27751271154497026,-0.13126269197314125,9.336227443557357,-0.0011174197828198,0.0008747099337143363,-0.00016226107889634597
1778454756361246856,0.29166953126451267,-0.09889527518098978,9.331534447682968,-0.0029581967282825694,-0.000488828544406239,0.0009967466275061384
1778454756385325988,0.29146877087168555,-0.10364016165849077,9.315963827138898,-0.0024127813370343407,0.0009428868576203606,0.0029738774207809645
1778454756403089063,0.27851591254640595,-0.12404596449316685,9.325427630953943,-0.0009128890111017134,-0.000488828544406239,0.0005876850840699673
